"","title","doi"
"1","Wrist rotation metrics as digital biomarkers for detecting physio-cognitive decline syndrome in older adults.","10.1016/j.exger.2025.112766"
"2","A Clinically Inspired Deep Learning Framework for Laryngeal Cancer Detection and Malignancy Transformation Risk Assessment.","10.1002/ohn.70075"
"3","Integrated clinicopathological-radiomic-blood model for glioma survival prediction via machine learning: a multicenter cohort study.","10.1007/s10143-025-03719-3"
"4","Integrated metabolomics and proteomics to screen early diagnostic biomarkers of venous thromboembolism following severe trauma: A retrospective study.","10.1016/j.injury.2025.112934"
"5","An integrated optimization and deep learning pipeline for predicting live birth success in IVF using feature optimization and transformer-based models.","10.1016/j.cmpb.2025.108979"
"6","Predictive value of biomarker signatures for suicide risk in hospitalised patients with major depressive disorders: a multicentre study in Shanghai.","10.1136/gpsych-2024-101957"
"7","Immune-related biochemical markers and 20-year incidence of atherosclerotic cardiovascular disease: the ATTICA study (2002-2022).","10.1016/j.atherosclerosis.2025.119212"
"8","Bypassing the Delay: Directing Pediatric Intussusception Cases to the OR Through Inflammatory Marker Assessment.","10.1002/wjs.12586"
"9","Developing risk prediction models for type 2 diabetes and assessing the role of circulating metabolic biomarkers in five independent Finnish cohorts with over 22,000 individuals.","10.1016/j.jclinepi.2025.111978"
"10","Prediction model and scoring system for in-hospital mortality risk in infants with heart failure aged 1-36 months: A retrospective case-control study.","10.1016/j.heliyon.2025.e42110"
"11","Does the SCOPE (Sclerosing Cholangitis Outcomes in PEdiatrics) index effectively predict later liver transplantation in children with sclerosing cholangitis?","10.1016/j.dld.2025.03.021"
"12","Validation of MitraScore in diverse mitral regurgitation subtypes: Insights from the OCEAN-mitral registry.","10.1016/j.ijcard.2025.133427"
"13","Bacteroides uniformis-generated hexadecanedioic acid ameliorates metabolic-associated fatty liver disease.","10.1080/19490976.2025.2508433"
"14","Development and Validation of a 7-Day Postoperative Sleep Disturbance Predictive Nomogram in Non-Cardiovascular Surgical Patients: A Prospective Cohort Study of 3851 Adults.","10.2147/NSS.S536630"
"15","Circulating urobilinogen augments inflammation and corticosteroid non-response in severe alcohol-induced hepatitis.","10.1016/j.ymthe.2025.06.041"
"16","Application of the 2HELPS2B score with short-duration EEG for seizure prediction in acute impaired consciousness: A multicenter study.","10.1016/j.jns.2025.125665"
"17","High-grade glioma: combined use of 5-aminolevulinic acid and intraoperative ultrasound for resection and a predictor algorithm for detection.","10.3171/2024.12.JNS242496"
"18","Predicting macrolide resistance in pediatric Mycoplasma pneumoniae pneumonia: A machine learning modeling study.","10.1007/s10096-025-05354-8"
"19","Integrated radiomics and deep learning model for identifying medullary sponge kidney stones.","10.3389/fmed.2025.1623850"
"20","Protect the pituitary stalks in craniopharyngioma resection by endoscopic endonasal approach.","10.1007/s40618-025-02616-2"
"21","Multi-level patterns predict cannabis use onset among youth.","10.1016/j.dcn.2025.101639"
"22","The Vellore Pain Impact Questionnaire (V-PIQ): Initial validation of a tool for assessing the impact of low back pain based on the brief ICF core set.","10.1177/02692155251337570"
"23","The impact of inflammatory markers on clinical outcomes in acute ischemic stroke patients following mechanical thrombectomy: A multicentre study.","10.1016/j.jns.2025.123587"
"24","Development and Validation of a Pathomics-Based Prognostic Model for Patients with Lung Adenocarcinoma Undergoing First-Line EGFR-TKI Therapy.","10.1245/s10434-025-17656-4"
"25","New composite phenotypes enhance chronic kidney disease classification and genetic associations.","10.1371/journal.pgen.1011718"
"26","Early response to vunakizumab and its baseline predictors in patients with moderate-to-severe plaque psoriasis: a post hoc analysis of a phase-III trial.","10.1080/09546634.2025.2564810"
"27","Host-derived Delta-like Canonical Notch ligand-1 in sepsis and septic shock: Infection site, pathogens and disease severity matter - Secondary analysis of data from a randomized controlled trial.","10.1016/j.jinf.2025.106458"
"28","Toxicophore-informed machine learning integrating Tox21 assay readouts for organ system-specific carcinogenicity prediction.","10.1016/j.envpol.2025.127519"
"29","Validation of a Novel Computational Fluid Dynamics Based Method for Assessing Intracoronary Flow: Combining Coronary Angiography and Fractional Flow Reserve.","10.1002/ccd.31498"
"30","Predicting Incident Type 2 Diabetes Using Wearable Activity and Polygenic Risk: A Survival-Modeling Study in All of Us.","10.1210/clinem/dgaf673"
"31","Validity and Discriminative Value of Activity Questionnaires in Youth with Type 1 Diabetes.","10.1159/000549282"
"32","The effect of pre-procedural anxiety level on the quality of upper GI endoscopy in non-sedated patients: ""can the need for sedation be predicted?"".","10.1177/17562848251333025"
"33","Association of Weight-Adjusted Waist Index with All-Cause and Cardiovascular Mortality in Patients with Chronic Obstructive Pulmonary Disease: A Retrospective Cohort Study.","10.2147/COPD.S545141"
"34","Time-resolved ADC analysis differentiates stable vs. progressive brain injury in post-cardiac arrest patients.","10.1016/j.resuscitation.2025.110837"
"35","3D-printed electrochemical loop-mediated isothermal amplification (E-LAMP): A miniaturized and portable platform to detect methicillin-resistant Staphylococcus aureus (MRSA).","10.1016/j.aca.2025.344455"
"36","Association between the body roundness index and female infertility: a cross-sectional study from NHANES.","10.3389/fendo.2025.1504878"
"37","Splenic switch-off in three-dimensional adenosine stress cardiac magnetic resonance perfusion for differentiating true-negative from potentially false-negative studies identified by fractional flow reserve.","10.1016/j.jocmr.2025.101933"
"38","Thrombospondin-2 is a performant biomarker of at-risk MASH and advanced MASH fibrosis in a large multicentre European cohort.","10.1136/gutjnl-2025-335598"
"39","A Deep Learning-Based Clinical Classification System for the Differential Diagnosis of Hip Prosthesis Failures Using Radiographs: A Multicenter Study.","10.2106/JBJS.24.01601"
"40","Impact of Pre-Suction Corneal Contact Area on Postoperative Refractive Outcomes in SMILE Surgery: A Retrospective Study.","10.2147/OPTH.S546189"
"41","How much information is needed to predict outcomes after cardiac arrest?","10.1016/j.resuscitation.2025.110775"
"42","Clinical Outcomes in a Multicenter Cohort Involving 919 Patients With Hypertriglyceridemia-Associated Acute Pancreatitis.","10.14309/ajg.0000000000003319"
"43","Enhanced diagnosis accuracy of tuberculous meningitis using mycolic and tuberculostearic acid via advanced mass spectrometry.","10.1016/j.jns.2025.123748"
"44","Predictive Model for Hypoglycaemia Risk in Type 2 Diabetes Mellitus Patients During the Peri-Colonoscopy Period: A Retrospective Cohort Study.","10.1111/jan.16806"
"45","Development and Validation of Time-to-Event Machine Learning Models for Predicting Disease-Free Survival in Patients with Locally Advanced Colorectal Cancer: A Multicenter Cohort Study.","10.1245/s10434-025-18815-3"
"46","The stereotactic radiosurgery-brain prognostic index (SRS-BPI): A novel prognostic index for SRS-eligible lung cancer patients with brain metastases.","10.1016/j.compbiomed.2025.110790"
"47","Clinical Impact of External Carotid Artery Remodeling Following Carotid Artery Stenting.","10.3390/jcm14186682"
"48","Prognostic value of blood-based biomarkers in multiple sclerosis patients in the absence of clinical relapses or new MRI lesions.","10.1177/17562864251374903"
"49","The Optimal Cutoffs of Liver Stiffness Measurement for Staging Fibrosis in On-treatment Patients With Chronic Hepatitis B.","10.1016/j.cgh.2025.05.029"
"50","ConvXGB: A novel deep learning model to predict recurrence risk of early-stage cervical cancer following surgery using multiparametric MRI images.","10.1016/j.tranon.2025.102281"
"51","Predicting Anterior Cruciate Ligament Reconstruction Revision Risk: An Enhanced Machine Learning Analysis of the Danish Knee Ligament Reconstruction Registry.","10.2106/JBJS.24.00821"
"52","Predicting the complexity of robotic liver surgery: a comparative analysis of the IWATE, Kawaguchi-Gayet, Hasegawa, Southampton, and Tampa scores.","10.1007/s00464-025-11859-2"
"53","Research on the predictive efficacy of MRI-based endplate bone quality and vertebral body bone quality scores for adjacent segment degeneration after lumbar spinal fusion.","10.1007/s00586-025-09239-4"
"54","Utility of Sepsis-induced Coagulopathy Among Disseminated Intravascular Coagulation Diagnostic Criteria: A Multicenter Retrospective Validation Study.","10.1055/a-2530-7553"
"55","A Nomogram for Predicting Pulmonary Complications Following Laparoscopic Surgery in Elderly Patients After the COVID-19 Pandemic.","10.2147/CIA.S515849"
"56","Prediction of antimicrobial resistance from MALDI-TOF mass spectra using machine learning: a validation study.","10.1128/jcm.01186-25"
"57","Contrast-enhanced MRI-based multi-parameter habitats radiomics models to predict early recurrence in early-stage hepatocellular carcinoma following curative resection.","10.1016/j.ejrad.2025.112560"
"58","Serum N-Glycans as Independent Predictors of Death: A Prospective Investigation in the AEGIS Cohort.","10.1016/j.mcpro.2025.101217"
"59","Multimodal deep-learning model using pre-treatment endoscopic images and clinical information to predict efficacy of neoadjuvant chemotherapy in esophageal squamous cell carcinoma.","10.1007/s10388-025-01106-x"
"60","An Easy and Quick Risk-Stratified Early Forewarning Model for Septic Shock in the Intensive Care Unit: Development, Validation, and Interpretation Study.","10.2196/58779"
"61","Application of Orofacial Muscle Strength Measurement to Screen for Penetration/Aspiration Risk in Older Adults With Sarcopenia: A Diagnostic Accuracy Study.","10.1111/joor.13933"
"62","Automated Creak Identifies Laryngeal Dystonia During Conversational Speech.","10.1002/lary.70332"
"63","A vision transformer-convolutional neural network framework for decision-transparent dual-energy X-ray absorptiometry recommendations using chest low-dose CT.","10.1016/j.ijmedinf.2025.105901"
"64","Development and validation of a nomogram for the prediction of metabolic syndrome in polycystic ovary syndrome in a Chinese population.","10.1080/14737159.2025.2579046"
"65","Assessment of a Zero-Shot Large Language Model in Measuring Documented Goals-of-Care Discussions.","10.1016/j.jpainsymman.2025.09.025"
"66","Necroptotic and Apoptotic Pathways in Sepsis: A Comparative Analysis of Pediatric and Adult ICU Patients.","10.3390/biomedicines13071747"
"67","Renal and Peripheral Blood Transcriptome Signatures That Predict Treatment Response in Proliferative Lupus Nephritis-A Prospective Study.","10.1111/imm.13891"
"68","The value of serial [⁶⁸Ga]Ga-FAPI-04 PET/CT in predicting pathological response and evaluating therapeutic efficacy to neoadjuvant chemotherapy in breast cancer.","10.1007/s00259-025-07444-3"
"69","Stratification of glioblastoma patient survival based on tumor core and edge metabolomic data.","10.3171/2025.3.JNS242330"
"70","Validation of Phase Angle Cutoff Values Derived From Bioelectrical Impedance Analysis for Sarcopenia Screening in Community-Dwelling Older Korean Adults.","10.1016/j.jamda.2025.105798"
"71","Habitat Radiomics Based on MRI for Predicting Metachronous Liver Metastasis in Locally Advanced Rectal Cancer: a Two‑center Study.","10.1016/j.acra.2025.02.046"
"72","Psychometric properties of the Federal Unit Scale for general psychopathology screening without iatrogenic effects.","10.1016/j.jpsychires.2025.02.057"
"73","Prediction of Sepsis after Endourologic Kidney Stone Surgery: A Machine Learning Approach.","10.1089/end.2024.0922"
"74","Artificial Intelligence Models for Diagnosing Pulpitis in Adults Using a Modified Wolters Classification: A Diagnostic Accuracy Study.","10.1111/iej.70055"
"75","Prognostic valule of vasoactive drug score, NT-proBNP, and blood lactate level at 6 h post-admission in adult sepsis patients:A single-center, retrospective study.","10.1016/j.cyto.2025.156891"
"76","CELL FREE DNA-BASED PREDICTION OF PROGNOSIS FOR PATIENTS ON VENO-ARTERIAL EXTRACORPOREAL MEMBRANE OXYGENATION.","10.1097/SHK.0000000000002569"
"77","Association between dietary inflammatory index and endometriosis in the US population: A cross-sectional study.","10.1016/j.exger.2025.112846"
"78","Anti-HBc IgM associates with acute flare and HBeAg/HBsAg loss in chronic hepatitis B patients with acute exacerbation.","10.1080/21505594.2025.2534078"
"79","Diagnostic Performance of Ultrasound-Derived Fat Fraction and Automated Point Shear Wave Elastography for Hepatic Steatosis and Fibrosis in Suspected Steatotic Liver Disease: A Prospective Multicenter Study.","10.1016/j.ultrasmedbio.2025.09.021"
"80","PLM-VF: A novel predictor for virulent proteins in bacterial pathogens based on multi-scale CNN and protein language models.","10.1016/j.ijbiomac.2025.146075"
"81","Roving histological imaging for navigation-confirmed glioma negative margin by handheld endomicroscopy: a parallel controlled study.","10.1097/JS9.0000000000002292"
"82","Distinguishing very high-risk patients among high-risk gastrointestinal stromal tumor cases: development and validation of a nomogram based on a multicenter population-based retrospective cohort study.","10.1080/07853890.2025.2520896"
"83","Explainable classification of Parkinson's disease with different motor subtypes by analyzing the synthetic MRI quantitative parameters of subcortical nuclei.","10.1016/j.ejrad.2025.112272"
"84","Identification of a Novel Pyroptosis-Related lncRNAs Prognosis Model and Subtypes in Ovarian Cancer.","10.1007/s43657-024-00173-x"
"85","MOCapsNet: Multiomics Data Integration for Cancer Subtype Analysis Based on Dynamic Self-Attention Learning and Capsule Networks.","10.1021/acs.jcim.4c02130"
"86","Enhancing diagnostic accuracy in liver transplant rejection: The role of imaging and clinical data.","10.1016/j.dld.2025.06.025"
"87","Predictors of improvement in heart failure with preserved ejection fraction after catheter ablation in patients with atrial fibrillation.","10.1016/j.hrthm.2025.02.021"
"88","Construction of diagnostic model and identification of key genes of bipolar disorder based on GA-KPLS.","10.1016/j.jad.2025.120197"
"89","Platinum free interval and clinical benefit of the second-line chemotherapy in recurrent uterine and ovarian carcinosarcoma: a retrospective cohort analysis.","10.3802/jgo.2025.36.e64"
"90","Diagnostic performance of Alzheimer's disease blood and CSF biomarkers in a Brazilian cohort with low educational attainment.","10.1038/s41380-025-03192-w"
"91","Comparative Study of Molecular Descriptors and AI-Based Embeddings for Toxicity Prediction.","10.1021/acs.chemrestox.5c00289"
"92","Muscle Quality Assessed by the Phase Angle Can Predict Renal Prognosis in Patients with Chronic Kidney Disease.","10.3390/jcm14165664"
"93","Analysis of Delirium Risk Assessment Tools for Prediction of Postoperative Delirium Following Lumbar Spinal Fusion.","10.1097/BRS.0000000000005271"
"94","Dual-task deep learning model for prediction of medulloblastoma molecular subgroups with preoperative brain MRI.","10.1007/s11547-025-02105-9"
"95","Prediction of mortality in heart failure by machine learning. Comparison with statistical modeling.","10.1016/j.ejim.2025.01.020"
"96","MemScreen: A smartphone application for detection of mild cognitive impairment: A validation study: Smartphone App for MCI Detection.","10.1016/j.tjpad.2025.100077"
"97","Sagittal FOCUS-MUSE Diffusion-weighted Imaging MRI Improves the Accuracy of Rectal Cancer Location: A Prospective Observational Study.","10.1016/j.acra.2025.05.050"
"98","Development and validation of deep learning model for detection of obstructive coronary artery disease in patients with acute chest pain: a multi-center study.","10.1007/s11547-025-02064-1"
"99","A generative adversarial optimization strategy for predicting counterfactual trajectories of grey matter atrophy.","10.1016/j.cmpb.2025.109095"
"100","Ultrasound hepatorenal index for the diagnosis of steatosis in patients with type 2 diabetes: a prospective validation study.","10.1007/s00330-025-11774-z"
"101","The added value of artificial intelligence using Quantib Prostate for the detection of prostate cancer at multiparametric magnetic resonance imaging.","10.1007/s11547-025-02017-8"
"102","Vision transformer-based multimodal fusion network for classification of tumor malignancy on breast ultrasound: A retrospective multicenter study.","10.1016/j.ijmedinf.2025.105793"
"103","A virtual knee replacement (vKR) multi-component endpoint for knee osteoarthritis based on patient-reported PROs: Data from the Osteoarthritis Initiative.","10.1016/j.joca.2025.08.001"
"104","NT-proBNP to guide risk stratification after cardiac rehabilitation in patients with ST-segment elevation myocardial infarction.","10.1016/j.ejim.2025.04.027"
"105","Predicting early hematoma enlargement in spontaneous intracerebral hemorrhage: Hypocalcemia, Hyperglycemia, and CT signs.","10.1016/j.jstrokecerebrovasdis.2025.108433"
"106","Deep learning for the prediction of acute kidney injury after coronary angiography and intervention in patients with chronic kidney disease: a model development and validation study.","10.1080/0886022X.2025.2474206"
"107","The two cut-offs approach for plasma p-tau217 in detecting Alzheimer's disease in subjective cognitive decline and mild cognitive impairment.","10.1002/dad2.70116"
"108","Development and validation of a predictive model for transfusion in major abdominal surgery: a multicentre retrospective study.","10.1016/j.bja.2025.05.048"
"109","The role of mitochondrial DNA copy number in spent culture medium in predicting outcomes of single blastocyst transfer.","10.1007/s10815-025-03507-4"
"110","Risk factors contributing to 30-day and 1-year mortality event scores following major lower extremity amputation for limb ischemia.","10.1016/j.jvs.2025.02.030"
"111","Adiponectin and HMW Oligomers in Relation to Inflammatory Markers in Crohn's Disease Patients.","10.3390/biomedicines13020273"
"112","Development and validation of a severity-focused score for the assessment of lateral epicondylitis using enhanced magnetic resonance imaging.","10.1016/j.jse.2025.01.052"
"113","[68Ga]Ga-FAPI-04 PET/CT in the evaluation of radiation-induced salivary gland injury in head and neck cancer.","10.1007/s00259-025-07486-7"
"114","Leveraging machine-learning techniques to detect recurrences in cancer registry data: A multi-registry validation study using German lung cancer data.","10.1016/j.ejca.2025.115604"
"115","Ultrasensitive eccDNA Detection for Tumor Diagnostics by Using CRISPR/Cas12a-Coupled Nested PCR.","10.1021/acs.analchem.5c02316"
"116","The Utility of a Prediction Model Using Neurological Examination Findings for Diagnosing Degenerative Cervical Myelopathy.","10.2106/JBJS.24.00098"
"117","Assessing sarcopenia: The JOHAS (Judgment of Objective Hyper-steatosis and Atrophy in Sarcopenia) index as a pragmatic surrogate for skeletal muscle index by bioimpedance analysis.","10.1016/j.clnu.2025.02.023"
"118","Interpretable machine learning of clinical MALDI-TOF spectra discriminates carbapenem-resistant Klebsiella pneumoniae while revealing phylogenetic heterogeneity that limits model generalizability.","10.1016/j.jmsacl.2025.11.003"
"119","Evaluating prediction of short-term tolerability of five type 2 diabetes drug classes using routine clinical features: UK population-based study.","10.1111/dom.16470"
"120","A nomogram model for predicting maternal cardiovascular complications and neonatal adverse outcomes in pregnant patients with pulmonary arterial hypertension.","10.1080/07853890.2025.2541093"
"121","Validity and reliability of the Italian version of the Mild Behavioral Impairment Checklist in cognitively unimpaired and mild cognitive impairment individuals.","10.1177/13872877251380299"
"122","A Practical CEUS TI-RADS Refer to Score and Grading of ACR TI-RADS (2017) for Thyroid Nodules.","10.1016/j.ultrasmedbio.2025.05.005"
"123","Risk Stratification for Cardiovascular Disease: A Comparative Analysis of Cluster Analysis and Traditional Prediction Models.","10.1093/eurjpc/zwaf013"
"124","Evaluation of Diagnostic Accuracy of Preoperative CT-Based Radiomics in Primary Retroperitoneal Sarcoma.","10.1245/s10434-025-18040-y"
"125","Clinical Utility of Frailty Scoring in Elderly Acute Myeloid Leukemia Patients Treated With Venetoclax and Hypomethylating Agents.","10.1111/ejh.70058"
"126","Developing a Simple Scoring System on CT Findings for Predicting Treatment Failure in Mycobacterium avium Complex Pulmonary Disease: The BCD (Bronchiectasis and Cavity Distribution) Score.","10.1093/ofid/ofaf565"
"127","Predicting Job Burnout Among Female Nurses in China With Machine Learning and Shapley Additive Explanations.","10.1155/jonm/2572646"
"128","Unsupervised Feature Selection-Driven Active Learning for Semi-Supervised Automatic ECG Analysis.","10.1109/JBHI.2025.3629804"
"129","Development and validation of a novel risk assessment model for accurate prediction of intraoperative hypothermia in adult patients undergoing different types of surgery: insights from a multicentre, retrospective cohort study.","10.1080/07853890.2025.2489749"
"130","Coronary Angiography-Derived Murray Law-Based Quantitative Flow Ratio (μQFR) After De Novo Drug-Coated Balloon Angioplasty.","10.1002/ccd.70150"
"131","Using Machine Learning Methods to Examine Turnover Rates in State Health Agencies.","10.1097/PHH.0000000000002251"
"132","A point-based cognitive impairment scoring system for southeast Asian adults.","10.1016/j.tjpad.2025.100069"
"133","Development and Validation of Nomogram to Predict Frailty for Older Patients Undergoing Abdominal Surgery.","10.2147/CIA.S545803"
"134","Machine Learning-Based Prediction of Determinants of Appropriate Complementary Feeding Practices Among Women With Children Aged 6-23 Months in Sub-Saharan Africa.","10.1002/fsn3.70837"
"135","Developing efficient predictive models for the diagnosis of VEXAS syndrome.","10.1016/j.semarthrit.2025.152796"
"136","Development and validation of nomograms of outcomes for first-line platinum-based chemotherapy for metastatic triple-negative breast cancer: patient-level analysis of five prospective clinical trials in China.","10.1177/17588359251395906"
"137","Automated Artificial Intelligence Mapping of Coronary Plaque Calcification: A Comparison with Manual Intravascular Image Analysis.","10.3390/jcm14228166"
"138","Lymph Nodal Yield and Prediction of Mortality in Oral Squamous Cell Carcinoma Patients.","10.1002/ohn.70040"
"139","Enhanced osteoporosis screening via multi-output deep learning: Segmentation and classification of metacarpal radiographs.","10.1016/j.ejrad.2025.112507"
"140","Predicting Semen Analysis Parameters from Testicular Ultrasonography Images Using Deep Learning Algorithms: An Innovative Approach to Male Infertility Diagnosis.","10.3390/jcm14020516"
"141","Enhancing breast cancer screening: Unveiling explainable cross-view contributions in dual-view mammography with Sparse Bipartite Graphs Attention Networks.","10.1016/j.compmedimag.2025.102620"
"142","Machine learning-based migraine analysis using retinal vessel diameters from optical coherence tomography: an alternative approach.","10.1007/s10072-025-08462-7"
"143","SCUBE-1 Levels and Their Relationship with Endothelial Dysfunction in Obstructive Sleep Apnea Syndrome Patients.","10.2147/NSS.S509757"
"144","Universal screening for congenital Cytomegalovirus infection using saliva from the neonate.","10.1016/j.jcv.2025.105800"
"145","Development and Validation of an Interpretable Machine Learning Model for Predicting Early Fusion After Anterior Cervical Discectomy and Fusion.","10.1097/BRS.0000000000005595"
"146","Construction and validation of nomogram prediction model for ketoacidosis in elderly diabetic patients based on baseline data and glycolipid metabolism.","10.1111/jdi.70058"
"147","Development of the Perihilar Cholangiocarcinoma Risk Estimation of Tumor Recurrence After Transplant (PRETREAT) Score.","10.1097/SLA.0000000000006815"
"148","Supersulfide metabolome of exhaled breath condensate applied as diagnostic biomarkers for esophageal cancer.","10.1111/cas.16430"
"149","A colorectal liver metastasis prediction model based on the combination of lipoprotein-associated phospholipase A2 and serum biomarker levels.","10.1016/j.cca.2025.120143"
"150","LINC00265 Serves as a Diagnostic and Prognostic Marker for Acute Ischemic Stroke and INHIBITS Disease Progression Through the miR- 155 - 5p/TRIM32 Axis.","10.1007/s12035-025-04973-8"
"151","Development and Multi-center validation of a machine learning Model for advanced colorectal neoplasms screening.","10.1016/j.compbiomed.2025.110066"
"152","The role of resistin and adiponectin ratios with uric acid in assessing metabolic syndrome in type 2 diabetes.","10.1007/s11010-024-05200-z"
"153","Objectively measured physical function predicts mortality in older adults with acute myeloid leukemia treated by lower-intensity therapy: A prospective cohort study.","10.1016/j.jgo.2025.102335"
"154","Developing a Risk Score for Predicting Multiple Revision Surgeries in Patients With Fracture-Related Infections.","10.5435/JAAOS-D-24-00494"
"155","Use of amide proton transfer (APT) imaging in the differentiation of pediatric low-grade brain tumors from tumor-like brain lesions.","10.1007/s00234-025-03582-5"
"156","Decoding Epigenetic Enhancer-Promoter Interactions in Periodontitis via Transformer-GAN: A Deep Learning Framework for Inflammatory Gene Regulation and Biomarker Discovery.","10.1016/j.identj.2025.103879"
"157","Assessing the effect of perfluoroalkyl and polyfluoroalkyl substances on cardiovascular-kidney-metabolic syndrome: Insights from an interpretable machine learning model.","10.1016/j.scitotenv.2025.180003"
"158","Predictive Value of Age, Creatinine, and Ejection Fraction I and II Scores for Postoperative Atrial Fibrillation in Isolated On-Pump Coronary Artery Bypass Grafting Surgery: A Multicenter Retrospective Study.","10.1159/000543188"
"159","Are the dominant-nondominant functional differences at 4.5 months after open Latarjet procedure better predictors for successful return to sport at 1 year postoperatively than the operated-nonoperated differences?","10.1016/j.jse.2024.12.046"
"160","Enhancing Survival Prediction After Venoarterial Extracorporeal Membrane Oxygenation Using Machine Learning.","10.1097/MAT.0000000000002475"
"161","Simultaneous free-breathing T1, T2, and T1ρ mapping for myocardial fibrosis detection in non-ischemic cardiomyopathy: A comparative study with conventional techniques.","10.1016/j.jocmr.2025.101982"
"162","The detection of apical radiolucencies in periapical radiographs: A comparison between an artificial intelligence platform and expert endodontists with CBCT serving as the diagnostic benchmark.","10.1111/iej.14250"
"163","Would Roussouly classification affect the diagnostic efficiency of vertebral bone quality score for assessing osteopenia or osteoporosis in lumbar degenerative disease?","10.1007/s00586-025-08760-w"
"164","Denosumab Dosage and Tooth Extraction Predict Medication-Related Osteonecrosis of the Jaw in Patients with Breast Cancer and Bone Metastases.","10.3390/cancers17132242"
"165","Emergency Department Serum Electrolyte Patterns in Paroxysmal Atrial Fibrillation.","10.1002/jcla.70030"
"166","Whole slide image-level classification of malignant effusion cytology using clustering-constrained attention multiple instance learning.","10.1016/j.lungcan.2025.108552"
"167","Model-based analysis of pulse transit time-derived features for the classification of obstructive and central apneas.","10.1109/TBME.2025.3622354"
"168","Prognostic impact of different lymph node staging systems in patients with esophageal squamous cell carcinoma.","10.1007/s00464-025-12408-7"
"169","Prognostic relevance of bone marrow immune cell fractions in newly diagnosed B-cell non-Hodgkin lymphoma patients.","10.1080/07853890.2025.2490825"
"170","Evaluating the performance of a multiparametric IgA assay for celiac disease diagnosis.","10.1515/cclm-2025-0705"
"171","The prognostic value of anti-gp210 and anti-centromere antibodies in patients with primary biliary cholangitis: Enhancing the prognostic utility on the GLOBE scoring system.","10.1016/j.dld.2024.12.024"
"172","A predictive model for early detection of concomitant pulmonary embolism in patients with deep vein thrombosis immediately upon hospital admission.","10.1016/j.jvsv.2025.102299"
"173","Deep Learning Models Based on Pretreatment MRI and Clinicopathological Data to Predict Responses to Neoadjuvant Systemic Therapy in Triple-Negative Breast Cancer.","10.3390/cancers17060966"
"174","A Novel Model Using ML Techniques for Clinical Trial Design and Expedited Patient Onboarding Process.","10.2147/CEOR.S479603"
"175","Prognostic circulatory signature metabolites of stable versus unstable angina: an application of NMR spectroscopy.","10.1152/ajpheart.00707.2024"
"176","Opportunistic prognostication by computerized tomography (CT) in the emergency department: analysis on 1920 patients and creation of a simple and fast scoring system.","10.1007/s11547-025-01986-0"
"177","Fibrosis-4plus score: a novel machine learning-based tool for screening high-risk varices in compensated cirrhosis (CHESS2004): an international multicenter study.","10.3350/cmh.2024.0898"
"178","Predicting early severe midline shift in acute ischemic stroke Within 24 h of endovascular thrombectomy.","10.1007/s00234-025-03818-4"
"179","Discriminative Ability of the Charlson Comorbidity Index for Long-Term Mortality in a General Population: Nationwide, Population-Based Study of 10 Million Adults in Sweden.","10.2147/CLEP.S568699"
"180","Prediction of Lymph Node Metastasis in Colorectal Cancer Using Intraoperative Fluorescence Multi-Modal Imaging.","10.1109/TMI.2024.3510836"
"181","Development and Validation of a Clinically Applicable Nomogram for Predicting Inferior Alveolar Nerve Injury After Mandibular Cystectomy.","10.1016/j.joms.2025.09.019"
"182","Automated Age and Sex Estimation From Dental Panoramic Radiographs.","10.1016/j.identj.2025.103967"
"183","Comparative Assessment of Risk Score Performance in Ruptured Abdominal Aortic Aneurysm Repair Risk Stratification.","10.1016/j.ejvs.2025.04.002"
"184","Association of CALLY index and CLR with COPD risk in middle-aged and older Americans: evidence from NHANES 2017-2020.","10.3389/fmed.2025.1535415"
"185","Composite endpoint for liver and colon simultaneous surgery: a proposed approach to reduce sample size of future clinical trials.","10.1016/j.gassur.2025.102262"
"186","Risk Stratification for the Prognosis of Patients With pT3aN0M0 Clear Cell Renal Cell Carcinoma.","10.1016/j.clgc.2025.102400"
"187","Ultrasensitive Electrochemical Screening of Circulating Tumor Cells Over Single-Atom Nanozyme Integrated 3D Nanoarray.","10.1002/smll.202409212"
"188","Multiparametric MRI-based machine learning system of molecular subgroups and prognosis in medulloblastoma.","10.1007/s00330-025-11385-8"
"189","Construction and validation of a risk prediction model for cognitive frailty in older patients with chronic heart failure.","10.1016/j.gerinurse.2025.103676"
"190","Development of a prognosis model for PARP inhibitor therapies based on multiple genomic alterations associated with homologous recombination deficiency in ovarian cancer.","10.1016/j.ijgc.2025.101987"
"191","Reducing Bias in the Evaluation of Robotic Surgery for Lung Cancer Through Machine Learning.","10.3390/cancers17203347"
"192","Development of a risk score predicting survival after adult heart transplantation in the United States.","10.1016/j.healun.2025.07.004"
"193","Predictive value of tumoral and peritumoral radiomic features in neoadjuvant chemotherapy response for breast cancer: a retrospective study.","10.1007/s11547-025-01969-1"
"194","A 3D deep learning model based on MRI for predicting lymphovascular invasion in rectal cancer.","10.1002/mp.17882"
"195","Prediction of clinical outcomes of immune checkpoint inhibitors in advanced head and neck cancer directly from histopathology slides using inferred transcriptomics.","10.1016/j.oraloncology.2025.107536"
"196","Hybrid transformer-based model for mammogram classification by integrating prior and current images.","10.1002/mp.17650"
"197","Prognostic value of preablative stimulated thyroglobulin and its decline after 131I therapy in differentiated thyroid cancer.","10.1080/07853890.2025.2573150"
"198","Inflammation and Thyroid Cancer: Deciphering the Role of Blood Immune Indexes.","10.3390/cancers17081363"
"199","Relative Biological Effectiveness Derived from NTCP Analysis of Carbon Ion vs. Photon Radiation Therapy in Locally Advanced Non-Small Cell Lung Cancer.","10.1016/j.ijrobp.2025.07.1420"
"200","A Fusion Deep Learning Model for Predicting Adverse Drug Reactions Based on Multiple Drug Characteristics.","10.3390/life15030436"
"201","MMFi-DPBML: Multi-molecular fingerprint feature fusion for predicting ingredient-target interactions in traditional Chinese medicine.","10.1016/j.jep.2025.120451"
"202","Adversarial Debiasing for Equitable and Fair Detection of Acute Coronary Syndrome using 12-Lead ECG.","10.1109/TBME.2025.3597527"
"203","Clinical utility of the Platelet-to-neutrophil ratio in differentiating sepsis from neonatal pneumonia: an observational study.","10.1080/07853890.2025.2531252"
"204","Evaluation of the Distress Thermometer in older patients with cancer.","10.1016/j.jgo.2025.102221"
"205","Nomogram for Predicting Severe Abdominal Pain During Percutaneous Radiofrequency Ablation for Hepatocellular Carcinoma: A Retrospective Study.","10.2147/JPR.S506099"
"206","Predicting Thoracolumbar Vertebral Osteoporotic Fractures: Value Assessment of Chest CT-Based Machine Learning.","10.1016/j.acra.2025.06.023"
"207","Assessment of influential factors and risk area prediction of scrub typhus in Gannan region, China, based on ecological niche modelling and geographical detector.","10.1016/j.actatropica.2025.107726"
"208","Analysis of Risk Factors and Prediction Model of Chromosomal Abnormalities in Embryos from Patients with Missed Miscarriage.","10.2147/IJWH.S548360"
"209","Mucin phenotype-based deep learning framework for intestinal metaplasia-carcinogenesis progression prediction.","10.1038/s41698-025-01224-w"
"210","Machine Learning-Based Prediction of IVF Outcomes: The Central Role of Female Preprocedural Factors.","10.3390/biomedicines13112768"
"211","The Femoral Head Edema Zone: A Novel Classification Scheme to Better Predict Osteonecrosis Progression.","10.1016/j.arth.2025.08.035"
"212","Machine learning-based 28-day mortality prediction model for elderly neurocritically Ill patients.","10.1016/j.cmpb.2025.108589"
"213","An interactive dynamic online nomogram for predicting the frailty trajectories among older people with chronic heart failure.","10.1016/j.jad.2025.04.033"
"214","Explainable feature selection combining particle swarm optimisation with adaptive LASSO for MRI radiogenomics: Predicting HPV status in oropharyngeal cancer.","10.1016/j.cmpb.2025.109204"
"215","Risk Factors and Predictive Model for Stress Hyperglycemia After Cardiac Surgery in Non-Diabetic Patients.","10.2147/JMDH.S515269"
"216","Comprehensive clinical scale-based machine learning model for predicting subthalamic nucleus deep brain stimulation outcomes in Parkinson's disease.","10.1007/s10143-025-03424-1"
"217","A self-cycling and self-verifying electrochemical and colorimetric dual-modal biosensor for oral squamous cell carcinoma (OSCC) saliva detection.","10.1016/j.bios.2025.118000"
"218","Dual-Vessel Microcirculation Imaging in Discriminating Non-Hodgkin Lymphoma Subtypes Using Super-Resolution Ultrasound: An Exploring Study.","10.1016/j.acra.2025.10.015"
"219","MPTN: A video-based multi-point tracking network for atrioventricular junction detection and tracking in cardiovascular magnetic resonance imaging.","10.1016/j.cmpb.2025.109048"
"220","Risk prediction model of pedicle screw loosening within 2 years after decompression and instrumented fusion surgery for degenerative lumbar disease.","10.1016/j.spinee.2025.01.033"
"221","An Efficient Dual-Sampling Approach for Chest CT Diagnosis.","10.2147/JMDH.S472170"
"222","A Clinical Prediction Model for Prognosticating Salvage of the Infected Implant in Alloplastic Breast Reconstruction.","10.1097/PRS.0000000000012349"
"223","Enhancing cardiovascular risk prediction in hypertensive adults: a 3PM-based evaluation of insulin resistance and arterial stiffness.","10.1007/s13167-025-00421-8"
"224","Lipoprotein Subfractions Predict All-cause and Cardiovascular Mortality in CKD Patients Undergoing Hemodialysis: A Prospective Cohort Study Based on NMR Metabolomics.","10.1007/s43657-024-00179-5"
"225","Profiling the Kidney Before the Incision: CT-Derived Signatures Steering Reconstructive Strategy After Off-Clamp Minimally Invasive Partial Nephrectomy.","10.3390/cancers17193236"
"226","A Priori Prediction of Breast Cancer Response to Neoadjuvant Chemotherapy Using CT Radiomics.","10.3390/cancers17162706"
"227","A prognostic gene model with psychological stress-related genes captures immune activation in breast cancer.","10.1016/j.breast.2025.104678"
"228","Study of AI algorithms on mpMRI and PHI for the diagnosis of clinically significant prostate cancer.","10.1016/j.urolonc.2025.05.007"
"229","Enhancing prediction of parenchymal hemorrhage type 2 after endovascular treatment in acute ischemic stroke using dual-phase CTA.","10.1016/j.ejrad.2025.112027"
"230","An explainable and comprehensive BI-RADS assisted diagnosis pipeline for mammograms.","10.1016/j.ejmp.2025.104949"
"231","Radiation-induced rhinosinusitis in patients with nasopharyngeal carcinoma.","10.1016/j.radonc.2025.110913"
"232","Diagnostic Accuracy of Contrast-Enhanced Ultrasound in Differentiating RCC from AML in Small Hyperechoic Renal Masses (≤ 3 cm): A Retrospective Single-Center Study.","10.1016/j.clgc.2025.102414"
"233","A preoperative prediction model for microvascular invasion in hepatocellular carcinoma based on inflammatory biomarkers.","10.1016/j.gassur.2025.102245"
"234","Prediction of thyroid malignancy risk using clinical and ultrasonography features and a machine learning approach.","10.1007/s00330-025-11434-2"
"235","Detection of Microscopic Glioblastoma Infiltration in Peritumoral Edema Using Interactive Deep Learning With DTI Biomarkers: Testing via Stereotactic Biopsy.","10.1002/jmri.70058"
"236","Machine learning based detection of true ventilatory restriction.","10.1016/j.rmed.2025.108314"
"237","Improving Deep Learning-Based Grading of Partial-thickness Supraspinatus Tendon Tears with Guided Diffusion Augmentation.","10.1016/j.acra.2025.04.072"
"238","Identification of Staphylococcus aureus spondylitis in patients with spinal infections using machine learning based on routine laboratory tests: a multicenter retrospective study.","10.1097/JS9.0000000000003035"
"239","Potential Distribution Prediction of Terminalia chebula Retz. in China Under Current and Future Climate Scenarios.","10.1002/ece3.70908"
"240","Prognostic significance of frailty in chronic subdural hematoma: implications for treatment selection in the era of middle meningeal artery embolization.","10.1007/s00234-025-03591-4"
"241","Using Digital Speech Markers to Classify Functional Speech Disorder: A Proof-of-Concept Pilot Study.","10.1002/mds.30256"
"242","The risk factors for relapse behavior in individuals with substance use disorders: An interpretable machine learning study.","10.1016/j.jad.2025.119520"
"243","Ionized calcium and PTH as predictors of hypoparathyroidism following total thyroidectomy.","10.1007/s00405-025-09205-2"
"244","Biparametric MRI-Based Habitat Analysis Integrated With Deep Learning for Predicting Clinically Significant Prostate Cancer in PI-RADS Category 3 Lesions.","10.1002/jmri.70205"
"245","Predicting Preoperative Deep Vein Thrombosis Using d-Dimer-to-Albumin Ratio Combined with Neutrophil-to-Lymphocyte Ratio in Older Patients with Hip Fracture.","10.2147/CIA.S523443"
"246","MRI-based scoring systems for selective lateral lymph node dissection in locally advanced low rectal cancer after neoadjuvant chemoradiotherapy.","10.1007/s00330-025-11439-x"
"247","Risk-Stratified Biologic Efficacy in Ulcerative Colitis: A Multicenter Machine Learning Study.","10.1093/ibd/izaf272"
"248","Externally validated digital decision support tool for time-to-osteoradionecrosis risk-stratification using right-censored multi-institutional observational cohorts.","10.1016/j.radonc.2025.110890"
"249","Investigation of commonly used assessment methods for predicting fall risk in the elderly.","10.1016/j.exger.2025.112784"
"250","Novel pre-spatial data fusion deep learning approach for multimodal volumetric outcome prediction models in radiotherapy.","10.1002/mp.17672"
"251","Analyzing Pain Patterns in Stroke Survivors in Outpatient Clinics: A Retrospective, Cross-Sectional, Observational Study.","10.2147/JPR.S520809"
"252","Utilizing 12-lead electrocardiogram and machine learning to retrospectively estimate and prospectively predict atrial fibrillation and stroke risk.","10.1016/j.compbiomed.2025.109871"
"253","Preliminary Evaluation of Radiomics in Contrast-Enhanced Mammography for Prognostic Prediction of Breast Cancer.","10.3390/cancers17121926"
"254","Rate of change in upper and lower motor neuron burden is associated with survival in amyotrophic lateral sclerosis.","10.1007/s00415-025-13052-w"
"255","A Nomogram for Preoperative Prediction of Tumor Aggressiveness and Lymphovascular Space Involvement in Patients with Endometrial Cancer.","10.3390/jcm14113914"
"256","Automatically Derived Unipolar Low-Voltage-Area Burden for Predicting Atrial Fibrillation Ablation Outcomes.","10.1016/j.cjca.2025.06.077"
"257","The value of Synthetic MRI in discriminating metastatic and non-metastatic lymph nodes in head and neck squamous cell carcinoma, compared with DWI and subjective experience.","10.1016/j.ejrad.2025.112048"
"258","Preoperative risk prediction of major cardiovascular events in noncardiac surgery using the 12-lead electrocardiogram: an explainable deep learning approach.","10.1016/j.bja.2025.07.085"
"259","Next-Day Serum Glial Fibrillary Acidic Protein Levels to Aid Diagnosis of Sport-Related Concussion.","10.1212/WNL.0000000000210308"
"260","Risk factors for corneal nerve fiber loss in Chinese patients with type 2 diabetes mellitus.","10.1016/j.diabres.2025.112304"
"261","Forecasting Spoken Language Development in Children With Cochlear Implants Using Preimplant Magnetic Resonance Imaging.","10.1001/jamaoto.2025.4694"
"262","Machine learning-based prediction of postpartum hemorrhage using maternal clinical and biochemical features.","10.1002/ijgo.70609"
"263","Magnetic susceptibility source separation for assessing motor and cognitive functions in Parkinson disease.","10.1016/j.parkreldis.2025.107989"
"264","Predictive Value of Quantitative ADC, SUVmax, and the SUVmax/ADC Ratio for Biological Behavior and Prognosis in High-Risk Prostate Cancer.","10.3390/jcm14207150"
"265","A nomogram for predicting tongue collapse in DISE based on UACT findings in OSA patients.","10.1007/s00405-025-09420-x"
"266","Integrating Multi-Modal Imaging Features for Early Prediction of Acute Kidney Injury in Pneumonia Sepsis: A Multicenter Retrospective Study.","10.1016/j.acra.2025.08.007"
"267","Interaction between coronary lesion complexity and coronary microvascular dysfunction in the prognosis of NSTEMI patients.","10.1007/s00392-025-02803-4"
"268","ITGA3-MET interaction promotes papillary thyroid cancer progression via ERK and PI3K/AKT pathways.","10.1080/07853890.2025.2483379"
"269","Predicting Radionecrosis After Stereotactic Radiation Therapy for Solitary Brain Metastases: External Validation of a Univariable Model and Development of a Multivariable Model.","10.1016/j.adro.2025.101871"
"270","Concordance Index-Based Comparison of Inflammatory and Classical Prognostic Markers in Untreated Hepatocellular Carcinoma.","10.3390/jcm14155514"
"271","First clinical investigation to predict lymphovascular and/or perineural invasion in gastric cancer using 18F-FAPI-42 PET/CT parameters.","10.1007/s00259-025-07325-9"
"272","GrimAge and GrimAge2 Age Acceleration effectively predict mortality risk: a retrospective cohort study.","10.1080/15592294.2025.2530618"
"273","Screening for obstructive sleep apnea in the resource-limited setting of the COVID-19 pandemic (SPARE study).","10.1016/j.sleep.2025.106559"
"274","ADNEX-AI: automated extraction of ultrasound predictors for interpretable ovarian cancer risk stratification.","10.1038/s41698-025-01215-x"
"275","Prediction of adverse pathology in prostate cancer using a multimodal deep learning approach based on [18F]PSMA-1007 PET/CT and multiparametric MRI.","10.1007/s00259-025-07134-0"
"276","Small-for-Gestational-Age Birth Weight Risk Stratification Using First-Trimester Fetal Cardiac Parameters.","10.1097/AOG.0000000000006040"
"277","A two-stage machine learning-based risk assessment model for intravenous thrombolysis in acute ischemic stroke (AIS): A multi-center modeling study of pooled datasets.","10.1016/j.ijmedinf.2025.106018"
"278","A new predictive factor for postoperative neurological deficits in patients with severe post-tuberculous kyphosis: the deformity angular distance ratio.","10.1007/s00586-025-08883-0"
"279","Right ventricular-pulmonary artery coupling assessed by two-dimensional strain predicts in-hospital complications in Takotsubo syndrome.","10.1016/j.ijcard.2025.133044"
"280","Association of urinary metal elements with sarcopenia and glucose metabolism abnormalities: Insights from NHANES data using machine learning approaches.","10.1016/j.ecoenv.2025.118469"
"281","Peri-Implantitis and Soft Tissue Dehiscence in a Turkish Population: Risk Indicators, Diagnostic Parameters and Biomarkers Discovery.","10.1111/jre.13422"
"282","Oncological outcomes of pathological extranodal extension (pENE) in oral squamous cell carcinoma (OSCC): A proposal to refine the current staging.","10.1016/j.oraloncology.2025.107281"
"283","Cardiometabolic-Kidney Indices and Machine Learning Model for Predicting All-Cause Mortality in Patients with Cardiovascular-Kidney-Metabolic Syndrome: A Longitudinal Cohort Study.","10.1159/000549578"
"284","Deep Learning-Enhanced Opportunistic Osteoporosis Screening in 100 kV Low-Voltage Chest CT: A Novel Way Toward Bone Mineral Density Measurement and Radiation Dose Reduction.","10.1016/j.acra.2025.07.060"
"285","Computed tomography-based absolute delta radiomics nomogram for predicting perineural invasion in hypopharyngeal squamous cell carcinoma.","10.1016/j.ejrad.2024.111912"
"286","Predicting Hepatic Decompensation in Patients With Metabolic Dysfunction Associated Steatotic Liver Disease-Related Cirrhosis: The ABID-LSM Model.","10.1111/apt.70215"
"287","Performance of electronic medical record tool in predicting 6-month mortality in hospitalized patients with cancer.","10.1002/jhm.70012"
"288","An informed machine learning based environmental risk score for hypertension in European adults.","10.1016/j.artmed.2025.103139"
"289","Mortality Prediction in Hospitalized COPD Patients Based on FEV1/FVC Severity Staging.","10.3390/jcm14217766"
"290","The Effect of a Kasai Procedure on Liver Transplantation in Children with Biliary Atresia: A Cohort Study.","10.3390/jcm14103328"
"291","Prediction of Work-relatedness of Shoulder Musculoskeletal Disorders as by Using Machine Learning.","10.1016/j.shaw.2025.01.003"
"292","The value of contrast-enhanced ultrasound in synovial pathotypes of rheumatoid arthritis: an exploratory study.","10.1007/s00330-025-11921-6"
"293","Augmented intelligence for multimodal virtual biopsy in breast cancer using generative artificial intelligence.","10.1016/j.jbi.2025.104971"
"294","Ultrasound Localization Microscopy for the Assessment of Microvascular Abnormalities in Transplant Renal Artery Stenosis.","10.1016/j.ultrasmedbio.2025.07.032"
"295","Ultrasound-based fat fraction for detection of hepatic steatosis and quantification of liver fat content using liver biopsy as the reference standard.","10.1007/s00330-025-12117-8"
"296","Systemic inflammatory indexes as predictors of 18-month mortality among cirrhotic patients receiving transjugular intrahepatic portosystemic shunt.","10.1080/07853890.2025.2575530"
"297","A machine-learning informed circulating microbial DNA signature for early diagnosis of esophageal adenocarcinoma.","10.1080/19490976.2025.2604334"
"298","The Simplified Edinburgh Criteria in Clinical Practice: A CT-Neuropathology Accuracy Study for Diagnosis of Cerebral Amyloid Angiopathy.","10.1212/WNL.0000000000214349"
"299","Mapping Intersubject Variability in Functional Connectivity in Gray and White Matter to Predict Suicide Risk Among Patients with Major Depressive Disorder.","10.1016/j.acra.2025.07.047"
"300","Developing an interpretable machine learning model for diagnosing gout using clinical and ultrasound features.","10.1016/j.ejrad.2025.111959"
"301","Risk Factors Associated With Osteochondral Fractures After Lateral Patellar Dislocation Based on Individual Factors.","10.1177/23259671251344923"
"302","External Validation of an Upgraded AI Model for Screening Ileocolic Intussusception Using Pediatric Abdominal Radiographs: Multicenter Retrospective Study.","10.2196/72097"
"303","Development and validation of the predictive scoring system for 90-day mortality in critical ill patients with exertional heatstroke.","10.1080/0886022X.2025.2525462"
"304","Integrated Assessment of Obesity Indices and Novel Inflammatory Biomarkers in Predicting the Severity of Obstructive Sleep Apnea.","10.3390/jcm15010273"
"305","An Exploratory Analysis of Continuous Glucose Monitoring Metrics in Relation to Prediabetes in Youths with Obesity.","10.1177/15209156251407959"
"306","Prediction of cardiovascular events by skin auto-fluorescence: the DIABAGE follow-up study.","10.1016/j.diabet.2025.101682"
"307","Heart allograft rejection: molecular diagnosis using intra-graft targeted gene expression profiling.","10.1093/eurheartj/ehaf949"
"308","Epigenome-wide association study identifies a specific panel of DNA methylation signatures for antenatal and postpartum depressive symptoms.","10.1016/j.jad.2025.04.083"
"309","Development of a machine learning predictive model for central venous catheter-associated thrombosis in patients undergoing abdominal surgery.","10.1111/nicc.13233"
"310","The value of CSF diagnostic and prognostic biomarkers in NMOSD and MOGAD in real-life use.","10.1016/j.msard.2025.106302"
"311","Number of Examined Lymph Nodes in the Highest Quartile Enhances Staging and Prognosis for Patients with Esophageal Cancer Receiving Neoadjuvant Therapy.","10.1245/s10434-025-18237-1"
"312","Susceptibility Changes on Preoperative Acetazolamide-Loaded 7T MR Quantitative Susceptibility Mapping Predict Post-Carotid Endarterectomy Cerebral Hyperperfusion.","10.3174/ajnr.A8692"
"313","Derivation and Validation of Risk Score Including Nutritional Status Among Patients With Chronic Limb-threatening Ischemia: Insight From I-PAD NAGANO Registry.","10.1177/15266028251314691"
"314","Validation of proposed imaging criteria for estimating vessels encapsulating tumor clusters in hepatocellular carcinoma at CT and gadoxetic acid-enhanced MRI.","10.1016/j.ejrad.2025.111936"
"315","Utility of cytomegalovirus (CMV) qualitative polymerase chain reaction from gastrointestinal biopsies in diagnosis of CMV gastrointestinal disease: A 10-year retrospective study.","10.1016/j.jcv.2025.105879"
"316","False-positive malaria rapid diagnostic tests are prevalent among children under 5 years of age in Uganda.","10.1093/infdis/jiaf604"
"317","Enhancement of Inpatient Mortality Prognostication With Machine Learning in a Prospective Global Cohort of Patients With Cirrhosis With External Validation.","10.1053/j.gastro.2025.07.015"
"318","Exploring vaccine safety and adverse events in major autoimmune diseases.","10.1016/j.autrev.2025.103857"
"319","Development and validation of a polysomnography-based nomogram for predicting amnestic mild cognitive impairment in middle-aged and elderly people.","10.1016/j.sleep.2025.106564"
"320","Research on the Precise Differentiation of Pathological Subtypes of Non-Small Cell Lung Cancer Based on 18F-FDG PET/CT Radiomics Features.","10.3390/cancers17203311"
"321","Eye Selection Criteria's Influence in the Value of Pituitary Macroadenoma Management Biomarkers: Preliminary Findings.","10.3390/jcm14134542"
"322","Integrated nomogram for predicting intracranial progression-free survival with EGFR-TKI combined with cranial radiotherapy: a multicenter study.","10.1007/s00330-025-12105-y"
"323","Human miRNA-disease Association Prediction Via Residual GraphSAGE With Nonlinear Adaptive Feature Fusion and Triplet Contrastive Learning.","10.1016/j.jmb.2025.169360"
"324","A Clinical Validation of a Diagnostic Test for Esophageal Adenocarcinoma Based on a Novel Serum Glycoprotein Biomarker Panel: PromarkerEso.","10.3390/proteomes13020023"
"325","Identification of A-to-I RNA editing profiles and their clinical relevance in pancreatic neuroendocrine neoplasms.","10.1016/j.pan.2025.09.006"
"326","IVIM-DWI-Based Radiomics for Lesion Phenotyping and Clinical Status Prediction in Relapsing-Remitting Multiple Sclerosis.","10.3390/jcm14196753"
"327","Machine Learning-Driven Identification of Exosome-Related Genes in Head and Neck Squamous Cell Carcinoma for Prognostic Evaluation and Drug Response Prediction.","10.3390/biomedicines13040780"
"328","Deep learning NTCP model for late dysphagia after radiotherapy for head and neck cancer patients based on 3D dose, CT and segmentations.","10.1016/j.radonc.2025.111169"
"329","Multiscale Fusion Models With Genomic, Topological, and Pathomic Features to Predict Response to Radiation Therapy for Non-Small Cell Lung Cancer Patients.","10.1016/j.labinv.2025.104204"
"330","Quantitative analysis of thecal sac volume and morphology as a diagnostic tool in intracranial hypotension.","10.1111/head.15014"
"331","Applying spectral analysis to the arterial pulse to discriminate cardiovascular side effects following administration of Moderna's mRNA-1273 vaccine.","10.1016/j.ejphar.2025.178269"
"332","A novel diagnostic score for diagnosing arginine vasopressin deficiency (central diabetes insipidus) or primary polydipsia with basal laboratory and clinical parameters: results from two international multicentre prospective diagnostic studies.","10.1016/S2213-8587(25)00053-1"
"333","Time to replace the oral glucose tolerance test for cystic fibrosis related diabetes first-step screening? Establishing glycemic tools relevant to cystic fibrosis.","10.1080/07853890.2025.2514787"
"334","Deep-Learning Method for the Diagnosis and Classification of Orbital Blowout Fracture Based on Computed Tomography.","10.1016/j.joms.2025.04.010"
"335","Distinct postoperative quality of life trajectories after surgery for degenerative cervical myelopathy: a multicenter prospective cohort study.","10.1016/j.spinee.2025.10.023"
"336","Construction of Intraoperative Blood Glucose Abnormality Risk Prediction Model and Nursing Strategies for Nondiabetic Elderly Patients.","10.1016/j.jopan.2025.07.004"
"337","Beyond nodules: body composition as a biomarker for future lung cancer.","10.1007/s00330-025-11735-6"
"338","Diagnostic Accuracy of Smart Supra Perimetry in Comparison With Standard Automated Perimetry in the Detection of Early Glaucoma.","10.1097/IJG.0000000000002596"
"339","Enhancing Early Keratoconus Detection With Multimodal Machine Learning: Integrating Tomography, Biomechanics, and Clinical Risk Factors.","10.1016/j.ajo.2025.08.035"
"340","A New Risk Prediction Tool for Bleeding and Adverse Cardiovascular Events in Patients with Pre-Existing Coronary Stents Undergoing Gastrointestinal Cancer Surgery.","10.2147/CIA.S516475"
"341","External validation of the Fetal Medicine Foundation model for preterm pre-eclampsia prediction at 11-14 weeks in an Australian population.","10.1111/aogs.70002"
"342","Clinical characteristics and prognostic analysis of patients with hydrocephalus after hypertensive cerebral haemorrhage: a retrospective case-control study.","10.1007/s10143-025-03220-x"
"343","Machine learning models of depression in middle-aged and older adults with cardiovascular metabolic diseases.","10.1016/j.jad.2025.119494"
"344","Cumulative frailty impact on unplanned hospitalization in older patients with cancer and excellent Eastern Cooperative Oncology Group performance.","10.1007/s00520-025-09580-w"
"345","Diagnostic and Prognostic Value of Systemic Inflammatory Markers and Serum Vitamin D in CRS.","10.1002/lary.70286"
"346","Prospective cohort study integrating plasma proteomics and machine learning for early risk prediction of prostate cancer.","10.1097/JS9.0000000000002805"
"347","The Development of an Ultrasound-Based Scoring System for the Prediction of Interstitial Pregnancy.","10.3390/jcm14124238"
"348","Do Birthweight-For-Gestational Age Centiles Predict Serious Neonatal Morbidity and Neonatal Mortality?","10.1111/ppe.70065"
"349","Au@Pt DNA Nanomachine Coupled with Photonic Crystal Microchip Enables High-Fidelity and Portable miRNA Detection.","10.1021/acs.analchem.5c02942"
"350","Oral and fecal microbiota as accurate non-invasive tools for detection of pancreatic cancer in the Chinese population.","10.1016/j.canlet.2025.217456"
"351","The National Early Warning Score (NEWS) Predicts the 28-Day Mortality in Patients With Severe Fever With Thrombocytopenia Syndrome: A Cross-Sectional Study.","10.1111/jocn.17713"
"352","Integrative Analysis of Fucosylated Tetra Glycoforms in Hepatocellular Carcinoma: A NanoLC-PRM-MS/MS and Machine Learning Approach.","10.1021/acs.jproteome.5c00626"
"353","Peak frequency analysis and functional substrate mapping to predict critical isthmus of atypical atrial tachycardia: Findings from a novel automated annotation algorithm to detect near-field signals.","10.1016/j.hrthm.2025.01.009"
"354","A renal biopsy-anchored multi-marker signature involving AOPEP SNP-driven splicing, miR-27b-3p and glycated albumin for stratifying renal damage in type 2 diabetes.","10.1016/j.diabres.2025.112460"
"355","Diagnostic model for COPD patients with nocardia infection: a study based on clinical features and risk factors.","10.1177/17534666251359139"
"356","Enhanced Risk Stratification in Infective Endocarditis Surgery: A Comprehensive External Validation of All Available Mortality Prediction Scores.","10.2147/CLEP.S566997"
"357","New insights on the use of mini nutritional assessment: Impact of alternative calf circumference cutoffs.","10.1016/j.clnu.2025.03.015"
"358","Preoperative systemic inflammatory biomarkers can improve recurrence prediction of non-muscle invasive bladder cancer after endoscopic resection - a prospective observational study.","10.5114/wo.2025.151064"
"359","TSH as a novel biomarker for recurrence of hypertriglyceridemia pancreatitis: a clinical predictive tool linking lipid dysregulation to inflammation.","10.1016/j.pan.2025.07.417"
"360","Validation of the 9th Tumor, Node, and Metastasis Staging System for Patients with Surgically Resected Non-Small Cell Lung Cancer.","10.1016/j.ejca.2025.115436"
"361","Your Patella Dislocated: Will It Happen Again? Key Magnetic Resonance Imaging Differences Between Patients With Multiple Patellar Dislocations and Patients With a One-Time Patellar Dislocation.","10.1177/23259671251356632"
"362","Dynamic prediction of reoffending in individuals given community sentences: Development and validation of a novel risk monitoring assessment tool (oxMore).","10.1037/lhb0000641"
"363","Salivary levels of amyloid beta reflect brain amyloid beta burden in cognitively-normal older adults.","10.1016/j.tjpad.2025.100216"
"364","The relationship between plasma sphingosine-1-phosphate, plasma apolipoprotein M, obesity, and the risk of incident type 2 diabetes: a prospective cohort study.","10.1038/s41366-025-01890-7"
"365","Development and internal validation of a diagnostic prediction model for life-threatening events in callers with shortness of breath: a cross-sectional study in out-of-hours primary care.","10.3399/BJGP.2024.0538"
"366","Altered perfusion in the locus coeruleus of patients with chronic migraine: a pilot 3D-PCASL study.","10.1007/s11682-025-01020-x"
"367","Leveraging Machine Learning and Real-World Data to Predict Chronic Obstructive Pulmonary Disease Exacerbations.","10.2147/COPD.S536395"
"368","Prediction of Early Recurrence After Bronchial Arterial Chemoembolization in Non-small Cell Lung Cancer Patients Using Dual-energy CT: An Interpretable Model Based on SHAP Methodology.","10.1016/j.acra.2025.07.039"
"369","Development and external validation of a machine learning model to predict the initial dose of vancomycin for targeting an area under the concentration-time curve of 400-600 mg∙h/L.","10.1016/j.ijmedinf.2025.105817"
"370","The value of MRI radiomics in distinguishing different types of spinal infections.","10.1016/j.cmpb.2025.108719"
"371","Machine learning prediction of perineural invasion in intrahepatic cholangiocarcinoma.","10.1016/j.ejso.2025.110203"
"372","Risk factors for Early (Three-Month) Postoperative Mortality in Metastatic Spine Tumor Surgery: A JASA Multicenter Prospective Study.","10.1097/BRS.0000000000005359"
"373","New approach to specific Alzheimer's disease diagnosis based on plasma biomarkers in a cognitive disorder cohort.","10.1111/eci.70034"
"374","Predicting survival outcomes in renal cell carcinoma spinal metastases: a multicenter evaluation of existing prognostic systems.","10.1016/j.spinee.2025.05.025"
"375","Cluster analysis of hepatocellular carcinoma prognosis using preoperative alpha-fetoprotein and des-gamma-carboxy prothrombin levels: a multi-institutional study.","10.1016/j.gassur.2025.101980"
"376","Comprehensive Non-invasive Versus Invasive Approach to Evaluate Cardiac Allograft Vasculopathy in Heart Transplantation: The CCTA-HTx Study.","10.1161/CIRCIMAGING.124.017197"
"377","Diagnostic validity of Handgrip strength for ICU-acquired weakness in Mexican population.","10.1016/j.jbmt.2025.09.025"
"378","Severity Indices of Diquat Poisoning for Triage and Prognosis in Acute Diquat Poisoning: A Multicenter Prospective Cohort Study.","10.1016/j.annemergmed.2025.02.022"
"379","Machine Learning-Based CT Radiomics Model to Predict the Risk of Hip Fragility Fracture.","10.1016/j.acra.2025.01.023"
"380","Best Machine Learning Model for Predicting Axial Symptoms After Unilateral Laminoplasty: Based on C2 Spinous Process Muscle Radiomics Features and Sagittal Parameters.","10.1177/21925682251366947"
"381","Validation of new predictors of mortality and BODE index variants in patients with COPD at moderate altitude.","10.1183/23120541.00333-2024"
"382","A 48-hour Symptom Threshold Predicts Perforated Appendicitis: Development of a Clinical Risk Model.","10.1002/wjs.70062"
"383","Deep learning-based post-hoc noise reduction improves quarter-radiation-dose coronary CT angiography.","10.1016/j.ejrad.2025.112232"
"384","Development and validation of a nomogram for cerebral hemorrhage in patients with carotid stenosis undergoing stenting: a multicenter retrospective study.","10.1136/jnis-2024-022022"
"385","Association between serum GFAP, BDNF and NfL levels and clinical symptoms in restless legs syndrome: a case-control study.","10.1016/j.sleep.2025.106694"
"386","Cutoff value for Pediatric Weakness Scale for diagnosis of pediatric weakness.","10.1016/j.joim.2025.11.002"
"387","Longitudinal twin growth discordance patterns and adverse perinatal outcomes.","10.1016/j.ajog.2024.12.029"
"388","Construction of a nomogram model for predicting residual or recurrent cervical intraepithelial neoplasia after the loop electrosurgical excision procedure.","10.1093/ajcp/aqaf125"
"389","Clinical Features and Physiological Signals Fusion Network for Mechanical Circulatory Support Need Prediction in Pediatric Cardiac Intensive Care Unit.","10.1109/JBHI.2024.3510217"
"390","Diagnostic Accuracy of Ultrasound in Carpal Tunnel Syndrome: Analysis of Established and Novel Parameters.","10.1093/bjr/tqaf292"
"391","Cognitive measures predict falls in Parkinson's disease: Insights from the CYCLE-II cohort.","10.1016/j.parkreldis.2025.107328"
"392","Spatiotemporal dynamics of computed tomography perfusion (CTP) parameters following aneurysmal subarachnoid hemorrhage (SAH).","10.1177/0271678X251361254"
"393","Multi-Centre External Validation of a Nomogram for 10-Year Periodontal Tooth Loss Prediction.","10.1111/jcpe.14143"
"394","Individual radiosensitivity testing in 2025: Current advances and future directions for personalized radiotherapy.","10.1016/j.critrevonc.2025.104948"
"395","Developing an accessible dementia assessment tool: Leveraging a residual network, the trail making test, and demographic data.","10.1177/13872877251359889"
"396","A quantitative SPECT/CT metric for diagnosing transthyretin cardiac amyloidosis: multicenter study on biopsy-confirmed cases.","10.1007/s00259-025-07294-z"
"397","Lymph Node Invasion Prediction in Prostate Cancer: A Comparative Machine-Learning Study.","10.1245/s10434-025-18761-0"
"398","Acute stroke risk prediction model based on dual-energy CTA-derived carotid plaque, perivascular adipose tissue characteristics, and serum lipid parameters: a dual-center study.","10.1007/s00234-025-03723-w"
"399","Development and validation of a risk-prediction model for adverse drug reactions in real-world cancer patients treated with anlotinib.","10.1177/20420986251328687"
"400","Thrombus Size Matters: A Risk Assessment Model for Predicting Pulmonary Embolism in Isolated Distal Deep Vein Thrombosis.","10.1016/j.acra.2025.04.057"
"401","Response inhibition deficits in unmedicated youth with ADHD: An ERP/sLORETA study.","10.1016/j.jad.2025.119880"
"402","Prognostic scores in patients with severe tricuspid regurgitation: An external validation study.","10.1111/eci.14379"
"403","Generation of explainable QSAR models for predicting chemical-induced urinary tract toxicity.","10.1016/j.fct.2025.115922"
"404","Development and Internal Evaluation of AI-Assisted Cervical Muscle-Based Scores (FUNC-RISK) in Head and Neck Cancer: A Pilot Study.","10.3390/cancers17243968"
"405","Visceral Adiposity Index Is Associated With Cardiometabolic Multimorbidity and Improves Risk Prediction: The English Longitudinal Study of Ageing.","10.1016/j.mayocp.2025.09.021"
"406","Benchtop Vis-NIR spectroscopy meets machine learning for multi-task analysis in Hongmeiren citrus: Geographical origin identification and antioxidant component quantification.","10.1016/j.foodchem.2025.145007"
"407","Contrast-enhanced subtraction CT accurately and reproducibly assesses fibrous cap status associated with symptomatic carotid stenosis.","10.1136/jnis-2025-023892"
"408","Effects of short-term climatic conditions on the risk of bovine respiratory disease in preweaned calves on California dairies.","10.1016/j.prevetmed.2025.106658"
"409","The impact of diabetes on Sepsis-induced cardiomyopathy.","10.1016/j.diabres.2025.112001"
"410","Salivary microbiome and serum metabolomics add to clinical biomarkers to predict 6-month hospitalizations in a multicenter cirrhosis outpatient cohort.","10.1097/HEP.0000000000001462"
"411","Synthetic MRI as a T2WI alternative in bp-MRI: comparable image quality and improved PI-RADS performance.","10.1016/j.ejrad.2025.112414"
"412","Bidimensional shear wave spleen elastography for diagnosis and grading of esophageal varices in children with portal hypertension.","10.1007/s00247-025-06351-x"
"413","Web-based machine learning application for ambulation prognosis in the rehabilitation phase of spinal cord injury: a retrospective multicenter cohort study.","10.1038/s41393-025-01157-y"
"414","Developing federated time-to-event scores using heterogeneous real-world survival data.","10.1016/j.compbiomed.2025.111084"
"415","Microsatellite-Stable Gastric Cancer Can be Classified into 2 Molecular Subtypes with Different Immunotherapy Response and Prognosis Based on Gene Sequencing and Computational Pathology.","10.1016/j.labinv.2025.104101"
"416","Prediction of Umami Peptides Based on a Large Language Model of Proteins.","10.1021/acs.jcim.4c02394"
"417","ASSESSMENT OF EARLY INDICATORS FOR SEPSIS DEVELOPMENT IN MULTIPLE TRAUMA PATIENTS-THE SEPSIS AS TRAUMA OUTCOME PREDICTION (STOP) SCORE.","10.1097/SHK.0000000000002626"
"418","Nomogram vs. Depth of invasion for predicting occult lymph node metastasis in cT1-2N0 buccal squamous cell carcinoma.","10.1016/j.oraloncology.2025.107206"
"419","Photoacoustic oxygenation imaging to identify ischemia/hypoxia injury and necrosis of intestine after acute intussusception: A comparative study with CDFI/CEUS.","10.1016/j.pacs.2025.100706"
"420","Predictive value of early postoperative copeptin after cardiac surgery: A two-centre prospective cohort study.","10.1097/EJA.0000000000002251"
"421","IsoPSA density improves risk stratification and biopsy decision-making for clinically significant prostate cancer.","10.1016/j.urolonc.2025.09.001"
"422","Prognostic value of red cell distribution width-to-albumin ratio in septic patients with malignancies: A retrospective cohort study based on the MIMIC-IV database.","10.1177/00368504251370990"
"423","Developing Predictive Models for Periodontitis Progression Using Artificial Intelligence: A Longitudinal Cohort Study.","10.1111/jcpe.14194"
"424","Mechanical power density, spontaneous breathing indexes, and weaning readiness following prolonged mechanical ventilation.","10.1016/j.rmed.2025.107943"
"425","Development and validation of an AI-driven radiomics model using non-enhanced CT for automated severity grading in chronic pancreatitis.","10.1007/s00330-025-11776-x"
"426","Unveiling sex difference in factors associated with suicide attempt among Chinese adolescents with depression: a machine learning-based study.","10.1080/09638237.2025.2478374"
"427","A New Instrument for Assessing Cognitive Decline and Dementia: Results on the Classification Accuracy of the MODEMM in a Romanian Clinical and Community Sample.","10.1177/10731911251389197"
"428","The associations of insomnia symptoms and clinical features as well as blood metabolic parameters in adolescents with major depressive disorders.","10.1007/s00406-025-02113-w"
"429","CLOX and neurotox: Utility of the clock drawing task in monitoring for immune effector cell-associated neurotoxicity syndrome following chimeric antigen receptor T-cell therapy.","10.1111/bjh.70044"
"430","Applicability of cCR assessment criteria in pMMR rectal cancer patients treated with neoadjuvant chemoradiotherapy combined with immunotherapy.","10.1097/JS9.0000000000002795"
"431","AttMVGraph: Attention-Based Multimodal Fusion and Variational Graph Learning for SM-miRNA Association Prediction.","10.1021/acs.jcim.5c02322"
"432","Insights From Inputs: Enhancing Revision Total Joint Arthroplasty Resource Allocation With Machine Learning Prediction.","10.1016/j.arth.2025.04.072"
"433","Diagnostic accuracy of screening questionnaires for obstructive sleep apnea in psychiatric patients.","10.1016/j.jpsychires.2025.04.026"
"434","Mixed-effects additive Bayesian networks for the assessment of ruptured intracranial aneurysms: Insights from multicenter data.","10.1016/j.compbiomed.2025.111380"
"435","Multimodal Data-Driven Explainable Prognostic Model for Major Adverse Cardiovascular Events Prediction in Patients With Unstable Angina and Heart Failure With Preserved Ejection Fraction: Multicenter, Cross-Regional Cohort Study.","10.2196/78402"
"436","Diffusion along Perivascular Spaces as a Marker for Glymphatic System Impairment in Huntington's Disease.","10.1002/mds.30194"
"437","AutoFRS: an externally validated, annotation-free approach to computational preoperative complication risk stratification in pancreatic surgery - an experimental study.","10.1097/JS9.0000000000002327"
"438","Prediction of NIHSS Scores and Acute Ischemic Stroke Severity Using a Cross-attention Vision Transformer Model with Multimodal MRI.","10.1016/j.acra.2025.05.031"
"439","Ventilation and Perfusion Defects on Phase-Resolved Functional Lung (PREFUL) MRI Predict Silicosis Progression: A Prospective Pilot Study.","10.1002/jmri.70183"
"440","Superior diagnostic performance of high frame rate Contrast-Enhanced ultrasound (HiFR-CEUS) for small focal liver lesions (≤3 cm): A multicenter study.","10.1016/j.ejrad.2025.112527"
"441","UBTF facilitates acute myeloid leukemia development and immune escape via PD-L1 regulation.","10.1016/j.intimp.2025.114433"
"442","Dental Composite Performance Prediction Using Artificial Intelligence.","10.1177/00220345241311888"
"443","Automated detection and recognition of oocyte toxicity by fusion of latent and observable features.","10.1016/j.jhazmat.2025.138411"
"444","Home-based urinary sodium monitoring via point-of-care testing for personalized diuretic titration in heart failure management: The EASY-STOP study.","10.1002/ejhf.3693"
"445","Integrating CT radiomics and clinical data with machine learning to predict fibrosis progression in coalworker pneumoconiosis.","10.3389/fmed.2025.1599739"
"446","Validation of the MASC-20 and Development of a Short Form to Assess Suicide Risk in Cancer Patients.","10.1016/j.jpainsymman.2025.06.001"
"447","Functional connectivity anomalies in medication-naive children with ADHD: Diagnostic potential, symptoms interpretation, and a mediation model.","10.1016/j.clinph.2025.04.011"
"448","Defining the Minimal Clinically Important Improvement, Substantial Clinical Benefit, and Patient Acceptable Symptom State for the iHOT-12, HOOS, and HOOSglobal in the Nonoperative Management of Nonarthritic Hip-Related Pain.","10.1177/03635465251325466"
"449","Prediction of Cardiovascular Events Using Fully Automated Global Longitudinal and Circumferential Strain in Patients Undergoing Stress CMR.","10.1161/CIRCIMAGING.125.018350"
"450","Heterogeneity in prognosis for early-stage hepatocellular carcinoma after hepatectomy: A multicenter analysis of 4,623 patients across five major staging systems.","10.1016/j.ejso.2025.110383"
"451","FEV1 and DLCO predicting general complications but not prolonged air leaks in pulmonary segmentectomy.","10.1177/17534666251341777"
"452","Ultrasound cardiac output monitoring compared to the renal angina index for early prediction of pediatric acute kidney injury.","10.1007/s00467-025-07055-y"
"453","Artificial intelligence-based multimodal framework for non-invasive detection of digital eye strain using thermal imaging and behavioral metrics.","10.1016/j.jtherbio.2025.104280"
"454","The Role of Machine Learning to Detect Occult Neck Lymph Node Metastases in Early-Stage (T1-T2/N0) Oral Cavity Carcinomas.","10.1002/hed.28189"
"455","High-fidelity telomerase activity assay based on light-triggered nucleic acid separation system for the diagnosis of bladder cancer.","10.1016/j.bios.2025.117355"
"456","Using Machine Learning to Predict the Prognosis of Cervical Cancer Patients with Lymph Node Metastasis: An Analysis Based on the SEER Database.","10.1007/s43032-025-01856-0"
"457","Infarct-Related Myocardial Resistance Before Reperfusion in Patients With Acute Myocardial Infarction to Predict Microvascular Injury and Clinical Outcomes.","10.1002/ccd.70338"
"458","Cerebrospinal Fluid Proenkephalin Predicts Striatal Atrophy Decades before Clinical Motor Diagnosis in Huntington's Disease.","10.1002/mds.70062"
"459","Anti-Acetylcholine Receptor Antibodies in Tear for the Diagnosis of Ocular Myasthenia Gravis.","10.1016/j.ajo.2025.05.013"
"460","Dementia and MCI Detection Based on Comprehensive Facial Expression Analysis From Videos During Conversation.","10.1109/JBHI.2025.3526553"
"461","Predictive Laboratory Markers for Gastrointestinal Complications in Children with Henoch-Schönlein Purpura.","10.2147/JMDH.S499808"
"462","Influencing Factors and Nomogram Model Construction of Cancer-related Fatigue in Primary Liver Cancer Patients Post-TACE Treatment.","10.1016/j.acra.2025.07.043"
"463","Predictive models to determine best strategy for metaphylaxis application in cattle at arrival to a feedyard.","10.1016/j.prevetmed.2025.106572"
"464","Does RSClin provide additional information over classic clinico-pathologic scores (PREDICT 2.1, INFLUENCE 2.0, CTS5)?","10.1016/j.breast.2025.104528"
"465","Identification of a gene signature and prediction of overall survival of patients with stage IV colorectal cancer using a novel machine learning approach.","10.1016/j.ejso.2025.109718"
"466","Machine learning improves post-transplantation HCC recurrence prediction.","10.1097/LVT.0000000000000685"
"467","Integration of Single-Cell Analysis and Bulk RNA Sequencing Data Using Multi-Level Attention Graph Neural Network for Precise Prognostic Stratification in Thyroid Cancer.","10.3390/cancers17142411"
"468","Clinical-radiomics nomogram construction from magnetic resonance imaging to diagnose osteoporosis: a preliminary study.","10.1007/s00586-025-08978-8"
"469","Predicting acute kidney injury in trauma using an extreme gradient boosting model.","10.1093/ckj/sfaf002"
"470","Magnetic Resonance Imaging (MRI)-Adapted Prostate Cancer Risk Tool Incorporating Cribriform and Intraductal Carcinoma.","10.1016/j.modpat.2025.100852"
"471","Personalized prediction of psoriasis relapse post-biologic discontinuation: a machine learning-driven population cohort study.","10.1080/09546634.2025.2480743"
"472","Machine learning models for enhanced diagnosis and risk assessment of prostate cancer with 68Ga-PSMA-617 PET/CT.","10.1016/j.ejrad.2025.112063"
"473","Advancing Non-Invasive Diagnosis of Oral Epithelial Dysplasia: Comparative Insights from In Vivo Optical Coherence Tomography and Histopathology.","10.3390/jcm14041118"
"474","Towards automating risk stratification of intraductal papillary mucinous Neoplasms: Artificial intelligence advances beyond human expertise with confocal laser endomicroscopy.","10.1016/j.pan.2025.05.011"
"475","Machine-Learning Models With Multiple Imputation With Sequential Nearest Neighbors Imputation for Predicting the Prognosis of Idiopathic Sudden Sensorineural Hearing Loss Patients.","10.1097/AUD.0000000000001711"
"476","Validity and Utility of a Risk Prediction Model for Wound Infection After Lower Third Molar Surgery.","10.1111/odi.15243"
"477","Control of dental calculus Prevents severe Radiation-Induced oral mucositis in patients undergoing radiotherapy for nasopharyngeal carcinoma.","10.1016/j.radonc.2025.110872"
"478","Asthma exacerbation comorbidity index (AECI): Predicting in-hospital adverse outcomes.","10.1016/j.rmed.2025.108024"
"479","Immunofluorescent analysis of exosomes using a microchip filled with transparent antibody-conjugated beads for breast cancer liquid biopsy.","10.1016/j.aca.2025.343743"
"480","Abdominal perfusion pressure is critical for survival analysis in patients with intra-abdominal hypertension: mortality prediction using incomplete data.","10.1097/JS9.0000000000002026"
"481","Development and Validation of a Novel Prediction Model for Hearing Loss From Cisplatin Chemotherapy.","10.1200/JCO-24-01861"
"482","Exploration of imaging and molecular biomarkers for differentiation of neuropathic corneal pain from dry eye syndrome.","10.1016/j.jtos.2025.08.002"
"483","Exosomal miR-182-5p is a potential diagnostic marker for malignant pleural effusion.","10.21037/tlcr-2024-1205"
"484","Leveraging Electronic Health Record Data and Up-to-Date Clinical Guidelines for High-Accuracy Clinical Diabetes Drug and Dosage Recommendation.","10.1055/a-2707-2862"
"485","The impact of clinical history on the predictive performance of machine learning and deep learning models for renal complications of diabetes.","10.1016/j.cmpb.2025.108812"
"486","Patient Personality Influences Early Overall Satisfaction Following Primary Total Hip and Knee Arthroplasty.","10.1016/j.arth.2025.03.083"
"487","A novel pN stage prediction model for resectable rectal adenocarcinoma based on preoperative MRI features and multiregional apparent diffusion coefficients.","10.1007/s00330-025-11528-x"
"488","Complication Trajectories in Total Pharyngolaryngectomy: Comprehensive Complication Index Analysis.","10.1002/lary.32149"
"489","Identification and discrimination of human keratinized tissues using ATR-FTIR and chemometrics.","10.1016/j.forsciint.2024.112356"
"490","Integrating CNN and Bi-LSTM for protein succinylation sites prediction based on Natural Language Processing technique.","10.1016/j.compbiomed.2025.109664"
"491","Classification of skeletal discrepancies by machine learning based on three-dimensional facial scans.","10.1016/j.ijom.2025.03.003"
"492","Intrapleural tissue plasminogen activator and deoxyribonuclease in complex pleural effusion and empyema, clinical outcomes, and predictors.","10.1177/17534666251343711"
"493","Online risk scores for pre- and postoperative prediction of early recurrence in hepatocellular carcinoma patients undergoing conversion liver resection after tyrosine kinase inhibitors and immune checkpoint inhibitors therapy.","10.1016/j.ejso.2025.110220"
"494","Predicting symptom worsening in remitted depression on maintenance pharmacotherapy using digital biomarkers: A prognostic modeling study using machine learning.","10.1016/j.jad.2025.119703"
"495","AI Predictive Model of Mortality and Intensive Care Unit Admission in the COVID-19 Pandemic: Retrospective Population Cohort Study of 12,000 Patients.","10.2196/70674"
"496","Development and calibration of the 2023 Australian cardiovascular disease risk prediction equations: a model updating study.","10.5694/mja2.52718"
"497","Exploring hypoxia- and cuproptosis-related biomarkers in periodontitis based on transcriptome and single-cell analysis.","10.1007/s00784-025-06677-8"
"498","Measuring High-sensitive Cardiac Troponin Concentrations Predicted Hospital Deaths in Children With Severe Coronavirus Disease 2019.","10.1097/INF.0000000000004964"
"499","Assessing children who are acutely ill in general practice using the National PEWS and LqSOFA clinical scores: a retrospective cohort study.","10.3399/BJGP.2023.0638"
"500","Comparative Analysis of 3 Machine Learning Methods for Identifying Minimal Predictors of Patellofemoral Instability Risk Factors.","10.1177/23259671251358390"
"501","Genomic and Clinical Predictors of Conversion in Initially Unresectable Colorectal Cancer Liver Metastases.","10.1245/s10434-025-17809-5"
"502","Convolutional neural network-based differentiation of intraocular inflammatory cells with ultrahigh-resolution OCT.","10.1364/BOE.575636"
"503","Spectral dual-layer detector CT-based radiomics-deep learning for predicting pathological aggressiveness of stage I lung adenocarcinoma: discrimination of precursor glandular lesions and invasive adenocarcinomas.","10.21037/tlcr-24-726"
"504","Speech-based digital cognitive assessments for detection of mild cognitive impairment: Validation against paper-based neurocognitive assessment scores.","10.1177/13872877251343296"
"505","A nomogram incorporating clinical and laboratory indicators for predicting metabolic dysfunction-associated fatty liver disease in newly diagnosed type 2 diabetes patients.","10.1111/jdi.70112"
"506","LI-RADS categories and clinicopathological features predict recurrence-free survival in patients with radical resected hepatocellular carcinoma.","10.1016/j.ejrad.2025.112535"
"507","PCSK9 is upregulated and correlated with more severe disease condition but fails to predict treatment outcomes in psoriasis patients.","10.1080/09546634.2025.2482867"
"508","Predictive Value of Preoperative Nutritional Risk Index for Screw Loosening After Lumbar Interbody Fusion in Elderly Patients With Lumbar Spine Diseases.","10.1111/os.14369"
"509","A Novel Two-step Classification Approach for Differentiating Bone Metastases From Benign Bone Lesions in SPECT/CT Imaging.","10.1016/j.acra.2025.06.010"
"510","Nomogram for predicting the efficacy of high-intensity focused ultrasound ablation for uterine fibroids based on oxytocin experimentation and ultrasonographic features: a retrospective single-center study.","10.1080/02656736.2024.2436602"
"511","THE VALUE OF HEPARIN-BINDING PROTEIN IN PREDICTING EARLY PNEUMONIA IN NEUROSURGICAL INTENSIVE CARE UNIT PATIENTS.","10.1097/SHK.0000000000002656"
"512","Predicting PROTAC off-target effects via warhead involvement levels in drug-target interactions using graph attention neural networks.","10.1016/j.csbj.2025.10.028"
"513","Magnitude and Impact of Hallucinations in Tabular Synthetic Health Data on Prognostic Machine Learning Models: Validation Study.","10.2196/77893"
"514","MRI-Based Quantification of Intratumoral Heterogeneity Predicts Response in Hepatocellular Carcinoma Treated with Atezolizumab-Bevacizumab and TACE/HAIC.","10.1016/j.acra.2025.06.025"
"515","The Hourly Apnea-Hypopnea Duration Better Correlates with OSA-Related Nocturnal Hypoxemia and Excessive Daytime Sleepiness Rather Than AHI.","10.2147/NSS.S505702"
"516","Establishing and validating models integrated with hematological biomarkers and clinical characteristics for the prognosis of non-esophageal squamous cell carcinoma patients.","10.1080/07853890.2025.2483985"
"517","Monitoring miR-29a for targeted therapy of cholangiocarcinoma based on a photoelectric sensor.","10.1007/s00604-025-07424-2"
"518","Validation and development of a refined M1 category for nasopharyngeal carcinoma based on the version-nine of AJCC/UICC TNM staging system in the immunotherapy era: A multicenter cohort study.","10.1016/j.ejca.2025.115305"
"519","Development and Validation of Machine Learning Models for Outcome Prediction in Patients with Poor-Grade Aneurysmal Subarachnoid Hemorrhage Following Endovascular Treatment.","10.2147/TCRM.S504745"
"520","Accuracy of determining gait independence using adductor pollicis muscle thickness and skeletal muscle mass index in community-dwelling older adults undergoing outpatient rehabilitation.","10.1007/s41999-024-01145-0"
"521","Magnetic Resonance Imaging Measurements of Maximum Thickness of Medial Meniscus Exceeding 10 mm Are Strongly Associated With Medial Meniscus Posterior Root Tear.","10.1016/j.arthro.2025.01.034"
"522","Using a machine learning analysis of socio-ecological and psychological factors to predict suicide risk among a nationally representative sample of Ghanaian adolescents.","10.1017/gmh.2025.10083"
"523","sFlt-1/PlGF Ratio Predicts Short-Term Maternal-Fetal Outcomes in Chinese Hypertensive Pregnancies: A Prospective Cohort Study.","10.1161/HYPERTENSIONAHA.125.25022"
"524","Comparison of Tricuspid Annular Plane Systolic Excursion to Pulmonary Artery Systolic Pressure Ratio Measured by Transthoracic Echocardiography and Right Heart Catheterization in Pulmonary Arterial Hypertension: Prognostic Implications.","10.3390/jcm14061968"
"525","Pan-cancer analysis implicates novel insights of cholesterol biosynthesis into immunotherapy response prediction and survival prognostication.","10.1016/j.compbiomed.2025.110859"
"526","Predicting lymphovascular invasion in stage IA lung adenocarcinoma: a CT-based classification and regression tree model.","10.1007/s00330-025-11593-2"
"527","Multi-positive contrastive learning-based cross-attention model for T cell receptor-antigen binding prediction.","10.1016/j.cmpb.2025.108797"
"528","Profiling of Diagnostic Value of Serum CysC, β2-MG and α-Klotho in Early Acute Kidney Injury Caused by Acute Myocardial Infarction.","10.1002/ccd.31535"
"529","Radiogenomic insights suggest that multiscale tumor heterogeneity is associated with interpretable radiomic features and outcomes in cancer patients.","10.1016/j.compmedimag.2025.102586"
"530","Improving prediction of fragility fractures in postmenopausal women using random forest.","10.1016/j.compbiomed.2025.110666"
"531","Ability of triglyceride-glucose indices to predict metabolic dysfunction associated with steatotic liver disease in pediatric obesity.","10.1002/jpn3.70201"
"532","Construction and validation of a nomogram prediction model for death risk in patients with chronic obstructive pulmonary disease complicated by hypercapnic respiratory failure in the intensive care unit.","10.1016/j.rmed.2025.108188"
"533","A Novel Presurgical Risk Prediction Model for Chronic Post-Surgical Pain in Adults Undergoing Surgical Procedures: Development and Internal Validation of the P4-Prevoque Questionnaire [PERISCOPE Trial].","10.2147/JPR.S525692"
"534","Maternal liver fibrosis indices as predictors of adverse perinatal outcomes in patients with gestational diabetes mellitus.","10.1007/s00592-025-02547-7"
"535","Amygdala Connectivity Alterations in High Myopia: A Resting-State fMRI Study with SVM-Based Classification.","10.2147/OPTH.S543962"
"536","Normalizing spinal cord compression measures in degenerative cervical myelopathy.","10.1016/j.spinee.2025.03.012"
"537","Blood Circulating LncRNAs: SNHG5 and ZFAS1 as Biomarkers Reflecting Cachexia Incidence in Chronic Heart Failure Patients.","10.1016/j.tjnut.2025.01.019"
"538","Reduced appetite after body contouring is associated with low glucose-dependent insulinotropic polypeptide levels.","10.1016/j.bjps.2025.10.020"
"539","Risk Assessment of Serum Biomarkers with Perioperative Neurocognitive Dysfunction in Elderly Patients Undergoing Thoracic Surgery: A Prospective Cohort Study.","10.1007/s10571-025-01636-z"
"540","Shear wave elastography values in endometrioma: Clinical findings and machine learning-based prediction models.","10.1002/ijgo.70159"
"541","Development of novel serum peptide biomarkers for screening pancreatic cancer.","10.1007/s00535-025-02314-z"
"542","Novel CAC Dispersion and Density Score to Predict Myocardial Infarction and Cardiovascular Mortality.","10.1161/CIRCIMAGING.125.018059"
"543","Head Angulation in Cone-beam Computed Tomography Acquisition: Effect on the Diagnostic Accuracy of Vertical Root Fracture Detection.","10.1016/j.joen.2025.05.020"
"544","Machine learning algorithms to predict the risk of hyperlipidemia in people with HIV after starting HAART for 6 months.","10.1097/QAD.0000000000004244"
"545","RPD: Regional Prior Distillation for Breast Cancer Diagnosis in Ultrasound Images.","10.1109/JBHI.2025.3595196"
"546","Toward a Universal Map of EEG: A Semantic, Low-Dimensional Manifold for EEG Classification, Clustering, and Prognostication.","10.1002/ana.27260"
"547","Prognostic value of left atrial stiffness index in adults with repaired coarctation of aorta.","10.1093/ehjci/jeaf330"
"548","Risk Factors for Histologic Chorioamnionitis Among Women with Prenatal Fever During Preterm Delivery: A Retrospective Cohort Study.","10.2147/IJWH.S542606"
"549","Galactomannan detection in sputum samples of patients with chronic obstructive pulmonary disease: A promising marker for diagnosis of chronic pulmonary aspergillosis?","10.1016/j.jiph.2025.102790"
"550","Interpretable machine learning model for prediction functional cure in chronic hepatitis B patients receiving Peg-IFN therapy: A multi-center study.","10.1016/j.ijmedinf.2025.105916"
"551","Predicting Differential Renal Function in Children With Vesicoureteral Reflux Using Ultrasound.","10.1097/JU.0000000000004858"
"552","Development and Validation of a Neonatal Hypothermia Prediction Model for In-Hospital Transport Using Machine Learning Algorithms: A Single-Center Retrospective Study.","10.2147/JMDH.S517499"
"553","Intestinal ultrasound measurement of bowel wall thickness can be used as a sole marker for defining anti-TNF maintenance therapy failure in Crohn's disease.","10.1177/17562848251343008"
"554","Derivation and Internal Validation of a Clinical Prediction Model for Diagnosis of Spotted Fever Group Rickettsioses in Northern Tanzania.","10.1093/ofid/ofaf100"
"555","Artificial Intelligence in CT Angiography for the Detection of Coronary Artery Stenosis and Calcified Plaque: A Systematic Review and Meta-analysis.","10.1016/j.acra.2025.03.054"
"556","Development and validation of growth prediction models for multiple pulmonary ground-glass nodules based on CT features, radiomics, and deep learning.","10.21037/tlcr-24-1039"
"557","Dominant or nondominant leg, which one is used to recover balance after a simulated slip during standing?","10.1016/j.gaitpost.2025.04.028"
"558","Predictors of Atrial Fibrillation in Heart Failure Patients with Indications for ICD Implantation.","10.3390/jcm14124358"
"559","Forecasting Hospitalization for Adult Asthma Patients in Emergency Departments Based on Multiple Environmental and Clinical Factors.","10.2147/JAA.S512405"
"560","Machine Learning to Predict Early Death Despite Pancreaticoduodenectomy.","10.1016/j.jss.2025.03.047"
"561","Evaluation of Clinical Tests to Diagnose Iliopsoas Tendinopathy.","10.1097/CORR.0000000000003520"
"562","Prediction and explanation of the increase in suicide risk of emerging adults: A comprehensive approach combining logistic regression, glasso network analysis, and Bayesian networks.","10.1016/j.jad.2025.04.171"
"563","Lifestyle-associated metabolite signatures and the risk of late-onset asthma.","10.1016/j.jaci.2025.09.020"
"564","The possibility of using the APACHE II score in prognosis of the development of postoperative complications in the elderly with hip fractures.","10.1007/s00590-025-04302-8"
"565","Early Prediction of Radiation Pneumonitis in Patients With Lung Cancer Treated With Immunotherapy Through Monitoring of Plasma Chemokines.","10.1016/j.ijrobp.2025.02.011"
"566","Obesity Limits Utility of Vertebral Bone Quality Score for Opportunistic Osteopenia/Osteoporosis Screening in Cervical Surgery Patients.","10.1177/21925682251325181"
"567","The Neglected Parameter: Tricuspidal E Wave Deceleration Time as Predictor of Atrioventricular Synchrony in VDD Leadless Pacemakers.","10.1111/jce.16613"
"568","Integrative modeling of longitudinal cell-free DNA and tumor volume dynamics: a multimodal quantitative prognostic framework.","10.21037/tlcr-2025-940"
"569","Quantitatively assessing daily functional impairment in dementia by imaging cerebrovascular correlates.","10.1177/13872877251333086"
"570","Optimizing CTP in Posterior Circulation Infarction (POCI): A Comprehensive Analysis of CTP Postprocessing Algorithms for POCI.","10.3174/ajnr.A8833"
"571","Automated Speech Analysis to Differentiate Frontal and Right Anterior Temporal Lobe Atrophy in Frontotemporal Dementia.","10.1212/WNL.0000000000213556"
"572","Could Right Coronary Artery-Aorta Angle be Used to Predict Atherosclerotic Lesion Localization in Critical Site of the Right Coronary Artery in Patients With Right Dominancy?","10.1002/ccd.31532"
"573","The concise machine learning prediction models for suicide attempt in China: Based on demographic and social factors.","10.1016/j.jad.2025.119634"
"574","Multimodality Ultrasound Utilizing Microvascular Flow Imaging and Shear Wave Elastography to Guide Fine-Needle Aspiration of Thyroid Lesions: A Prospective Study Validating Pattern-Based Microvascular Classification.","10.1089/thy.2024.0586"
"575","Improving preventive screening efficiency: A population-based model of age-specific mammographic density for breast Cancer detection in Saudi Arabia.","10.1016/j.pmedr.2025.103321"
"576","Influencing and predictive factors of the decrease in the triglyceride-glucose index following sleeve gastrectomy.","10.1016/j.soard.2025.07.014"
"577","Prognostic Value of Main Pulmonary Artery Diameter in Pulmonary Arterial Hypertension.","10.1016/j.chest.2025.02.012"
"578","Application of systemic immune-inflammation index in survival prediction after radical resection of gallbladder cancer: A multicenter retrospective clinical study.","10.1016/j.ejso.2025.110267"
"579","Predicting patients with poor functional outcome after spontaneous aneurysmal subarachnoid hemorrhage: the predicting subarachnoid hemorrhage long-term outcome score.","10.3171/2025.2.JNS242210"
"580","Clinical Utility of Salivary Steroid Profiling for the Differential Diagnosis of Adrenal Diseases.","10.1210/clinem/dgaf499"
"581","Deep Learning for Diagnosis of Tinea Corporis and Tinea Cruris.","10.1177/12034754251391809"
"582","Early MRI-Derived Volumetric Thresholds Predict Response and Guide Personalization in HER2-Positive Breast Cancer: A Retrospective Study.","10.3390/biomedicines13122906"
"583","Adding social determinants of health to the equation: Development of a cardiometabolic disease staging model using clinical and social determinants of health to predict type 2 diabetes.","10.1111/dom.16241"
"584","Artificial intelligence for early detection of lung cancer in GPs' clinical notes: a retrospective observational cohort study.","10.3399/BJGP.2023.0489"
"585","Beyond Time-Based Billing: An AI-Enabled Complexity Model for Secure Message Reimbursement.","10.1177/15305627251377376"
"586","Deep learning algorithm assisting diagnosis of prostate cancer extracapsular extension based on [18F]PSMA-1007 PET/CT and multiparametric MRI: A multicenter study.","10.1038/s41391-025-01063-7"
"587","Prognostic Models for Overall and Disease-Specific Survival in Palate Squamous Cell Carcinoma: Implications for Postoperative Radiotherapy.","10.1002/hed.28172"
"588","Which grading system better predicts 28-day mortality in nontraumatic subarachnoid hemorrhage: Traditional clinical scores or combined grading systems?","10.1111/acem.15121"
"589","Psychometric validation of comprehensive coordination scale to assess the advanced coordination ability in people with stroke.","10.23736/S1973-9087.25.08784-2"
"590","Predicting intraoperative blood loss risk in severe lumbar disc herniation patients undergoing PLIF: a multicenter cohort study using ensemble learning.","10.1097/JS9.0000000000002730"
"591","Predicting carotid in-stent restenosis with dual-energy CT: a multicenter study.","10.1007/s00330-025-12109-8"
"592","Predictive modelling for prostate cancer aggressiveness using non-invasive MRI techniques.","10.1016/j.radi.2025.102961"
"593","Artificial intelligence-powered copilots for precision diagnosis and surgical assessment of histological growth patterns in resectable colorectal liver metastases: a prospective study.","10.1097/JS9.0000000000002922"
"594","A Nomogram to Predict the Histologic Grade in Patients With Soft Tissue Sarcoma Based on the Contrast-Enhanced Ultrasound.","10.1016/j.ultrasmedbio.2025.08.004"
"595","Identification of ferroptosis-related genes as diagnostic biomarkers and therapeutic targets in sorafenib-resistant HCC via machine learning and experimental validation.","10.1016/j.intimp.2025.115557"
"596","Expression of miR-339-3p and OPRM1 in relation to sperm function in male infertility.","10.1111/andr.70121"
"597","Blood Immunophenotyping in Prediction of Gestational Hypertensive Conditions.","10.3390/biomedicines13123122"
"598","Early prediction of septic shock in ICU patients using machine learning: development, external validation, and explainability with SHAP.","10.1016/j.ijmedinf.2025.106169"
"599","Defining the Optimal Radiation-induced Lymphopenia Metric to Discern Its Survival Impact in Esophageal Cancer.","10.1016/j.ijrobp.2024.12.014"
"600","Predicting textbook outcome after pancreaticoduodenectomy for invasive intraductal papillary mucinous neoplasm: An international validation cohort study.","10.1016/j.surg.2025.109656"
"601","Interpretable LLM-Based Detection of Loose Associations Using Synthetic Speech Data in Early Psychosis.","10.1093/schbul/sbaf125"
"602","Nomogram as a novel predictive tool for postoperative pneumonia after endoscopic submucosal dissection for superficial esophageal carcinomas: a multicenter retrospective study.","10.1007/s00464-024-11473-8"
"603","Differential Expression of Disulfidptosis-Related Genes in Spinal Cord Injury and Their Role in the Immune Microenvironment.","10.1007/s12035-025-04931-4"
"604","Beyond TNM staging: Machine learning of individualized colon cancer outcomes.","10.1016/j.surg.2025.109571"
"605","MRI Radiomics and Automated Habitat Analysis Enhance Machine Learning Prediction of Bone Metastasis and High-Grade Gleason Scores in Prostate Cancer.","10.1016/j.acra.2025.05.059"
"606","Factors Influencing Chronic Pain After Hysterectomy for Uterine Fibroids: Development and Validation of a Nomogram Prediction Model.","10.2147/JPR.S523744"
"607","Clinical diagnosis of cerebral amyloid angiopathy related hemorrhage in China: Simplified Edinburgh criteria and Boston criteria version 2.0.","10.1177/23969873241309513"
"608","Construct validity, reliability and interpretability of the Turkish version of the TENDINopathy Severity Assessment - Achilles (TENDINS-A) questionnaire.","10.1016/j.fas.2025.11.009"
"609","Preoperative malnutrition is a risk factor for prolonged postoperative ileus for patients undergoing gastrointestinal surgery.","10.3389/fnut.2025.1561264"
"610","Brain State of the Newborn as a Biomarker for Brain Injury in Infants with Hypoxic-Ischemic Encephalopathy.","10.1016/j.jpeds.2025.114702"
"611","Prediction of major outcomes in patients with malignant hypertension using machine learning: A report from the West Birmingham malignant hypertension registry.","10.1111/eci.70052"
"612","SbD4Skin by EosCloud: Integrating multi-view molecular representation for predicting skin sensitization, irritation, and acute dermal toxicity.","10.1016/j.csbj.2025.08.001"
"613","A Fusion Model of ResNet and Vision Transformer for Efficacy Prediction of HIFU Treatment of Uterine Fibroids.","10.1016/j.acra.2025.08.054"
"614","Construction and Validation of a Prediction Model for Postoperative Fatigue Syndrome in Chinese Patients with Lung Cancer.","10.1177/01939459251325490"
"615","Development of an Intra- and Peritumoral Radiomics Nomogram Using Digital Breast Tomosynthesis for Preoperative Assessment of Ki-67 Expression in Invasive Breast Cancer.","10.1016/j.acra.2024.12.040"
"616","Development and validation of a prediction model for gestational diabetes mellitus based on clinical characteristics and laboratory biomarkers among Chinese women.","10.1016/j.numecd.2025.104065"
"617","Machine Learning-Driven Extracellular Vesicles Peptidomics Powers Precision Classification of Endometrial Cancer.","10.1021/acs.analchem.5c02234"
"618","Wide-field OCTA quantified peripheral nonperfusion areas predict the risk of subclinical neovascularization.","10.1038/s41433-025-03891-2"
"619","Development and validation of a deep learning ultrasound radiomics model for predicting drug resistance in lymph node tuberculosis a multicenter study.","10.1097/JS9.0000000000002850"
"620","Predictive Value of Postnatal Weight Gain Rate for Severe Retinopathy of Prematurity in Preterm Infants: A Retrospective Analysis.","10.2147/JMDH.S528155"
"621","Leveraging large language models for preoperative prevention of cardiopulmonary bypass-associated acute kidney injury.","10.1080/0886022X.2025.2509786"
"622","SHOX2 and RASSF1A methylation in diagnosing malignant pleural effusion induced by lung cancer.","10.1016/j.cca.2025.120273"
"623","Using the QRS-VHis Interval-based Algorithm to Optimize the Ablation Process of Outflow Tract Premature Ventricular Complexes.","10.1016/j.cjca.2025.02.032"
"624","Prediction Analysis of Integrative Quality Zones for Corydalis yanhusuo W. T. Wang Under Climate Change: A Rare Medicinal Plant Endemic to China.","10.3390/biology14080972"
"625","Death One Hour After Terminal Extubation in Children: Validation of a Machine Learning Model to Predict Cardiac Death After Withdrawal of Life-Sustaining Treatment in a Multicenter Cohort, 2009-2021.","10.1097/PCC.0000000000003772"
"626","Optimizing responsive neurostimulation targeting based on interictal high-frequency oscillations and phase-amplitude coupling.","10.1111/epi.18675"
"627","Determining a Treatment Threshold Value for Endometrial Thickness in Women with Breast Cancer Receiving Tamoxifen.","10.2147/IJWH.S531872"
"628","Risk prediction of functional disability among middle-aged and older adults with arthritis: A nationwide cross-sectional study using interpretable machine learning.","10.1016/j.ijotn.2025.101161"
"629","Hierarchical attention fusion of EUS-doppler features for GISTs risk assessment.","10.1016/j.compmedimag.2025.102584"
"630","Segmental Pulse Volume Recordings at the Forefoot Level as a Valuable Diagnostic Tool for Detection of Peripheral Arterial Disease in the Diabetic Foot Syndrome.","10.3390/biomedicines13061281"
"631","Machine learning-based hemodynamics quantitative assessment of pulmonary circulation using computed tomographic pulmonary angiography.","10.1016/j.ijcard.2025.133457"
"632","Sex-Based Differences in Prenatal and Perinatal Predictors of Autism Spectrum Disorder Using Machine Learning With National Health Data.","10.1002/aur.70054"
"633","Recurrent laryngeal nerve thermal injury in radiofrequency ablation for papillary thyroid carcinoma and related risk factors: a prospective large cohort study.","10.1007/s00330-025-11448-w"
"634","Risk Factors for Postpartum Hemorrhage Following Vaginal Deliveries in China: A Case-Control Study of Second Births After IUD Removal.","10.2147/IJWH.S516263"
"635","Mesopic and Low-Contrast Visual Acuity Deficits in Retinitis Pigmentosa: Clinical Markers for Early Functional Impairment.","10.3390/jcm14165659"
"636","AI-Enhanced Fluorescein Angiography Detection of Diabetes-Induced Silent Retinal Capillary Dropout and RNA-Seq Identification of Pre-Symptomatic Biomarkers.","10.3390/biomedicines13081926"
"637","Prediction of the Serial Alignment Change after Opening-Wedge High Tibial Osteotomy Based on Coronal Plane Alignment of the Knee Using Machine Learning Algorithm.","10.1055/a-2525-4622"
"638","VAE-Surv: A novel approach for genetic-based clustering and prognosis prediction in myelodysplastic syndromes.","10.1016/j.cmpb.2025.108605"
"639","Predictors of dural venous sinus pressure gradient in patients with idiopathic intracranial hypertension.","10.3171/2024.10.JNS241749"
"640","Patient-centred composite scores as tools for assessment of response to biological therapy for paediatric and adult severe asthma.","10.1183/13993003.00691-2024"
"641","Deep learning-based MVIT-MLKA model for accurate classification of pancreatic lesions: a multicenter retrospective cohort study.","10.1007/s11547-025-01949-5"
"642","Clinical Frailty Scale Assessment Before Cardiac Surgery.","10.1016/j.athoracsur.2025.10.028"
"643","Lower Limb Bone Mineral Density Reduction is Closely Relative With Diabetic Peripheral Neuropathy in the Postmenopausal Women and Men Over 50 Years Old With T2DM: A cross-Sectional, Controlled Study.","10.1007/s00223-025-01397-3"
"644","Plasma and urine metabolomics for the identification of diagnostic biomarkers for sulfur mustard-induced lung injury.","10.1016/j.intimp.2025.114515"
"645","Deep learning model using cross-sequence learning to identify orbital fractures in radiographs of patients under 20 Years.","10.3389/fbioe.2025.1613417"
"646","A cross-sectional study investigating the underlying inflammatory mechanisms of post-stroke insomnia.","10.1016/j.cyto.2025.156975"
"647","Validity and performance of the new Guide for the Assessment of Menopausal Symptoms (GAMS) scale, based on the Greene Climacteric Scale: A population survey of French women.","10.1016/j.maturitas.2025.108249"
"648","Development and characterization of a dual-fiber Raman probe for accurate and rapid endometrial carcinoma detection.","10.1364/BOE.568647"
"649","Differentiation of typical features between Fungal spondylitis and Brucellar spondylitis on CT and new applications of CT values in diagnosis of spinal infections.","10.1007/s00586-025-08694-3"
"650","External Validation of an Artificial Intelligence Algorithm Using Biparametric MRI and Its Simulated Integration with Conventional PI-RADS for Prostate Cancer Detection.","10.1016/j.acra.2025.03.039"
"651","Refining the Tmax malignant profile in large ischemic core patients receiving endovascular treatment.","10.1016/j.ejrad.2025.112187"
"652","Machine learning models for neurocognitive outcome prediction in preterm born infants.","10.1038/s41390-025-03815-6"
"653","AQP-4 autoantibodies as potential early diagnostic biomarkers for NEC.","10.1016/j.intimp.2025.114935"
"654","Validity of HELT-E2S2 Score in Predicting Ischemic Stroke in Japanese Patients With Non-Valvular Atrial Fibrillation With Cardiac Implantable Electronic Devices.","10.1253/circj.CJ-24-0715"
"655","Osteometric sex estimation using the humerus, the radius and the ulna in the contemporary population of Croatia.","10.1016/j.jflm.2025.102852"
"656","Personalised follow-up and management schema for patients with screen-detected pulmonary nodules: A dynamic modelling study.","10.1016/j.pulmoe.2024.02.010"
"657","Dynamic Early Survival Prediction Model for Hepatocellular Carcinoma Patients Treated With Atezolizumab and Bevacizumab: A Longitudinal Deep Learning Analysis.","10.1111/hepr.70005"
"658","Baseline features and functional outcomes in primary central nervous system vasculitis: development and validation of a prognostic model.","10.1093/rheumatology/keaf590"
"659","Quantification of tumor heterogeneity based on fractal dimension for predicting the response to neoadjuvant chemotherapy in triple-negative breast cancer.","10.1016/j.ejrad.2025.112413"
"660","Diagnostic Evaluation of the Sysmex XN-1000V Lymphocyte Fluorescence for Differentiating Canine Nodal Large B-Cell and T-Cell Lymphoma.","10.1111/vco.70032"
"661","IDH Status in Brain Gliomas Can Be Predicted by the Spherical Mean MRI Technique.","10.3174/ajnr.A8432"
"662","Diagnostic Performance of Serum Neutrophil-Lymphocyte and Serum Monocyte-Lymphocyte Ratios in Periprosthetic Joint Infection: A Comparative Meta-Analytic Review of 29 Studies.","10.3390/jcm14217645"
"663","InterDIA: Interpretable prediction of drug-induced autoimmunity through ensemble machine learning approaches.","10.1016/j.tox.2025.154064"
"664","Cerebrospinal fluid-driven extracellular vesicle as a potential diagnostic biomarker for multiple system atrophy.","10.1016/j.jns.2025.123738"
"665","Comparison of Urinary Red Blood Cell Distribution (URD) and Dysmorphic Red Blood Cells for Detecting Glomerular Hematuria: A Multicenter Study.","10.1002/jcla.25159"
"666","Cardiac computer tomography-derived radiomics in assessing myocardial characteristics at the connection between the left atrial appendage and the left atrium in atrial fibrillation patients.","10.3389/fcvm.2024.1442155"
"667","Machine learning prediction of overall survival in prostate adenocarcinoma using ensemble techniques.","10.1016/j.compbiomed.2025.110008"
"668","Prediction Model of Lymph Node Metastasis in Cervical Cancer Based on MRI Habitat Radiomics.","10.3390/cancers18010152"
"669","Identification of Novel Lactylation-Related Biomarkers for COPD Diagnosis Through Machine Learning and Experimental Validation.","10.3390/biomedicines13082006"
"670","Cross-validation of the safe supplement screener (S3) predicting consistent third-party-tested nutritional supplement use in NCAA Division I athletes.","10.3389/fnut.2024.1519544"
"671","DNA hypermethylation of MED1 and MED23 as early diagnostic biomarkers for unsolved issues in atrial fibrillation.","10.1016/j.ijcard.2025.133179"
"672","Minimal Hepatic Encephalopathy in Cirrhotic Patients: A New Simple and Fast Digital Screening Method.","10.1002/ueg2.70004"
"673","Machine learning identification of factors associated with exclusive breastfeeding in Brazilian infants: Cross-sectional analysis of the ENANI-2019 survey.","10.1016/j.ijmedinf.2025.106126"
"674","Endoscopic liquid biopsy of bile: superior diagnostic and prognostic performance of bile-derived exosomal miR-21-5p for biliary tract cancers.","10.1007/s00535-025-02250-y"
"675","Predictive validity of chronic obstructive pulmonary disease phenotypes in inpatient elective surgery: a population-based study.","10.1016/j.bja.2025.07.036"
"676","Integration of radiomic and deep features to reliably differentiate benign renal lesions from renal cell carcinoma.","10.1016/j.ejrad.2025.111989"
"677","ExF-SVM: Exhaustive feature selection with support vector machine algorithm for brain stroke prediction.","10.1016/j.compbiomed.2025.111184"
"678","A Comparison of Stockholm3, Serum Biomarkers, and Risk Calculators to Predict Prostate Cancer in a Racially and Ethnically Diverse Cohort: Evaluation of the Stockholm3 Multiethnic SEPTA Trial.","10.1097/JU.0000000000004437"
"679","Validity and Reliability of the Turkish Version of the Subthreshold Autism Trait Questionnaire (SATQ-TR).","10.1007/s10803-025-07192-1"
"680","Beyond the eye: A relational model for early dementia detection using retinal OCTA images.","10.1016/j.media.2025.103513"
"681","Predicting the Risk of Burnout Syndrome Using Korean Occupational Stress Scale (KOSS): A Machine Learning Approach.","10.1016/j.shaw.2025.08.006"
"682","Can Habitat-Based MRI Radiomics Distinguish Between T2 and T3 Stages in Rectal Cancer?","10.1016/j.acra.2025.04.017"
"683","Evaluating the prognostic value of DECAF score and procalcitonin in patients with COPD exacerbation.","10.1016/j.ajem.2025.01.012"
"684","Validation of the Diabetes Risk Assessment in Dentistry Score in NHANES 2009-2014.","10.1111/jcpe.70037"
"685","Dynamic ALBI score and FIB-4 index trends to predict complications after resection of hepatocellular carcinoma: A K-means clustering approach.","10.1016/j.ejso.2025.109723"
"686","Assessing the Reliability of Pancreatic CT Imaging Biomarkers for Diabetes Prediction: A Dual Center Retrospective Study.","10.1016/j.acra.2025.02.047"
"687","Reduced Native T1 Values of Wrist Tissues in Transthyretin Cardiac Amyloidosis.","10.3390/jcm14207374"
"688","Time-dependent diffusion MRI derived microstructure parameters to predict differentiation degree and Ki-67 expression in rectal cancer.","10.1016/j.ejrad.2025.112522"
"689","EULAR/ACR risk stratification criteria for development of rheumatoid arthritis in the risk stage of arthralgia.","10.1016/j.ard.2025.01.021"
"690","Computed tomography features of gastric cancer with deficient mismatch repair: Radiologic-pathologic correlation.","10.1016/j.ejrad.2025.112186"
"691","Effectiveness of Artificial Intelligence-Assisted Colposcopy in a Resource-Limited Population.","10.1097/AOG.0000000000006014"
"692","Unveiling hidden risks: A Holistically-Driven Weak Supervision framework for ultra-short-term ACS prediction using CCTA.","10.1016/j.compmedimag.2025.102636"
"693","A nomogram for predicting the risk of liver metastasis in non-functional neuroendocrine neoplasms: A population-based study.","10.1016/j.ejso.2025.109708"
"694","Extracellular water-to-total body water ratio predicts phenoconversion in REM sleep behavior disorder: A bioimpedance-based cohort study.","10.1016/j.sleep.2025.108716"
"695","Propofol-associated Hypertriglyceridemia: Development and Multicenter Validation of a Machine-Learning-Based Prediction Tool.","10.1177/08850666251342559"
"696","Effectiveness of digital screening tools in detecting cognitive impairment among community-dwelling elderly in Northern China: A large cohort study.","10.1016/j.tjpad.2025.100080"
"697","Ultrasound-Based Assessment of Rectus Femoris Muscle Wasting as a Predictor of 28-Day Mortality in Septic Shock: A Prospective Study.","10.1177/08850666251370636"
"698","Morphological characteristics of apical intervertebral discs as predictors of curve progression in adolescents with idiopathic scoliosis.","10.1016/j.spinee.2025.07.019"
"699","Prediction of graft patency during the year following coronary artery bypass grafting: Preoperative computed tomography-derived fractional flow reserve versus intraoperative transit-time flow measurement.","10.1016/j.jtcvs.2025.08.030"
"700","Deep fusion model integrating whole slide images and preoperative MRIs for survival prediction in IDH wild-type glioblastoma.","10.1016/j.cmpb.2025.108936"
"701","Development and validation of a preoperative risk prediction model for severe complications and very early recurrence after liver resection for hepatocellular carcinoma.","10.1016/j.surg.2025.109527"
"702","Diagnostic and prognostic value of ECG-predicted hypertension-mediated left ventricular hypertrophy using machine learning.","10.1097/HJH.0000000000004034"
"703","Nomogram for predicting long-term survival in renal cell carcinoma patients undergoing thermal ablation.","10.1016/j.urolonc.2025.04.012"
"704","Ligand-Based Drug Discovery Leveraging State-of-the-Art Machine Learning Methodologies Exemplified by Cdr1 Inhibitor Prediction.","10.1021/acs.jcim.5c00374"
"705","Enhanced Lung Cancer Survival Prediction Using Semi-Supervised Pseudo-Labeling and Learning from Diverse PET/CT Datasets.","10.3390/cancers17020285"
"706","Machine learning diagnostic model for amyotrophic lateral sclerosis analysis using MRI-derived features.","10.1007/s00234-025-03732-9"
"707","Long-Term Prognostic Value of Angiographic No-Reflow Phenomenon in Patients With Non-ST-Segment Elevation Myocardial Infarction.","10.1002/ccd.70350"
"708","Temporal dynamics and predictive modeling of oral epithelial dysplasia features during carcinogenesis.","10.1016/j.archoralbio.2025.106444"
"709","Relationship between clinical and pathologic findings and the presence of genetic variants in patients with steroid-resistant nephrotic syndrome.","10.1007/s00467-025-06842-x"
"710","Plasma proteomics profiles predict the risk of future aortic aneurysm and aortic dissection.","10.1097/JS9.0000000000002845"
"711","Development of a Nomogram Model to Predict the Risk of Postoperative Delirium in Cardiac Surgery Patients.","10.1007/s12265-025-10640-z"
"712","Development and Validation of Multiparametric MRI-based Clini-radiomic Model for Preoperative Prediction of Somatotroph Adenomas Subtypes: A Multicenter Study.","10.1016/j.acra.2025.08.066"
"713","Real-world clinical impact of three commercial AI algorithms on musculoskeletal radiography interpretation: A prospective crossover reader study.","10.1016/j.ijmedinf.2025.106120"
"714","New prognostic features and personalized treatment strategies of mitochondrial related genes in colorectal cancer patients.","10.3389/fphar.2025.1540767"
"715","The additional role of contrast-enhanced ultrasound in identifying lesions in pathological nipple discharge patients: a prospective study comparing with DCE-MRI.","10.1093/bjr/tqaf244"
"716","Cerebrospinal Fluid Metabolome in Central Nervous System Infections: A Study of Diagnostic Accuracy.","10.1002/ana.27291"
"717","The Predictive Value of Preoperative Coronary Artery Calcium Score for Long-term Survival in Elderly Patients with Lung Cancer After Surgery.","10.1016/j.acra.2025.03.052"
"718","The utility of the Ascertain Dementia Eight-item Questionnaire (AD8) and Mini-Cog in detecting cognitive impairment in older surgical patients - The Detect CI study.","10.1016/j.jclinane.2025.111940"
"719","Association of the CHG index with 90-day functional outcomes and mortality in acute ischemic stroke after endovascular therapy: A retrospective study.","10.1016/j.jstrokecerebrovasdis.2025.108502"
"720","A combined approach of Interleukin-8 and magnetic resonance neurography to differentiate Guillain-Barré syndrome and chronic inflammatory demyelinating polyneuropathy.","10.1016/j.jns.2025.125675"
"721","Development of a Diagnostic Score for Histoplasmosis in a Cohort of Patients With HIV.","10.1093/ofid/ofaf355"
"722","Obesity indices and cardiometabolic diseases in postmenopausal women in Ilorin, Nigeria.","10.1080/13697137.2025.2496692"
"723","Predicting vector distribution in Europe: at what sample size are species distribution models reliable?","10.3389/fvets.2025.1584864"
"724","Nomogram using bi-modal imaging for predicting low-level HER2 expression status in breast cancer.","10.1016/j.ejrad.2025.112118"
"725","Stable and discriminating OCT-derived radiomics features for predicting anti-VEGF treatment response in diabetic macular edema.","10.1002/mp.17695"
"726","Development and validation of a machine learning model to predict cognitive behavioral therapy outcome in obsessive-compulsive disorder using clinical and neuroimaging data.","10.1016/j.jad.2025.119729"
"727","Predicting cardiovascular events from routine mammograms using machine learning.","10.1136/heartjnl-2025-325705"
"728","Predicting neurodevelopment in very preterm infants using the Test of Infant Motor Performance.","10.1016/j.earlhumdev.2025.106271"
"729","A Novel Ensemble Meta-Model for Enhanced Retinal Blood Vessel Segmentation Using Deep Learning Architectures.","10.3390/biomedicines13010141"
"730","Circulating Tumor DNA as a Prognostic Biomarker for Selecting Participants to Early Phase Clinical Trials.","10.36401/JIPO-25-11"
"731","A Risk Assessment Model for Predicting Perioperative Venous Thromboembolism in Patients Receiving Surgery under Anesthesia Care.","10.1097/ALN.0000000000005480"
"732","Development and validation of a machine learning-based explainable predictive model for long-term net adverse clinical events in patients with high bleeding risk undergoing percutaneous coronary intervention: results from a prospective cohort study.","10.1097/JS9.0000000000002744"
"733","Predictive Value of Left Atrial Strain for Atrial High-Rate Episodes in Patients With Permanent Cardiac Pacing.","10.1111/jce.70186"
"734","The establishment of machine learning prognostic prediction models for pineal region tumors based on SEER-A multicenter real-world study.","10.1016/j.ejso.2025.110058"
"735","Non-invasive PECS model for detection of combined post-capillary pulmonary hypertension.","10.3389/fmed.2025.1660387"
"736","A Multimodal Model Based on Transvaginal Ultrasound-Based Radiomics to Predict the Risk of Peritoneal Metastasis in Ovarian Cancer: A Multicenter Study.","10.1016/j.acra.2024.12.074"
"737","Stress echocardiography based RV-pulmonary coupling predicts rehospitalization and mortality in HFpEF.","10.1016/j.ijcard.2025.134034"
"738","CLABpredICU---AI-driven risk prediction for CLABSI in intensive care units based on clinical and biochemical parameters.","10.1016/j.ajic.2025.05.016"
"739","Development and validation of a risk prediction model for autologous arteriovenous fistula thrombosis in patients receiving maintenance hemodialysis.","10.1080/0886022X.2025.2477832"
"740","Prevalence of malnutrition and associated factors in Chinese children and adolescents aged 3-14 years using machine learning algorithms.","10.7189/jogh.15.04204"
"741","Longitudinal analysis of adolescents at high risk of depression: Prediction models.","10.1016/j.apnr.2025.151927"
"742","Deep Learning on Histologic Slides Accurately Predicts Consensus Molecular Subtypes and Spatial Heterogeneity in Colon Cancer.","10.1016/j.modpat.2025.100877"
"743","The predictive value of the systemic inflammation-nutrition index for treatment response and prognosis in patients with locally advanced gastrointestinal stromal tumors receiving neoadjuvant imatinib therapy: a dual-center retrospective cohort study.","10.1177/17588359251378286"
"744","Why does my medical AI look at pictures of birds? Exploring the efficacy of transfer learning across domain boundaries.","10.1016/j.cmpb.2025.108634"
"745","Role of hypoxia-related differentially expressed genes in pathogenesis of keratoconus and construction of diagnostic models.","10.1016/j.exer.2025.110827"
"746","A nomogram for predicting survival in patients with primary testicular lymphoma: A population-based study.","10.1016/j.urolonc.2024.12.274"
"747","Deep Learning Radiomics Nomogram Based on MRI for Differentiating between Borderline Ovarian Tumors and Stage I Ovarian Cancer: A Multicenter Study.","10.1016/j.acra.2024.12.067"
"748","Interaction of inflammatory factors related to pulmonary infection and TLR4/NF-κB signaling pathway in patients with spontaneous intracerebral hemorrhage.","10.1016/j.cyto.2024.156851"
"749","Deep Learning-Based Multimodal Feature Interaction-Guided Fusion: Enhancing the Evaluation of EGFR in Advanced Lung Adenocarcinoma.","10.1016/j.acra.2025.04.071"
"750","Microvascular Perfusion MRI Improves Therapy Monitoring and Detects Early Recurrences of Gliomas: A Large-Scale Trial of 2000 Follow-Up Examinations.","10.3174/ajnr.A8922"
"751","Echocardiographic biomarkers for cross-altitude prediction of acute mountain sickness: A prospective cohort study in young males.","10.1016/j.tmaid.2025.102947"
"752","RIPTOSO: The development of a screening tool for adverse events during forensic-psychiatric inpatient treatments of offenders with schizophrenia spectrum disorders.","10.1016/j.psychres.2025.116537"
"753","Comparison between vibration-controlled transient elastography and point shear wave elastography for assessment of hepatic fibrosis based on magnetic resonance elastography.","10.14366/usg.25090"
"754","A novel approach in comparing the performance of bivariate statistical methods, boosting, and stacking models in flood susceptibility assessment.","10.1016/j.jenvman.2025.125670"
"755","Attention-Guided 3D CNN With Lesion Feature Selection for Early Alzheimer's Disease Prediction Using Longitudinal sMRI.","10.1109/JBHI.2024.3482001"
"756","Prediction model for safe contrast volume thresholds to prevent postcontrast acute kidney injury after endovascular abdominal aortic aneurysm repair.","10.1016/j.jvs.2025.05.041"
"757","Performance of shock index, lactate and physician's gestalt in predicting adverse events among critically ill adult patients at an Emergency Department in Tanzania.","10.1016/j.afjem.2025.100914"
"758","Tumor-Agnostic Circulating Tumor DNA Analysis as a Comprehensive Predictive Biomarker of Recurrence after Ablative Radiotherapy for Early-Stage Non-Small Cell Lung Cancer.","10.1016/j.cllc.2025.09.013"
"759","aMMP-8 self-testing and self-administered questionnaires for periodontitis screening: A diagnostic trial in a Chinese population.","10.1002/jper.70032"
"760","Dynamic HRV Monitoring and Machine Learning Predict NYHA Improvements in Acute Heart Failure Patients.","10.1016/j.compbiomed.2025.109995"
"761","Risk factors for elbow stiffness after surgery for AO / OTA type C distal humerus fractures.","10.1016/j.injury.2025.112560"
"762","Associations between the meniscal spatial-specific signal indexes of T2-weighted images and the presence of radiographic knee osteoarthritis.","10.1016/j.ejrad.2025.112294"
"763","White Matter Microstructural Alterations Are Linked to Cognitive Impairment in Patients with Fabry Disease: an Automated Fiber Quantification Study.","10.1007/s00062-025-01593-6"
"764","An immunometabolism-related signature for renal clear cell carcinoma diagnosis and therapeutic target.","10.1002/ccs3.70047"
"765","Predicting peri-implantitis incidence and implant failure via risk-assessment and prognostication tools: A validation study.","10.1002/jper.70047"
"766","Application of Quantitative CT and Machine Learning in the Evaluation and Diagnosis of Polymyositis/Dermatomyositis-Associated Interstitial Lung Disease.","10.1016/j.acra.2025.04.012"
"767","Construction of risk prediction model and risk score table for infant heart failure hospital death based on white blood cell count to total protein ratio.","10.1016/j.heliyon.2025.e42365"
"768","Construction and validation of a nomogram for predicting fatigue in climacteric women.","10.1097/GME.0000000000002493"
"769","Multicenter validation of a galactomannan chemiluminescence immunoassay for the diagnosis of pulmonary aspergillosis on serum of patients with hematological disease.","10.1128/jcm.01053-24"
"770","Dermoscopic Features and Their Association With Breslow Thickness of Facial Lentigo Maligna in Koreans: A Multi-Center Retrospective Study.","10.1111/1346-8138.17822"
"771","Long-term Alzheimer's disease mortality prediction in adults aged ≥60 years: A prospective cohort study benchmarking survival machine learning algorithms.","10.1002/dad2.70229"
"772","Diagnostic Performance of Angiography-Based Vessel-Fractional Flow Reserve Compared with Various Wire-Based Physiological Assessments.","10.1002/ccd.31534"
"773","Development of a multimodal fully automated ensemble model to predict EGFR mutation and efficacy of EGFR-TKI in non-small cell lung cancer.","10.21037/tlcr-2025-672"
"774","Evaluation of serum hsa_tsr014055 as a potential biomarker for diagnosis and prognosis of hepatocellular carcinoma.","10.1080/07853890.2025.2528978"
"775","Shapley-based saliency maps improve interpretability of vertebral compression fractures classification: multicenter study.","10.1007/s11547-025-01968-2"
"776","Analyzing Influencing Factors of Uterine Rupture in Pregnant Women with Scarred Uterus Undergoing Repeat Delivery and Evaluating the Predictive Value of Lower Uterine Anterior Wall Thickness.","10.2147/IJWH.S530520"
"777","Evaluation of cryptococcal antigen lateral flow assay in human immunodeficiency virus-negative cryptococcosis: a diagnostic accuracy study.","10.1016/j.cmi.2025.06.021"
"778","Prostate magnetic resonance imaging to predict grade concordance, extra prostatic extension, and biochemical recurrence after radical prostatectomy.","10.1016/j.urolonc.2025.02.013"
"779","Optimal timing of endoscopic sagittal suturectomy.","10.3171/2024.11.PEDS24272"
"780","An early detection of autism spectrum disorder using machine learning.","10.1016/j.compbiomed.2025.111238"
"781","Integrating Machine Learning and Dynamic Digital Follow-up for Enhanced Prediction of Postoperative Complications in Bariatric Surgery.","10.1007/s11695-025-07894-6"
"782","Development of a prognostic oxidative stress-immune-inflammation score and online calculators for predicting survival and recurrence in gastric cancer: a multicenter study.","10.1007/s00464-025-11596-6"
"783","Tissue classification from raw diffusion-weighted images using machine learning.","10.1002/mp.17810"
"784","Detection of early neurological deterioration using a quantitative electroencephalography system in patients with large vessel occlusion stroke after endovascular treatment.","10.1136/jnis-2024-022011"
"785","Machine learning versus clinicians for detection and classification of oral mucosal lesions.","10.1016/j.jdent.2025.105992"
"786","The expression level of EVI1 and clinical features help to distinguish prognostic heterogeneity in the AML entity with EVI1 overexpression.","10.1016/j.canlet.2025.217547"
"787","Comparison of Outcomes Between Ablation and Lobectomy in Stage IA Non-Small Cell Lung Cancer: A Retrospective Multicenter Study.","10.1111/resp.70116"
"788","Impact of D-Dimer on the Prognostic Value of PARIS Thrombosis Risk Score in Acute Coronary Syndrome Patients Undergoing PCI: From a Large Prospective Cohort Study.","10.1002/ccd.31526"
"789","Development and External Validation of a Prediction Model for Early Postoperative Cerebral Infarction on Computed Tomography in Spontaneous Intracerebral Hemorrhage.","10.1007/s12028-024-02193-x"
"790","A Predictive Model Based on Machine Learning Algorithm for Vein Thrombosis After Ovarian Cancer Resection.","10.2147/IJWH.S550882"
"791","Predicting Microsatellite Instability in Endometrial Cancer by Multimodal Magnetic Resonance Radiomics Combined with Clinical Factors.","10.1016/j.acra.2025.08.002"
"792","A Novel MRI-Based Approach to Peripheral Refraction and Prediction of Myopia Progression.","10.1016/j.ajo.2025.06.013"
"793","Comparative Analysis of Habitat Expansion Mechanisms for Four Invasive Amaranthaceae Plants Under Current and Future Climates Using MaxEnt.","10.3390/plants14152363"
"794","Neopterin as a marker of congenital cytomegalovirus infection.","10.1016/j.earlhumdev.2025.106399"
"795","CPZ: A Highly Sensitive Diagnostic Biomarker for the Differentiation Between Hepatocellular Carcinoma and Intrahepatic Cholangiocarcinoma, Particularly in Poorly Differentiated Hepatocellular Carcinoma.","10.1097/PAS.0000000000002393"
"796","Development of a predictive nomogram for treatment response to urethral botulinum toxin A injection in women with non-neurogenic dysfunctional voiding.","10.1007/s00345-025-05888-8"
"797","Artificial intelligence driven plaque characterization and functional assessment from CCTA using OCT-based automation: A prospective study.","10.1016/j.ijcard.2025.133140"
"798","Multisite DNA methylation alterations of peripheral blood mononuclear cells serve as novel biomarkers for the diagnosis of AIS/stage I lung adenocarcinoma: a multicenter cohort study.","10.1097/JS9.0000000000002101"
"799","Improved diagnostic decision making for microvascular invasion in HCC using a novel nomogram incorporating delta radiomics and body composition factors: A multicenter study.","10.1016/j.ejso.2025.110219"
"800","Neutrophil Percentage-to-Albumin Ratio Predicts Contrast-Induced Acute Kidney Injury in Acute Coronary Syndrome Patients Undergoing Percutaneous Coronary Intervention.","10.3390/jcm14238367"
"801","Prediction of Tumor Budding Grading in Rectal Cancer Using a Multiparametric MRI Radiomics Combined with a 3D Vision Transformer Deep Learning Approach.","10.1016/j.acra.2025.03.046"
"802","Integrating blockchain technology with artificial intelligence for the diagnosis of tibial plateau fractures.","10.1007/s00068-025-02793-y"
"803","High-Speed Videoendoscopy and Stiffness Mapping for AI-Assisted Glottic Lesion Differentiation.","10.3390/cancers17081376"
"804","Clinical utility of severity scores in identifying severe influenza.","10.1016/j.ajem.2025.07.029"
"805","Identifying pregnant women at high risk of HIV acquisition: An external validation assessment of an HIV risk assessment tool for pregnant women.","10.1097/QAI.0000000000003798"
"806","Federated Learning for Renal Tumor Segmentation and Classification on Multi-Center MRI Dataset.","10.1002/jmri.29819"
"807","Deep learning-assisted comparison of different models for predicting maxillary canine impaction on panoramic radiography.","10.1016/j.ajodo.2025.05.008"
"808","Assessing the applicability of the DOAC, HAS-BLED and ORBIT risk scores in Chinese patients on non-vitamin K antagonist oral anticoagulants.","10.1111/bcp.16396"
"809","Development and Validation of a Risk Prediction Model for Cognitive Frailty in Elderly Patients With Type 2 Diabetes Mellitus.","10.1111/jocn.17508"
"810","Integrated microbiome-metabolome profiling unveils a predictive signature for early recurrence in hepatocellular carcinoma.","10.3389/fmicb.2025.1653249"
"811","Clinical Diagnostic Value of 5 T MRI for Knee Injuries: A Comparison Study With 1.5 or 3 T.","10.1002/jmri.70045"
"812","Early differential diagnosis models of Talaromycosis and Tuberculosis in HIV-negative hosts using clinical data and machine learning.","10.1016/j.jiph.2025.102740"
"813","Multiparametric MRI for differentiating idiopathic granulomatous mastitis from invasive breast cancer:Improving radiologists' diagnostic accuracy.","10.1016/j.ejrad.2025.111958"
"814","Landslide Susceptibility Mapping using Statistical Information Value Model: A Case Study of part of Chamoli District, Uttarakhand India.","10.1111/risa.70141"
"815","Predictors of nonunion after nonoperative treatment of displaced midshaft clavicle fractures.","10.1016/j.injury.2025.112657"
"816","Impact of Local Extent of Tumor on the Survival Outcomes for Surgically Treated Tongue Cancers.","10.1002/hed.28072"
"817","Differentiating adolescent suicidal and nonsuicidal self-harm with artificial intelligence: Beyond suicidal intent and capability for suicide.","10.1016/j.jad.2025.02.015"
"818","Noninvasive elastography-based assessment of liver fibrosis in primary biliary cholangitis.","10.1016/j.aohep.2025.102150"
"819","Study on the diagnostic efficacy of the computerized tomography attenuation value of renal pelvis urine in true bacteriuria secondary to renal and ureteral stones.","10.1080/0886022X.2025.2561786"
"820","Tertiary lymphoid structures in HCC: Influence on immune cell profiles in tumors and on efficacy of adjuvant PD-1 inhibitor therapy after hepatectomy.","10.1097/HEP.0000000000001433"
"821","External Validation of the SITE Score for De Novo Spinal Infections: A Retrospective Cohort Study.","10.1177/21925682251405776"
"822","High ELK3 expression is associated with the wild type IDH1 in glioma and enhances infiltration of M2 macrophages.","10.1016/j.intimp.2025.115064"
"823","Prenatal ultrasound prediction of coarctation of the aorta: a nomogram for risk stratification.","10.1007/s00247-025-06246-x"
"824","Prognostic Value of the RISK-PCI Score in Patients with Non-ST-Segment Elevation Acute Myocardial Infarction.","10.3390/jcm14082727"
"825","Construction and validation of a fall risk prediction model in elderly maintenance hemodialysis patients: a multicenter prospective cohort study.","10.1080/0886022X.2025.2455524"
"826","Identification of the entosis-related prognostic signature and tumour microenvironment in hepatocellular carcinoma on the basis of bioinformatics analysis and experimental validation.","10.1007/s10238-025-01580-8"
"827","A Machine Learning Model for Predicting Intensive Care Unit Admission in Inpatients with COVID-19 Using Clinical Data and Laboratory Biomarkers.","10.3390/biomedicines13051025"
"828","Development and validation of a clinical risk score nomogram for predicting clozapine plasma concentrations below 350 ng/mL: A retrospective cohort study.","10.1002/bcp.70411"
"829","Deep learning and radiomics-driven algorithm for automated identification of May-Thurner syndrome in Iliac CTV imaging.","10.3389/fmed.2025.1526144"
"830","C-reactive protein elevation and subsequent atrial fibrillation detection after ischemic stroke treated with mechanical thrombectomy: An inverse probability weighting analysis.","10.1177/17474930251332489"
"831","Screening HCC Patients Who Can Benefit from the Sequential Treatment of Conversion Therapy and Radical Surgery and Constructing a Predictive Model.","10.3390/cancers17243928"
"832","Multiplexed Electrochemical Sensing of Single-Nucleotide Polymorphic Microribonucleic Acids in Liver Cancer.","10.1021/acs.analchem.5c03442"
"833","A novel potential biomarker panel to diagnose depression derived from big proteomic data.","10.1016/j.jad.2025.120384"
"834","Serum neurofilament light chain and multimodal neuroprognostication after cardiac arrest - A retrospective cohort study.","10.1016/j.resuscitation.2025.110650"
"835","Machine Learning Models Can Predict Tinnitus and Noise-Induced Hearing Loss.","10.1097/AUD.0000000000001670"
"836","Utilizing Clinicopathological and Radiomic Features for Risk Stratification of Lung Cancer Recurrence.","10.1016/j.acra.2025.04.062"
"837","Explainable prototype-based image classification using adaptive feature extractors in medical images.","10.1016/j.compbiomed.2025.111322"
"838","A prediction model to discriminate severe fever with thrombocytopenia syndrome with hemorrhagic fever with renal syndrome.","10.1080/07853890.2025.2589563"
"839","Daily prediction of next-day disease severity in critically ill patients: A prospective cohort study.","10.1016/j.aucc.2025.101230"
"840","Early detection of positive urine culture in patients with urolithiasis: a machine learning model with dynamic online nomogram.","10.1080/07853890.2025.2550582"
"841","Development and clinical evaluation of an AI-assisted respiratory state classification system for chest X-rays: A BMI-Specific approach.","10.1016/j.compbiomed.2025.109854"
"842","Intestinal Ultrasound and Its Advanced Modalities in Characterizing Strictures in Crohn's Disease.","10.1016/j.cgh.2025.05.013"
"843","Oral microbial signatures underlying recurrence via PI3K/AKT/mTOR pathway modulation in oral squamous cell carcinoma.","10.1080/20002297.2025.2560020"
"844","MRI-based interpretable clinicoradiological and radiomics machine learning model for preoperative prediction of pituitary macroadenomas consistency: a dual-center study.","10.1007/s00234-025-03698-8"
"845","MultiExCam: A multi approach and explainable artificial intelligence architecture for skin lesion classification.","10.1016/j.cmpb.2025.109081"
"846","The prognostic value of preoperative Neutrophil-to-Albumin ratio (NPAR) for postoperative complications and survival in colorectal cancer patients undergoing robot-assisted surgery: a retrospective cohort study.","10.1007/s11701-025-02966-2"
"847","Assessing diagnostic accuracy of intravascular imaging for functionally significant coronary stenosis: updated findings from a meta-analysis.","10.1136/heartjnl-2024-324499"
"848","Evaluating CSPG4 expression in esophageal basaloid squamous cell carcinoma and conventional squamous cell carcinoma: a multi-institutional retrospective study in China.","10.1007/s00428-024-04020-2"
"849","Resting-state functional MRI metrics to detect freezing of gait in Parkinson's disease: a machine learning approach.","10.1016/j.compbiomed.2025.110244"
"850","Combined analysis of bulk, single-cell RNA sequencing, and spatial transcriptomics reveals the expression patterns of lipid metabolism and ferroptosis in the immune microenvironment of metabolic-associated fatty liver disease.","10.1016/j.lfs.2025.123377"
"851","Association between the postoperative glycemic variability and mortality after craniotomy: a retrospective cohort study and development of a mortality prediction model.","10.3389/fendo.2025.1613662"
"852","Effect of CBC-Derived Inflammatory Indicators in Predicting Chronic Kidney Disease Risk in Hypertrophic Cardiomyopathy Patients.","10.3390/biomedicines13040997"
"853","The Impact of CT Attenuation on Subsolid Pulmonary Nodule Detection With the Zero Echo Time MRI Technique.","10.1016/j.cllc.2025.10.006"
"854","Machine Learning-Based Models for the Prediction of Postoperative Recurrence Risk in MVI-Negative HCC.","10.3390/biomedicines13102507"
"855","Clinical Value of Transcutaneous PCO2 in Free Flap Blood Supply.","10.3390/jcm14197112"
"856","Prediction of Diffuse High-Grade Glioma Survival Outcomes Using Preoperative Whole-Brain Tractography-Based Resectability Metrics.","10.1227/neu.0000000000003668"
"857","Derivation of FAST CLOTS: A Multivariable Risk Assessment Model for Postoperative Venous Thromboembolism.","10.1016/j.jss.2025.03.069"
"858","Fairness in Low Birthweight Predictive Models: Implications of Excluding Race/Ethnicity.","10.1007/s40615-025-02296-x"
"859","A Real-World Evaluation of Clinical Prognostic Scores in Advanced Melanoma Treated with Immune Checkpoint Inhibitors.","10.3390/jcm14186452"
"860","Machine Learning-Assisted Terahertz Metagrating Biosensor for Label-Free Bacterial Identification Based on Spectral Fingerprinting.","10.1021/acs.analchem.5c04115"
"861","Relation knowledge distillation 3D-ResNet-based deep learning for breast cancer molecular subtypes prediction on ultrasound videos: a multicenter study.","10.1038/s41416-025-03146-7"
"862","Construction and validation of nomogram to predict the frailty risk of senile stroke patients.","10.1016/j.gerinurse.2025.103477"
"863","Correlation of plaque vulnerability stratified by Carotid Plaque-Reporting and Data System with outcomes of endarterectomy vs stenting.","10.1016/j.jvs.2025.06.004"
"864","Explainable machine learning for predicting aspiration pneumonia after radiotherapy in oral cavity cancer.","10.1016/j.radonc.2025.111066"
"865","A noninvasive and highly efficient epigenetic predictive model for efficacy of the GOLP regimen in patients with intrahepatic cholangiocarcinoma.","10.1016/j.canlet.2025.217911"
"866","Development and validation of a fall risk assessment scale for hospitalized cancer patients undergoing chemotherapy.","10.1186/s12912-025-04157-8"
"867","Improving differentiation of hemorrhagic brain metastases from non-neoplastic hematomas using radiomics and clinical feature fusion.","10.1007/s00234-025-03590-5"
"868","Portable cerebral blood flow monitor to detect large vessel occlusion in patients with suspected stroke.","10.1136/jnis-2024-021536"
"869","The Predictive Validity of the Danger Assessment for Immigrant Women (DA-I).","10.1177/10778012251391128"
"870","Exterior traits of milk-deprived and milk-fed calves as indicators for body condition or nutritional status.","10.3168/jds.2025-27130"
"871","Predicting treatment-seeking status for alcohol use disorder using polygenic scores and machine learning in a deeply-phenotyped sample.","10.1016/j.drugalcdep.2025.112797"
"872","A deep-learning model to predict the completeness of cytoreductive surgery in colorectal cancer with peritoneal metastasis☆.","10.1016/j.ejso.2025.109760"
"873","Deciphering risk factors for severe postherpetic neuralgia in patients with herpes zoster: an interpretable machine learning approach.","10.1136/rapm-2024-106003"
"874","Assessing severe pneumonia risk in children via clinical prognostic model based on laboratory markers.","10.1016/j.intimp.2025.114317"
"875","Analysis of gene mutation spectrum for early-onset high myopia based on whole-exome sequencing.","10.1136/bjo-2025-327552"
"876","Combination of Serum Neurofilament Light Chain and Serum Cardiac Troponin T as Biomarkers Improves Diagnostic Accuracy in Amyotrophic Lateral Sclerosis.","10.1002/ana.78066"
"877","Personalized baseline and residual TMTV influence treatment response and outcomes in relapsed/refractory lymphomas: results from the GATA study.","10.1007/s00259-025-07154-w"
"878","Prevalence and Factors Associated with Insomnia Among Chronic Disease Patients in Bangladesh: A Machine Learning Study.","10.2147/NSS.S547335"
"879","The role of 18F-fluorodeoxyglucose positron emission tomography/computed tomography-derived parameters as prognostic factors in patients undergoing resection for pancreatic ductal adenocarcinoma.","10.1016/j.surg.2025.109271"
"880","Synovial Fluid MicroRNA Biomarkers Enable Accurate Diagnosis of Hip and Knee Periprosthetic Joint Infections.","10.2106/JBJS.24.01559"
"881","MRI histogram and Visually AcceSAble Rembrandt Images features nomogram to predict PD-L1 levels in glioblastoma.","10.1007/s10143-025-03528-8"
"882","Explainable Deep Learning to Predict Kelp Geographical Origin from Volatile Organic Compound Analysis.","10.3390/foods14071269"
"883","Major cardiovascular event or death risk in obstructive sleep apnoea and the effect of positive airway pressure.","10.1183/13993003.00519-2025"
"884","Detection of Ocular Surface Squamous Neoplasia Using Artificial Intelligence With Anterior Segment Optical Coherence Tomography.","10.1016/j.ajo.2025.02.019"
"885","Prediction Model for Same-Day Discharge in Robotic-Assisted Radical Laparoscopic Prostatectomy.","10.1177/08927790251387357"
"886","Analyzing factors influencing hospitalization costs for five common cancers in China using neural network models.","10.1080/13696998.2025.2494459"
"887","Ki-67 as a Predictor of Metastasis in Adrenocortical Carcinoma: Artificial Intelligence Insights from Retrospective Imaging Data.","10.3390/jcm14144829"
"888","Integrative Diagnostic Model Combining Urinary Biomarkers and Clinical Parameters to Improve Diagnostic Performance in Interstitial Cystitis/Bladder Pain Syndrome.","10.1016/j.euros.2025.10.021"
"889","Predicting six-month mortality in adult hemophagocytic lymphohistiocytosis with machine learning: a prognostic approach utilizing laboratory data.","10.1080/07853890.2025.2566869"
"890","Dynamic machine learning models for predicting cesarean delivery risk in women with no prior cesarean delivery: A retrospective nationwide cohort analysis.","10.1002/ijgo.70234"
"891","Calculation of Regurgitant Volume Using Echocardiographic Volumetric Method for Accurate Diagnosis of Severe Mitral Regurgitation.","10.1016/j.echo.2025.02.012"
"892","Protective role of olfactomedin 4 gene polymorphisms in preterm neonates with sepsis.","10.1016/j.earlhumdev.2025.106223"
"893","Predictive value of shear wave elastography and molecular subtypes for postoperative efficacy in patients with early breast cancer.","10.1080/07853890.2025.2544879"
"894","The reliability and validity of the Swedish translation of the Vertigo Symptom Scale - short form in a cohort with acute vestibular syndrome.","10.1080/07853890.2025.2457517"
"895","One-shot learning for generalization in medical image classification across modalities.","10.1016/j.compmedimag.2025.102507"
"896","Population stratification using MASLD polygenic risk score improves severe liver disease prediction by clinical fibrosis scores.","10.1016/j.dld.2025.06.016"
"897","Machine learning enables high-throughput, low-replicate screening for novel anti-seizure targets and compounds using combined movement and calcium fluorescence in larval zebrafish.","10.1016/j.ejphar.2025.177327"
"898","RURUS SURYAWAN Score: A Novel Scoring System to Predict 30-Day Mortality for Acute Myocardial Infarction Undergoing Primary Percutaneous Coronary Intervention.","10.3390/jcm14051716"
"899","Prediction of immunotherapy response in nasopharyngeal carcinoma: a comparative study using MRI-based radiomics signature and programmed cell death ligand 1 expression score.","10.1007/s00330-025-11350-5"
"900","Simplified assessment of upper limb dysfunction after stroke: decision tree analysis based on the International Classification of Functioning, Disability and Health.","10.23736/S1973-9087.25.08976-2"
"901","AI-based personalized real-time risk prediction for behavioral management in psychiatric wards using multimodal data.","10.1016/j.ijmedinf.2025.105870"
"902","Imaging and plasma biomarkers for pathological accumulation in Down syndrome.","10.1093/brain/awaf418"
"903","Exploring the Association Between Triglyceride-Glucose Indices and Their Derivatives With Obstructive Sleep Apnea: Insights From the National Health and Nutrition Examination Survey.","10.2147/NSS.S487596"
"904","Sex-Specific Prognostic Differences Between CACS and Lp(a) in Atherosclerotic Cardiovascular Disease Events: The MESA Study.","10.1161/CIRCIMAGING.125.018413"
"905","Predicting surgical difficulty in robotic liver resection: applicability of laparoscopic scores.","10.1016/j.hpb.2025.12.007"
"906","pTRACK-generated normalised average T2 signal intensity and fistula volume are accurate and sensitive measures of perianal crohn's disease activity.","10.1093/bjr/tqaf263"
"907","Identification of genomic alteration and prognosis using pathomics-based artificial intelligence in oral leukoplakia and head and neck squamous cell carcinoma: a multicenter experimental study.","10.1097/JS9.0000000000002077"
"908","Development and validation of a CT-based radiomics machine learning model for differentiating immune-related interstitial pneumonia.","10.1016/j.intimp.2025.114681"
"909","Predicting postoperative complications after pneumonectomy using machine learning: a 10-year study.","10.1080/07853890.2025.2487636"
"910","The influence of the relative deltoid moment arm on active motion in patients with massive cuff tears.","10.1016/j.jse.2025.03.001"
"911","Stratifying Endoscopic Submucosal Dissection Risks: A Validated Perforation Preoperative Risk Scoring Tool.","10.1097/SLA.0000000000006838"
"912","Comparative analysis of the correlation between paraspinal muscles fat infiltration and vertebral bone quality in patients with lumbar degenerative diseases.","10.1007/s00586-025-09142-y"
"913","Development of Patient-Specific Nomogram to Assist in Clinical Decision-Making for Single Port Versus Multi-Port Robotic Partial Nephrectomy: A Report from the Single Port Advanced Robotic Consortium.","10.1089/end.2024.0547"
"914","Development and validation of an interpretable machine learning model for diagnosing pathologic complete response in breast cancer.","10.1016/j.cmpb.2025.108803"
"915","Prognostic value of immune infiltration in colorectal cancer: Development of a histopathology-related immunoscore via multiplexed immunohistochemistry.","10.1016/j.surg.2025.109350"
"916","Longitudinal changes in tumor morphology and body composition following neoadjuvant chemotherapy predict progression-free survival in adenocarcinoma of the esophagogastric junction: A multi-center study.","10.1016/j.ejrad.2025.112461"
"917","Distinctive lymph node metastasis characteristics and predictive model for young oral squamous cell carcinoma patients under 30.","10.1016/j.jcms.2025.04.016"
"918","Integration of mitral regurgitant fraction with routine echocardiographic variables in assessment of myxomatous mitral valve disease.","10.1016/j.jvc.2025.11.004"
"919","Multiparametric MRI Including T1ρ Mapping for Hepatic Fibrosis Assessment in Preclinical Models of Steatotic Liver Disease.","10.1097/RLI.0000000000001193"
"920","Charred or fragmented, yet comparable: Quantifying dental surface dissimilarity across teeth, jaws, and heat exposure.","10.1016/j.forsciint.2025.112577"
"921","Deep Learning Model Based on Dual-energy CT for Assessing Cervical Lymph Node Metastasis in Oral Squamous Cell Carcinoma.","10.1016/j.acra.2025.06.020"
"922","A novel nomogram incorporating time-to-event modeling for predicting postoperative delirium in cardiac surgery patients.","10.1016/j.genhosppsych.2025.08.005"
"923","New wearable cardiac acoustic monitoring technology for evaluation of subclinical leaflet thrombosis after transcatheter aortic valve replacement.","10.1136/heartjnl-2024-324698"
"924","Development of a predictive nomogram for post-liver transplantation complications using clinical parameters and liver stiffness measured by sound touch elastography.","10.1080/07853890.2025.2564928"
"925","Development and validation of a novel predictive model for postpancreatectomy hemorrhage using lasso-logistic regression: an international multicenter observational study of 9631 pancreatectomy patients.","10.1097/JS9.0000000000001883"
"926","Automated detection of pediatric congenital heart disease from phonocardiograms using deep and handcrafted feature fusion.","10.1016/j.compbiomed.2025.110993"
"927","Metabolic and proteomic signatures differentiate inflammatory phenotypes from cancer and predict treatment response in patient sera.","10.1002/btm2.70029"
"928","Enhanced Detection of Prostate Cancer Lesions on Biparametric MRI Using Artificial Intelligence: A Multicenter, Fully-crossed, Multi-reader Multi-case Trial.","10.1016/j.acra.2025.06.038"
"929","Markers of Left Atrial Myopathy: Prognostic Usefulness for Ischemic Stroke and Dementia in People in Sinus Rhythm.","10.1161/STROKEAHA.124.047747"
"930","Machine learning-based models to predict type 2 diabetes combined with coronary heart disease and feature analysis-based on interpretable SHAP.","10.1007/s00592-025-02496-1"
"931","The virtual doctor prescribing the future: Diagnostics with interactive clinical decision support.","10.1016/j.compbiomed.2025.110968"
"932","Plasma-based untargeted metabolomics reveals potential biomarkers for screening and distinguishing of ovarian tumors.","10.1016/j.cca.2025.120246"
"933","Predicting radiation pneumonitis in lung cancer patients using robust 4DCT-ventilation and perfusion imaging.","10.1016/j.radonc.2025.111110"
"934","A Novel Risk Prediction Model for Hepatocellular Carcinoma in MASLD: A Multinational, Multicenter Cohort Study.","10.1016/j.cgh.2025.06.025"
"935","Towards a Definition of Physiologic Vulnerability in Pediatric Spine Surgery: Identification of Key Risk Factors in a Cohort Study of Children With Neuromuscular Disease Undergoing Spinal Fusion.","10.1177/21925682251344928"
"936","Early mortality in patients with acute ischemic stroke after endovascular stroke therapy.","10.1136/jnis-2025-023517"
"937","Which adiposity index is best? Comparison of five indicators and their ability to identify type 2 diabetes risk in a population study.","10.1016/j.diabres.2025.112268"
"938","Identification of Key Fatty Acid Metabolism-Related Genes in Alzheimer's Disease.","10.1007/s12035-025-04857-x"
"939","Leveraging Deep Learning, Grid Search, and Bayesian Networks to Predict Distant Recurrence of Breast Cancer.","10.3390/cancers17152515"
"940","Incidence, Risk Factors, and Prediction Model of Parastomal Hernia After Abdominoperineal Resection for Rectal Cancer.","10.1002/wjs.70071"
"941","Machine Learning-Based Classification of White Matter Functional Changes in Stroke Patients Using Resting-State fMRI.","10.1007/s10548-025-01138-7"
"942","Combination Between Biomarkers and Echocardiographic Data for Prediction of Left Ventricular Reverse Remodelling in Cardiac Resynchronization Therapy.","10.3390/jcm14103496"
"943","Predictive Factors for Adverse Cardiac Events and Mortality in Patients with Hypertrophic Cardiomyopathy.","10.3390/jcm14103546"
"944","Prospective cohort study to validate esophageal dose constraints and predictive models for esophagitis in patients with breast cancer undergoing hypofractionated regional nodal radiotherapy.","10.1016/j.radonc.2025.111120"
"945","Nuclear magnetic resonance-based metabolomics and risk of pancreatic cancer: a prospective analysis in the UK Biobank.","10.1007/s00535-025-02237-9"
"946","A retrospective study on a nomogram combining clinical and ultrasound parameters for differentiating solitary parathyroid adenoma from carcinoma or atypical tumors.","10.3389/fendo.2025.1538361"
"947","Utilizing deep learning to predict Alzheimer's disease and mild cognitive impairment with optical coherence tomography.","10.1002/dad2.70041"
"948","Clinical-genomic nomogram for predicting sensitivity to second-line immunotherapy for advanced non-small cell lung cancer.","10.21037/tlcr-2024-1249"
"949","Pulse-Echo Imaging of Breast Speed of Sound as a Potential Biomarker for Breast Cancer.","10.1016/j.ultrasmedbio.2025.07.002"
"950","Ag+/Hg2+-Controlled Programmable DNA Nanostructures Enable Tumor Liquid Biopsy by Mass Spectrometry Simultaneous Sensing of Multiple Circulating Tumor DNAs.","10.1021/acs.analchem.5c05543"
"951","A Machine Learning and Bayesian Belief Network Approach to Predicting Cervical Cancer Risk: Implications for Risk Management.","10.2147/JMDH.S524132"
"952","Machine learning-integrated droplet microfluidic system for accurate quantification and classification of microplastics.","10.1016/j.watres.2025.123161"
"953","AI-Assisted 3D Planning of CT Parameters for Personalized Femoral Prosthesis Selection in Total Hip Arthroplasty.","10.2147/TCRM.S521755"
"954","Preoperative hemorrhagic risk stratification in pediatric moyamoya disease: a multi-institutional propensity score-matched analysis.","10.1097/JS9.0000000000002677"
"955","Ultrasound shear wave viscoelastic imaging combined with shear wave elastography for characterization of focal liver lesions.","10.1016/j.jbiomech.2025.113073"
"956","Diagnostic performance of plasma pTau217/Aβ42 ratio and a three-zone threshold model for Alzheimer's disease.","10.1016/j.neurobiolaging.2025.12.005"
"957","Nomogram for Predicting Postoperative Major Bleeding in Percutaneous Nephrolithotomy: A Retrospective Study.","10.1016/j.euros.2025.07.001"
"958","Development and validation of a novel clinical risk score to predict hypoxaemia in children with pneumonia using the WHO PREPARE dataset.","10.1136/bmjgh-2024-017256"
"959","Sex-specific optimal cut-off points for metabolic health indicators to predict incident type 2 diabetes mellitus.","10.1016/j.numecd.2025.103963"
"960","The Compounded Risk of Maternal Anemia and Preeclampsia: Neonatal Outcomes and Predictive Modeling in a Low-Resource Tertiary Center.","10.3390/jcm14145051"
"961","A Nomogram to Predict Mortality in Patients With Severe Oral and Maxillofacial Space Infections.","10.1111/odi.15256"
"962","Are Pediatric early warning scores reliable in malnourished children? A prospective validation study in a resource-limited ED.","10.1016/j.ajem.2025.07.036"
"963","Development and Validation of Comorbidity Severity Adjustment Methods in Mortality Models for Acute Cerebrovascular Disease Using Survival and Machine Learning Analyses.","10.3390/jcm14103281"
"964","Evaluation of the Voice and Communication Situation Questionnaire Developed With and for Transgender and Gender-Diverse People Presumed Female at Birth.","10.1044/2025_JSLHR-25-00285"
"965","AUCPro: AUC-Oriented Provable Robustness Learning.","10.1109/TPAMI.2025.3545639"
"966","In-Hospital Mortality Prediction among Intensive Care Unit Patients with Acute Ischemic Stroke: A Machine Learning Approach.","10.34133/hds.0179"
"967","Predicting mortality and short-term outcomes of continuous kidney replacement therapies in neonates and infants.","10.1093/ndt/gfaf173"
"968","Decreased Serum and Tissue Levels of Isthmin-1 in Patients With Idiopathic Granulomatous Mastitis: A Case-Control Study.","10.1155/jimr/6368073"
"969","Risk Stratification Prediction of Endometrial Cancer Using Microstructural Mapping Based on Time-Dependent Diffusion MRI.","10.1111/cas.70036"
"970","The predictive value of 18F-FDG PET/CT radiomics for pleural invasion in non-small cell lung cancer.","10.1016/j.ejrad.2025.112199"
"971","Prioritizing Patient Selection in Clinical Trials: A Machine Learning Algorithm for Dynamic Prediction of In-Hospital Mortality for ICU Admitted Patients Using Repeated Measurement Data.","10.3390/jcm14020612"
"972","Incidence of Ectopic Pregnancy and Diagnostic Accuracy of Ectopic Pregnancy Screening Criteria Among People Seeking Versus Not Seeking Abortion: A Retrospective Case-Control Study.","10.1016/j.whi.2025.08.006"
"973","Nomogram Model for Identifying the Risk of Coronary Heart Disease in Patients with Chronic Obstructive Pulmonary Disease Based on Deep Learning Radiomics and Clinical Data: A Multicenter Study.","10.2147/COPD.S539307"
"974","Insights into the diagnostic and prognostic value of paraoxonase 1-related variables and inflammatory markers in community-acquired pneumonia.","10.1016/j.cbi.2025.111606"
"975","Preoperative risk score for 90-day mortality after major liver resection.","10.1016/j.gassur.2025.102064"
"976","Development and validation of a convenient dementia risk prediction tool for diabetic population: A large and longitudinal machine learning cohort study.","10.1016/j.jad.2025.03.135"
"977","Genetic analysis of alcohol use disorder: GWAS of alcohol use disorders identification test (AUDIT) and polygenic risk scores in an east slavic population.","10.1016/j.drugalcdep.2025.112713"
"978","Longitudinal Changes in Peritoneal Transport and Their Impact on Dialysis Outcomes: A Machine Learning Approach Integrating Clinical and Biomarker Data.","10.1159/000545943"
"979","Radiomic Profiling of Tumor Thrombus for Predicting Recurrence in Renal Cell Carcinoma.","10.1016/j.euros.2025.06.005"
"980","Risk Stratification for Trial Enrichment Considering Loco-Regional Failure in Head and Neck Cancer: UICC8 Versus Purpose-Built Failure-Type Specific Risk Prediction Model.","10.1002/hed.28085"
"981","An Ultrasound-Based Machine Learning Model for Differentiating IgG4-Related Sialadenitis and Primary Sjögren's Syndrome.","10.1016/j.identj.2025.104011"
"982","Precision Enhanced Bioactivity Prediction of Tyrosine Kinase Inhibitors by Integrating Deep Learning and Molecular Fingerprints Towards Cost-Effective and Targeted Cancer Therapy.","10.3390/ph18070975"
"983","Exploring the effect of hsa-miR-19b-3p on IL-1R1 expression and serum levels in alopecia areata.","10.1007/s00403-024-03788-2"
"984","Evaluating sex-specific prediction models for colorectal cancer risk using a genome-wide polygenic risk score and lifestyle factors in a Japanese population.","10.1016/j.canep.2025.102878"
"985","Development and validation of a prediction model of frailty risk in community-dwelling older adults: From a national longitudinal survey.","10.1016/j.puhe.2024.12.055"
"986","Internal validation strategy for high dimensional prognosis model: A simulation study and application to transcriptomic in head and neck tumors.","10.1016/j.csbj.2025.08.035"
"987","A Nomogram for Prediction of Weight Loss Outcomes after Bariatric Surgery.","10.1007/s11695-025-08100-3"
"988","Electrocardiographic-Driven artificial intelligence Model: A new approach to predicting One-Year mortality in heart failure with reduced ejection fraction patients.","10.1016/j.ijmedinf.2025.105843"
"989","Dynamic facial expression recognition deficits in schizophrenia: A classification study.","10.1016/j.ajp.2025.104738"
"990","Integrating metabolomics, proteomics, and traditional risk factors to predict sleep disorders and elucidate potential biological pathways.","10.1016/j.jad.2025.119784"
"991","Quantification of Intratumoral Heterogeneity Based on Habitat Analysis for Preoperative Assessment of Lymphovascular Invasion in Colorectal Cancer.","10.1016/j.acra.2025.03.014"
"992","Complete blood count-derived biomarkers as indicators of systemic lupus erythematosus activity: a cross-sectional comparative study.","10.1136/lupus-2025-001795"
"993","A Deep Learning Model Integrating Clinical and MRI Features Improves Risk Stratification and Reduces Unnecessary Biopsies in Men with Suspected Prostate Cancer.","10.3390/cancers17132257"
"994","Prognostic Factors and Clinical Prediction Score for Progressive Respiratory Failure in Severe COVID-19 Pneumonia Patients Treated with Tocilizumab: A Multicenter Study.","10.2147/TCRM.S567679"
"995","Validation of a Novel Magnetic Resonance Imaging Biomarker of Infarct Severity to Predict Functional Outcome After Endovascular Thrombectomy.","10.1161/STROKEAHA.124.050508"
"996","Association of Diaphragmatic Mobility and Thickening Fraction with Postoperative Pulmonary Complications in Patients Undergoing Thoracic Surgery and Their Application in Prediction.","10.2147/TCRM.S519646"
"997","Gait Characteristics and Neuroanatomical Alterations in Obstructive Sleep Apnea-Hypopnea Syndrome.","10.2147/NSS.S502204"
"998","Bone marrow immune remodeling in depression: TNF/NF-κB mediated leukocyte redistribution and construction of an interpretable predictive model.","10.1016/j.intimp.2025.115487"
"999","Improving Breast Cancer Diagnosis in Ultrasound Images Using Deep Learning with Feature Fusion and Attention Mechanism.","10.1016/j.acra.2025.05.007"
"1000","Performance of Different Comorbidity Indices in Predicting Mortality in Danish Pancreatic Cancer Patients.","10.2147/CLEP.S560098"
"1001","Predictive value of platelet count-related ratios for severity in biliary Escherichia coli and Klebsiella pneumonia bloodstream infections.","10.1007/s10096-025-05120-w"
"1002","Accuracy of the Metabolic and Bariatric Surgery Accreditation Quality Improvement Program risk/benefit calculator in predicting outcomes of revisional bariatric surgery.","10.1016/j.soard.2025.06.019"
"1003","Machine learning to predict postdialysis fatigue in patients undergoing hemodialysis.","10.1080/0886022X.2025.2529452"
"1004","Development and validation of a prognostic nomogram for postoperative survival in hilar cholangiocarcinoma using SEER and institutional cohorts.","10.1016/j.hpb.2025.09.005"
"1005","Role of S1 vertebral Hounsfield units value and bone quality score in predicting new vertebral compression fracture after percutaneous kyphoplasty.","10.1007/s00586-025-09533-1"
"1006","Frailty predicts treatment-related toxicity and discontinuation in older adults with chronic lymphocytic leukemia treated with BTK and BCL-2 inhibitors: Findings from a prospective single-center cohort study.","10.1016/j.jgo.2025.102219"
"1007","Serum mature microRNA panel: A novel approach for primary prostate cancer diagnosis.","10.1016/j.cca.2025.120150"
"1008","Prognostic utility of hybrid coronary computed tomography angiography and myocardial perfusion imaging in elderly patients with suspected coronary artery disease.","10.1016/j.ijcard.2025.133493"
"1009","Validation of an Artificial Intelligence Model for Breast Cancer Molecular Subtyping Using Hematoxylin and Eosin-Stained Whole-Slide Images in a Population-Based Cohort.","10.3390/cancers17193234"
"1010","Validation of the alcohol, smoking and substance involvement screening test (ASSIST) for identifying methamphetamine use among people on methadone maintenance treatment in Vietnam.","10.1111/add.70010"
"1011","Inflammatory Markers and Contrast-Induced Nephropathy Risk: A Meta-Analysis of NLR and PLR in ACS Patients Undergoing Percutaneous Coronary Intervention.","10.1002/ccd.70056"
"1012","Integrated electrochemical biosensor featuring nanoforest hierarchical architectures and catalytic hairpin amplification for breast cancer diagnosis.","10.1016/j.talanta.2025.128766"
"1013","Comparison of diffusion-weighted and contrast-enhanced MRI for monitoring response to neoadjuvant therapy in breast cancer.","10.1007/s00330-025-11640-y"
"1014","Validation of the Chinese version of patient health Questionnaire-4 among Chinese adolescents.","10.1016/j.jad.2025.119505"
"1015","New Tricyclic γ‑Aminobutyric Acid Analogue HSK16149: A Ca2+ Channel α2‑δ Ligand for Treating Neuropathic Pain.","10.1021/acsmedchemlett.5c00336"
"1016","Prediction of seizure risk after repetitive mild traumatic brain injury in childhood.","10.3171/2025.1.PEDS2436"
"1017","Bone age and dental age to assess criminal responsibility: Part II.","10.1007/s00414-025-03454-w"
"1018","Cisterns and Cortical Sulci Effacement Score Predicts Early Postoperative Cerebral Infarction in Spontaneous Intracerebral Hemorrhage.","10.1007/s12028-025-02414-x"
"1019","Proteomic Plasticity in the Coral Montipora capitata Gamete Bundles after Parent Thermal Bleaching.","10.1021/acs.jproteome.4c00946"
"1020","Relationship between scalp high-frequency oscillations and time since the last seizure in epilepsy.","10.1016/j.clinph.2025.03.007"
"1021","Developing and testing a patient-reported outcome measure for patients with sleep disturbances using EQ-5D and condition-specific bolt-ons: a mixed method study.","10.1007/s11136-025-03985-0"
"1022","The value of plasma presepsin as a diagnostic and prognostic biomarker for febrile neutropenia in children.","10.1080/07853890.2025.2561224"
"1023","Insights into the comparison of machine learning models on rice grain arsenic prediction: Interplay of rice cultivation systems and soil environmental factors.","10.1016/j.envpol.2025.126646"
"1024","The diagnostic performance of a novel flow cytometry-based assay for the diagnosis of systemic lupus erythematosus.","10.1016/j.cca.2025.120662"
"1025","Determination of cutoff values for severe low muscle mass using calf circumference in the global leadership initiative on malnutrition (GLIM) criteria.","10.1016/j.clnu.2025.05.015"
"1026","Automatic phantom-less QCT predicts hip fracture risk: Bone and muscle parameters comparison.","10.1016/j.ejrad.2025.112562"
"1027","Prostate-Specific Antigen Decline Rate in the First Month Is a Timely Predictive Factor for Biochemical Recurrence After Robot-Assisted Radical Prostatectomy.","10.3390/cancers17060961"
"1028","Development and external validation of risk prediction models for depression in patients with osteoporosis.","10.1016/j.gerinurse.2025.103571"
"1029","Machine learning for identifying liver and pancreas cancers through comprehensive serum glycopeptide spectra analysis: a case-control study.","10.1002/1878-0261.70084"
"1030","The relationship between geriatric nutritional risk index and prognosis in acute heart failure.","10.1016/j.numecd.2025.104268"
"1031","Weakly supervised deep learning-based detection of serous tubal intraepithelial carcinoma in fallopian tubes.","10.1016/j.jpi.2025.100522"
"1032","Validation of Updated Sarculator Nomogram for Primary Retroperitoneal Sarcoma in the United States.","10.1245/s10434-025-18873-7"
"1033","Selection Patterns and Outcomes of Kidney Transplantation Versus Dialysis in Lung Recipients with End-Stage Renal Disease: A Single-Center Retrospective-Observational Study.","10.3390/jcm14197017"
"1034","Estimating Periodontal Stability Using Computer Vision.","10.1177/00220345251316514"
"1035","Development and international validation of a novel multivariate prognostic tool: posterior urethral valve risk of chronic kidney disease (PURK) score.","10.1007/s00467-025-06701-9"
"1036","18F-FDG PET/CT and contrast-enhanced CT evaluation of lymph node status after neoadjuvant immunochemotherapy in patients with esophageal squamous cell carcinoma.","10.1007/s00259-025-07603-6"
"1037","Leveraging natural language processing to enhance feedback-informed group therapy: A proof of concept.","10.1037/pst0000570"
"1038","Development and external validation of an interpretable machine learning model for predicting perinatal depression in Chinese women during mid- and late pregnancy.","10.1016/j.ijmedinf.2025.106000"
"1039","Machine learning classification of steatogenic compounds using toxicogenomics profiles.","10.1016/j.tox.2025.154237"
"1040","A Computed Tomography-Based Score to Predict Survival in Patients With Adrenocortical Carcinoma: A Proof-of-Concept Study.","10.1177/08465371251335170"
"1041","Radiation Doses to Cardiac Substructures Predict Elevation in High-sensitivity Cardiac Troponin T Levels in Radiation Therapy for Lung Cancer.","10.1016/j.ijrobp.2025.10.008"
"1042","One Size Does Not Fit All: Reassessment of The Prognostic Nutritional Index Among Geriatric Distal Femur Fracture Patients.","10.1007/s00402-025-05936-3"
"1043","Maternal serum syndecan-1 levels in preterm prelabor rupture of membranes and potential predictor of adverse perinatal outcomes: A case-control study.","10.1002/ijgo.70408"
"1044","Predicting acute diarrhoea in rectal cancer chemoradiotherapy: Secondary analysis of the phase III ARISTOTLE trial.","10.1016/j.radonc.2025.111032"
"1045","BioSeq_Ksite: Multi-perspective feature-driven prediction of protein succinylation based on an adaptive attention module with SSBCE loss strategy.","10.1016/j.ijbiomac.2025.143601"
"1046","A radiopathomics model for predicting large-number cervical lymph node metastasis in clinical N0 papillary thyroid carcinoma.","10.1007/s00330-025-11377-8"
"1047","Early Detection of Accelerated Hyperopia Reserve Depletion in Chinese Children with Poor Visual Habits: A Longitudinal Cohort Study.","10.1016/j.ajo.2025.07.026"
"1048","Privacy-Preserving Data Augmentation for Digital Pathology Using Improved DCGAN.","10.1109/JBHI.2025.3551720"
"1049","Deep learning for differential diagnosis of parotid tumors based on 2.5D magnetic resonance imaging.","10.1080/07853890.2025.2520401"
"1050","Treatment adherence in first-episode psychosis: A one-year follow-up study comparing self-reported adherence, pharmacy refill data, and therapeutic drug monitoring.","10.1016/j.psychres.2025.116780"
"1051","Evaluation of the Diagnostic Utility of Combining Electromyography with Clinical and Pathological Indices in the Diagnosis of Diabetic Peripheral Neuropathy: A Retrospective Study.","10.2147/JMDH.S525731"
"1052","The Air-Test score for prediction of postoperative pulmonary complications after general anaesthesia: analysis of harmonised trial data and a prospective observational cohort.","10.1016/j.bja.2025.11.010"
"1053","Preoperative identification of hepatocellular carcinoma from focal liver lesions ≤ 20 mm in high-risk patients using clinical and contrast-enhanced ultrasound features.","10.1016/j.ejrad.2025.112076"
"1054","Automated detection of early-stage osteonecrosis of the femoral head in adult using YOLOv10: Multi-institutional validation.","10.1016/j.ejrad.2025.111983"
"1055","Short-term preeclampsia prediction: cutoff variations for sFlt-1/PlGF in U.S. Patients with or without hypertensive disorders.","10.1080/07853890.2025.2591850"
"1056","Development and validation of multiparametric models incorporating 18F-FDG PET/CT dissemination characteristic for predicting outcomes of small cell lung cancer.","10.1016/j.ejrad.2025.112425"
"1057","Profiling Shared Cytotoxic Immune Signatures in SLE-Associated Coronary Injury Through Transcriptomics and Machine Learning.","10.2147/ITT.S539756"
"1058","Development and validation of a plasma-urine metabolism diagnostic model for renal cell carcinoma using machine learning.","10.1007/s00345-025-06132-z"
"1059","Utility of the IFCN criteria for identifying interictal epileptiform discharges by experts: A decision hygiene approach to improve inter-rater reliability.","10.1016/j.clinph.2025.02.275"
"1060","Diagnostic accuracy of mean nocturnal basal impedance and other complementary tests for the diagnosis of gastroesophageal reflux disease according to the new Lyon criteria.","10.1177/17562848251340495"
"1061","Breast cancer detection from ultrasound computed tomography imaging using radiomic analysis: in silico trial.","10.1002/mp.17710"
"1062","An online explainable ensemble machine learning model for predicting epidermal growth factor receptor mutation status in lung adenocarcinoma.","10.21037/tlcr-2025-237"
"1063","Beyond the Neck: When Is Thoracic Operation Needed for Thyroidectomy?","10.1097/XCS.0000000000001306"
"1064","Interpretable Prognostic Modeling for Postoperative Pancreatic Cancer Using Multi-machine Learning and Habitat Radiomics: A Multi-center Study.","10.1016/j.acra.2025.04.025"
"1065","Transarterial Radioembolization in the TACOME Trial: Dosimetric Analysis and Clinical Features in Predicting Response and Overall Survival.","10.2967/jnumed.125.269519"
"1066","Self-monitoring symptoms and pulse oximetry to predict imminent altitude illness in patients with chronic obstructive pulmonary disease.","10.1080/25310429.2025.2588515"
"1067","Machine-learning-based prediction of functional recovery in deep-pain-negative dogs after decompressive thoracolumbar hemilaminectomy for acute intervertebral disc extrusion.","10.1111/vsu.14250"
"1068","Application of contrast-enhanced CT-driven multimodal machine learning models for pulmonary metastasis prediction in head and neck adenoid cystic carcinoma.","10.1016/j.ejrad.2025.112377"
"1069","Artificial Intelligence (AI)-Driven Screening of Equivocal Prostate Immunohistochemistry (IHC) Cases: Development and Validation of a Screening and Cancer Detection Framework.","10.1016/j.modpat.2025.100904"
"1070","Interpretable machine learning model to predict aggressive behavior in first-episode schizophrenia.","10.1016/j.jpsychires.2025.09.065"
"1071","Plasma Reticulocalbin 3 (RCN3) is a Novel Biomarker for the Early Diagnosis of Hepatopulmonary Syndrome in Cirrhotic Patients.","10.1007/s00408-025-00807-5"
"1072","Montreal Cognitive Assessment vs the Mini-Mental State Examination as a Screening Tool for Patients With Genetic Frontotemporal Dementia.","10.1212/WNL.0000000000213401"
"1073","Predicting prognosis of patients with hepatitis B virus-related acute-on-chronic liver failure from longitudinal ultrasound images using a multi-task deep learning approach.","10.1080/07853890.2025.2551819"
"1074","Predicting Outcome and Duration of Mechanical Ventilation in Acute Hypoxemic Respiratory Failure: The PREMIER Study.","10.3390/jcm14227903"
"1075","Prediction of cardiac events in pregnant women with cardiac diseases using modified WHO, CARPREG II, and ZAHARA risk assessments in southern Thailand.","10.1002/ijgo.70196"
"1076","Insulin-like Growth Factor-1 Reflects Liver Disease Stage and Improves Prediction of Liver-related Mortality.","10.1016/j.cgh.2025.02.030"
"1077","Elevated cerebrospinal fluid protein predicts lumbar drainage catheter occlusion in neurosurgical patients.","10.1007/s10143-025-03801-w"
"1078","High-Resolution Magnetic Resonance Imaging Radiomics for Identifying High-Risk Intracranial Plaques.","10.1007/s12975-025-01345-1"
"1079","Effect of Bone Microstructure Derived From CBCT on the Accuracy of Robot-Assisted Implant Surgery: A Retrospective Study.","10.1111/clr.14414"
"1080","Postpartum macrominerals and trace elements dynamics in cows: A potential early indicator of endometritis?","10.1016/j.anireprosci.2025.108011"
"1081","T2-Weighted MRI-Based Vertebral Bone Quality Score is an Independent Risk Factor of Osteoporotic Vertebral Compression Fracture: An Age- and Sex-Matched Study.","10.1177/21925682251339995"
"1082","Effects of ischemic conditioning on microvascular reactivity to single passive limb movement in young adults: a pilot study.","10.1007/s00421-025-05717-1"
"1083","Muscle fat content correlates with postoperative survival of viral-related cirrhosis patients after the TIPS: a retrospective study.","10.1080/07853890.2025.2484460"
"1084","Role of Multiparametric Ultrasound in Predicting the IDH Mutation in Gliomas: Insights from Intraoperative B-Mode, SWE, and SMI Modalities.","10.3390/jcm14176264"
"1085","Integrating Clinical-Pathological-MRI features to construct a prediction model for pathological complete remission of axillary lymph nodes after neoadjuvant therapy: a retrospective study.","10.1097/JS9.0000000000003070"
"1086","MicroRNA-143-3p and miR-452-5p: A Fingerprint for the Diagnosis of Aortic Stenosis in the Geriatric Population.","10.3390/biomedicines13030671"
"1087","A Novel TRG-N Prognostic Classification System for Esophageal Cancer Undergoing Neoadjuvant Therapy Followed by Esophagectomy: A Study Based on the Netherlands Cancer Registry.","10.1097/SLA.0000000000006869"
"1088","Quantitative CT Imaging Radiomics-Based Prediction of Bone Mineral Density Changes After Sleeve Gastrectomy.","10.1007/s11695-025-07994-3"
"1089","Deep Learning-Enabled Ultrasound for Advancing Anterior Talofibular Ligament Injuries Classification: A Multicenter Model Development and Validation Study.","10.1016/j.acra.2025.07.013"
"1090","A multifactorial modeling to predicting tibial stress fractures: The role of tibial anatomy in adolescents.","10.1016/j.ejrad.2025.111932"
"1091","Diagnostic performance of procalcitonin for detecting anastomotic leak in older adults with colorectal cancer: A delayed type cross-sectional study.","10.1016/j.surg.2025.109336"
"1092","Risk factors for implant failure of implant-supported fixed full-arch rehabilitation in edentulous maxillae and mandibles: A 1- to 7-year retrospective study.","10.1016/j.jdent.2025.106146"
"1093","Design of NanoBiT-Nanobody-based FGL1 biosensors for early assisted diagnosis of esophageal cancer.","10.1016/j.biomaterials.2025.123286"
"1094","An Integrative Clinical and Intra- and Peritumoral MRI Radiomics Nomogram for the Preoperative Prediction of Lymphovascular Invasion in Rectal Cancer.","10.1016/j.acra.2025.02.019"
"1095","Evaluating the predictive potential of Th1 (IFN-γ+CD4+)/CD4+ in rapidly progressive amyotrophic lateral sclerosis.","10.1007/s00415-025-13361-0"
"1096","Structural equation modelling of nucleotide polymorphisms and pharmacokinetics in direct oral anticoagulant use for stroke and embolism prevention in atrial fibrillation.","10.1016/j.ejphar.2025.178049"
"1097","Development of a pediatric readmissions encounter predictor: Benchmarks for 30-day unplanned pediatric readmission.","10.1002/jhm.70061"
"1098","Application of pressure at the gastric tube tip manometry for nasogastric tube positioning in neurocritical care: A prospective diagnostic study.","10.1016/j.iccn.2025.104034"
"1099","Streamlining tuberculosis detection with foundation model-based weakly supervised transformer.","10.1016/j.compbiomed.2025.110554"
"1100","Predictive model for daily risk alerts in sepsis patients in the ICU: visualization and clinical analysis of risk indicators.","10.1093/pcmedi/pbaf003"
"1101","FDG-PET/CT and Multimodal Machine Learning Model Prediction of Pathological Complete Response to Neoadjuvant Chemotherapy in Triple-Negative Breast Cancer.","10.3390/cancers17071249"
