doi,article,model,sample_size,study_type,model_type,auc,auc_ci,sens,sens_ci,spec,spec_ci,roc,roc_colour,roc_panel,exclude,from_rand_order
10.1001_jamaoto.2025.4694,1,1,278,development,diagnostic,0.867,yes,76,yes,80.09,yes,no,na,na,na,no
10.1001_jamaoto.2025.4694,1,2,278,development,diagnostic,0.86,yes,76.63,yes,76.6,yes,no,na,na,na,no
10.1001_jamaoto.2025.4694,1,3,278,development,diagnostic,0.9,yes,85.22,yes,86.97,yes,no,na,na,na,no
10.1001_jamaoto.2025.4694,1,4,278,development,diagnostic,0.84,yes,82.55,yes,75.59,yes,no,na,na,na,no
10.1001_jamaoto.2025.4694,1,5,278,development,diagnostic,0.83,yes,77.19,yes,73.12,yes,no,na,na,na,no
10.1001_jamaoto.2025.4694,1,6,278,development,diagnostic,0.87,yes,81.52,yes,80.73,yes,no,na,na,na,no
10.1001_jamaoto.2025.4694,1,7,278,development,diagnostic,0.92,yes,89.9,yes,83.74,yes,no,na,na,na,no
10.1001_jamaoto.2025.4694,1,8,278,development,diagnostic,0.59,yes,51.43,yes,65.71,yes,no,na,na,na,no
10.1001_jamaoto.2025.4694,1,9,278,development,diagnostic,0.62,yes,55.72,yes,68.57,yes,no,na,na,na,no
10.1001_jamaoto.2025.4694,1,10,278,development,diagnostic,0.61,yes,42.86,yes,78.57,yes,no,na,na,na,no
10.1001_jamaoto.2025.4694,1,11,278,development,diagnostic,0.6,yes,55.71,yes,65,yes,no,na,na,na,no
10.1001_jamaoto.2025.4694,1,12,278,development,diagnostic,0.6,yes,56.43,yes,62.86,yes,no,na,na,na,no
10.1001_jamaoto.2025.4694,1,13,278,development,diagnostic,0.6,yes,47.86,yes,71.43,yes,no,na,na,na,no
10.1001_jamaoto.2025.4694,1,14,278,development,diagnostic,0.6,yes,55,yes,64.29,yes,no,na,na,na,no
10.1002_1878-0261.70084,2,1,758,development,diagnostic,0.789,no,na,na,na,na,yes,blue,1,na,no
10.1002_1878-0261.70084,2,2,758,development,diagnostic,0.789,no,na,na,na,na,yes,blue,1,na,no
10.1002_1878-0261.70084,2,3,758,development,diagnostic,0.851,no,na,na,na,na,yes,blue,1,na,no
10.1002_1878-0261.70084,2,4,758,development,diagnostic,0.75,no,na,na,na,na,yes,blue,1,na,no
10.1002_1878-0261.70084,2,5,758,development,diagnostic,0.501,no,na,na,na,na,yes,grey,1,na,no
10.1002_1878-0261.70084,2,6,758,development,diagnostic,0.813,no,na,na,na,na,yes,blue,1,na,no
10.1002_1878-0261.70084,2,7,758,development,diagnostic,0.864,no,na,na,na,na,yes,blue,1,na,no
10.1002_1878-0261.70084,2,8,758,development,diagnostic,0.606,no,na,na,na,na,yes,grey,1,na,no
10.1002_1878-0261.70084,2,9,758,development,diagnostic,0.879,no,na,na,na,na,yes,blue,1,na,no
10.1002_1878-0261.70084,2,10,758,development,diagnostic,0.601,no,na,na,na,na,yes,grey,1,na,no
10.1002_1878-0261.70084,2,11,758,development,diagnostic,0.617,no,na,na,na,na,yes,grey,1,na,no
10.1002_1878-0261.70084,2,12,758,development,diagnostic,0.613,no,na,na,na,na,yes,grey,1,na,no
10.1002_1878-0261.70084,2,13,758,development,diagnostic,0.774,no,na,na,na,na,yes,blue,1,na,no
10.1002_1878-0261.70084,2,14,758,development,diagnostic,0.523,no,na,na,na,na,yes,grey,1,na,no
10.1002_1878-0261.70084,2,15,758,development,diagnostic,0.657,no,na,na,na,na,yes,grey,1,na,no
10.1002_1878-0261.70084,2,16,758,development,diagnostic,0.59,no,na,na,na,na,yes,grey,1,na,no
10.1002_1878-0261.70084,2,17,758,development,diagnostic,0.527,no,na,na,na,na,yes,grey,1,na,no
10.1002_1878-0261.70084,2,18,758,development,diagnostic,0.599,no,na,na,na,na,yes,grey,1,na,no
10.1002_1878-0261.70084,2,19,758,development,diagnostic,0.924,no,na,na,na,na,yes,blue,2,na,no
10.1002_1878-0261.70084,2,20,758,development,diagnostic,0.753,no,na,na,na,na,yes,blue,2,na,no
10.1002_1878-0261.70084,2,21,758,development,diagnostic,0.907,no,na,na,na,na,yes,blue,2,na,no
10.1002_1878-0261.70084,2,22,758,development,diagnostic,0.931,no,na,na,na,na,yes,blue,2,na,no
10.1002_1878-0261.70084,2,23,758,development,diagnostic,0.997,no,na,na,na,na,yes,blue,3,na,no
10.1002_1878-0261.70084,2,24,758,development,diagnostic,0.995,no,na,na,na,na,yes,blue,3,na,no
10.1002_ana.27260,3,1,7577,development,prognostic,0.94,yes,90,yes,89,yes,yes,W,1,na,no
10.1002_ana.27260,3,2,7577,development,prognostic,0.85,yes,94,yes,74,yes,yes,N1,1,na,no
10.1002_ana.27260,3,3,7577,development,prognostic,0.92,yes,92,yes,83,yes,yes,REM,1,na,no
10.1002_ana.27260,3,4,7577,development,prognostic,0.91,yes,88,yes,83,yes,yes,N2,1,na,no
10.1002_ana.27260,3,5,7577,development,prognostic,0.98,yes,94,yes,93,yes,yes,N3,1,na,no
10.1002_ana.27260,3,6,7577,development,prognostic,0.97,yes,78,yes,89,yes,yes,GRDA,1,na,no
10.1002_ana.27260,3,7,7577,development,prognostic,0.97,yes,86,yes,88,yes,yes,LRDA,1,na,no
10.1002_ana.27260,3,8,7577,development,prognostic,0.87,yes,75,yes,86,yes,yes,SZ,1,na,no
10.1002_ana.27260,3,9,7577,development,prognostic,0.99,yes,90,yes,94,yes,yes,GPD,1,na,no
10.1002_ana.27260,3,10,7577,development,prognostic,0.97,yes,88,yes,86,yes,yes,LPD,1,na,no
10.1002_ana.27260,3,11,7577,development,prognostic,0.94,yes,79,yes,99,yes,yes,BS,1,na,no
10.1002_ana.27291,4,1,235,development,diagnostic,0.97,yes,na,na,na,na,yes,black,1,na,no
10.1002_ana.27291,4,2,108,validation,diagnostic,0.96,yes,na,na,na,na,yes,orange,1,na,no
10.1002_ana.27291,4,3,235,development,diagnostic,0.99,yes,na,na,na,na,yes,black,2,na,no
10.1002_ana.27291,4,4,108,validation,diagnostic,0.95,yes,na,na,na,na,yes,orange,2,na,no
10.1002_ana.27291,4,5,235,development,diagnostic,0.97,yes,na,na,na,na,yes,black,3,na,no
10.1002_ana.27291,4,6,108,validation,diagnostic,0.92,yes,na,na,na,na,yes,orange,3,na,no
10.1002_ana.78066,5,1,501,validation,diagnostic,0.83,yes,na,na,na,na,yes,green,1A,na,no
10.1002_ana.78066,5,2,501,validation,diagnostic,0.91,yes,na,na,na,na,yes,green,1B,na,no
10.1002_ana.78066,5,3,501,validation,diagnostic,0.85,yes,na,na,na,na,yes,green,1C,na,no
10.1002_ana.78066,5,4,501,validation,diagnostic,0.64,yes,na,na,na,na,yes,blue,1D,na,no
10.1002_ana.78066,5,5,501,validation,diagnostic,0.83,yes,na,na,na,na,yes,blue,1E,na,no
10.1002_ana.78066,5,6,501,validation,diagnostic,0.69,yes,na,na,na,na,yes,blue,1F,na,no
10.1002_ana.78066,5,7,501,validation,diagnostic,0.83,yes,na,na,na,na,yes,purple,1G,na,no
10.1002_ana.78066,5,8,501,validation,diagnostic,0.92,yes,na,na,na,na,yes,purple,1H,na,no
10.1002_ana.78066,5,9,501,validation,diagnostic,0.85,yes,na,na,na,na,yes,purple,1I,na,no
10.1002_ana.78066,5,1,293,development,diagnostic,0.77,yes,na,na,na,na,yes,green,2A,na,no
10.1002_ana.78066,5,2,293,development,diagnostic,0.85,yes,na,na,na,na,yes,green,2B,na,no
10.1002_ana.78066,5,3,293,development,diagnostic,0.79,yes,na,na,na,na,yes,green,2C,na,no
10.1002_ana.78066,5,4,293,development,diagnostic,0.82,yes,na,na,na,na,yes,blue,2D,na,no
10.1002_ana.78066,5,5,293,development,diagnostic,0.94,yes,na,na,na,na,yes,blue,2E,na,no
10.1002_ana.78066,5,6,293,development,diagnostic,0.85,yes,na,na,na,na,yes,blue,2F,na,no
10.1002_ana.78066,5,7,293,development,diagnostic,0.9,yes,na,na,na,na,yes,purple,2G,na,no
10.1002_ana.78066,5,8,293,development,diagnostic,0.97,yes,na,na,na,na,yes,purple,2H,na,no
10.1002_ana.78066,5,9,293,development,diagnostic,0.91,yes,na,na,na,na,yes,purple,2I,na,no
10.1002_aur.70054,6,1,75105,development,diagnostic,0.997,yes,98.9,na,1,na,no,na,na,na,no
10.1002_aur.70054,6,2,75105,development,diagnostic,0.996,yes,98.1,na,1,na,no,na,na,na,no
10.1002_aur.70054,6,3,75105,development,diagnostic,0.999,yes,99.6,na,1,na,no,na,na,na,no
10.1002_bcp.70411,7,1,714,development,diagnostic,0.76,yes,68.1,na,73.5,na,yes,blue,a,na,no
10.1002_btm2.70029,8,1,99,development,diagnostic,0.76,yes,na,na,na,na,cnd,na,na,na,no
10.1002_btm2.70029,8,2,99,development,diagnostic,0.72,yes,na,na,na,na,cnd,na,na,na,no
10.1002_btm2.70029,8,3,99,development,diagnostic,0.69,yes,na,na,na,na,cnd,na,na,na,no
10.1002_btm2.70029,8,4,99,development,diagnostic,0.81,yes,na,na,na,na,cnd,na,na,na,no
10.1002_btm2.70029,8,5,99,development,diagnostic,0.73,yes,na,na,na,na,cnd,na,na,na,no
10.1002_btm2.70029,8,6,99,development,diagnostic,0.72,yes,na,na,na,na,cnd,na,na,na,no
10.1002_ccd.31498,9,1,52,validation,diagnostic,0.564,yes,na,na,na,na,yes,line,1,na,no
10.1002_ccd.31498,9,2,52,validation,diagnostic,0.876,yes,na,na,na,na,yes,dash,2,na,no
10.1002_ccd.31498,9,3,52,validation,diagnostic,0.804,yes,na,na,na,na,yes,dash,3,na,no
10.1002_ccd.31498,9,4,52,validation,diagnostic,0.854,yes,na,na,na,na,yes,dot,4,na,no
10.1002_ccd.31498,9,5,52,validation,diagnostic,0.767,yes,na,na,na,na,yes,dash,5,na,no
10.1002_ccd.31498,9,6,52,validation,diagnostic,0.544,yes,na,na,na,na,yes,dot,6,na,no
10.1002_ccd.31526,na,na,na,na,na,na,na,na,na,na,na,na,na,na,not prediction model study,no
10.1002_ccd.31532,10,1,294,development,diagnostic,0.861,yes,83.2,na,81.3,na,yes,blue,1,na,no
10.1002_ccd.31534,11,1,479,validation,diagnostic,0.86,yes,78.8,na,82.5,na,cnd,na,na,na,no
10.1002_ccd.31534,11,2,479,validation,diagnostic,0.86,yes,77.1,na,84.5,na,cnd,na,na,na,no
10.1002_ccd.31534,11,3,479,validation,diagnostic,0.86,yes,69.5,na,86.5,na,cnd,na,na,na,no
10.1002_ccd.31534,11,4,479,validation,diagnostic,0.87,yes,85,na,78.5,na,cnd,na,na,na,no
10.1002_ccd.31534,11,5,479,validation,diagnostic,0.87,yes,65,na,86.1,na,cnd,na,na,na,no
10.1002_ccd.31534,11,6,479,validation,diagnostic,0.85,yes,na,na,na,na,cnd,na,na,na,no
10.1002_ccd.31535,12,1,176,development,diagnostic,0.84,yes,62.7,na,98.4,na,yes,black,a,na,no
10.1002_ccd.31535,12,2,176,development,diagnostic,0.835,yes,78.4,na,86.4,na,yes,black,b,na,no
10.1002_ccd.31535,12,3,176,development,diagnostic,0.881,yes,82.4,na,83.2,na,yes,black,c,na,no
10.1002_ccd.31535,12,4,176,development,diagnostic,0.913,yes,84.3,na,88,na,yes,black,d,na,no
10.1002_ccd.70056,na,na,na,na,na,na,na,na,na,na,na,na,na,na,meta-analysis,no
10.1002_ccd.70150,13,1,81,development,prognostic,0.74,na,68,na,75,na,yes,blue,a,na,no
10.1002_ccd.70338,14,1,82,development,diagnostic,0.84,na,na,na,na,na,yes,blue,a,na,no
10.1002_ccd.70338,14,2,82,development,diagnostic,0.78,na,na,na,na,na,no,na,na,na,no
10.1002_ccd.70350,na,na,na,na,na,na,na,na,na,na,na,na,na,na,not required data,no
10.1002_ccs3.70047,na,na,na,na,na,na,na,na,na,na,na,na,na,na,animal study,no
10.1002_dad2.70041,15,1,68,validation,diagnostic,0.91,yes,88,yes,82,yes,yes,red,1,na,no
10.1002_dad2.70041,15,2,68,validation,diagnostic,0.87,yes,82,yes,82,yes,no,na,na,na,no
10.1002_dad2.70041,15,3,68,validation,diagnostic,0.82,yes,73,yes,64,yes,no,na,na,na,no
10.1002_dad2.70041,15,4,68,validation,diagnostic,0.72,yes,57,yes,36,yes,yes,blue,1,na,no
10.1002_dad2.70041,15,5,68,validation,diagnostic,0.71,yes,56,yes,55,yes,yes,orange,1,na,no
10.1002_dad2.70041,15,6,68,validation,diagnostic,0.84,yes,67,yes,71,yes,yes,red,2,na,no
10.1002_dad2.70041,15,7,68,validation,diagnostic,0.83,yes,73,yes,71,yes,no,na,na,na,no
10.1002_dad2.70041,15,8,68,validation,diagnostic,0.8,yes,65,yes,65,yes,no,na,na,na,no
10.1002_dad2.70041,15,9,68,validation,diagnostic,0.58,yes,28,yes,32,yes,yes,blue,2,na,no
10.1002_dad2.70041,15,10,68,validation,diagnostic,0.75,yes,58,yes,60,yes,yes,orange,2,na,no
10.1002_dad2.70116,16,1,187,development,diagnostic,0.92,yes,86.29,yes,89.81,yes,yes,orange,1,na,no
10.1002_dad2.70229,17,1,1030,validation,prognostic,0.56,yes,na,na,na,na,cnd,na,na,na,no
10.1002_dad2.70229,17,2,1030,validation,prognostic,0.76,yes,na,na,na,na,cnd,na,na,na,no
10.1002_dad2.70229,17,3,1030,validation,prognostic,0.71,yes,na,na,na,na,cnd,na,na,na,no
10.1002_dad2.70229,17,4,1030,validation,prognostic,0.72,yes,na,na,na,na,cnd,na,na,na,no
10.1002_dad2.70229,17,5,1030,validation,prognostic,0.64,yes,na,na,na,na,cnd,na,na,na,no
10.1002_dad2.70229,17,6,1030,validation,prognostic,0.74,yes,na,na,na,na,cnd,na,na,na,no
10.1002_dad2.70229,17,7,1030,validation,prognostic,0.75,yes,na,na,na,na,cnd,na,na,na,no
10.1002_dad2.70229,17,8,1030,validation,prognostic,0.71,yes,na,na,na,na,cnd,na,na,na,no
10.1002_dad2.70229,17,9,1030,validation,prognostic,0.76,yes,na,na,na,na,cnd,na,na,na,no
10.1002_dad2.70229,17,10,1030,validation,prognostic,0.76,yes,na,na,na,na,cnd,na,na,na,no
10.1002_dad2.70229,17,11,1030,validation,prognostic,0.77,yes,na,na,na,na,cnd,na,na,na,no
10.1002_dad2.70229,17,12,1030,validation,prognostic,0.64,yes,na,na,na,na,cnd,na,na,na,no
10.1002_dad2.70229,17,13,1030,validation,prognostic,0.86,yes,na,na,na,na,cnd,na,na,na,no
10.1002_dad2.70229,17,14,1030,validation,prognostic,0.81,yes,na,na,na,na,cnd,na,na,na,no
10.1002_dad2.70229,17,15,1030,validation,prognostic,0.84,yes,na,na,na,na,cnd,na,na,na,no
10.1002_dad2.70229,17,16,1030,validation,prognostic,0.72,yes,na,na,na,na,cnd,na,na,na,no
10.1002_dad2.70229,17,17,1030,validation,prognostic,0.85,yes,na,na,na,na,cnd,na,na,na,no
10.1002_dad2.70229,17,18,1030,validation,prognostic,0.81,yes,na,na,na,na,cnd,na,na,na,no
10.1002_dad2.70229,17,19,1030,validation,prognostic,0.87,yes,na,na,na,na,cnd,na,na,na,no
10.1002_dad2.70229,17,20,1030,validation,prognostic,0.81,yes,na,na,na,na,cnd,na,na,na,no
10.1002_dad2.70229,17,21,1030,validation,prognostic,0.87,yes,na,na,na,na,cnd,na,na,na,no
10.1002_dad2.70229,17,22,1030,validation,prognostic,0.87,yes,na,na,na,na,cnd,na,na,na,no
10.1002_dad2.70229,17,23,1030,validation,prognostic,0.54,yes,na,na,na,na,cnd,na,na,na,no
10.1002_dad2.70229,17,24,1030,validation,prognostic,0.77,yes,na,na,na,na,cnd,na,na,na,no
10.1002_dad2.70229,17,25,1030,validation,prognostic,0.68,yes,na,na,na,na,cnd,na,na,na,no
10.1002_dad2.70229,17,26,1030,validation,prognostic,0.71,yes,na,na,na,na,cnd,na,na,na,no
10.1002_dad2.70229,17,27,1030,validation,prognostic,0.59,yes,na,na,na,na,cnd,na,na,na,no
10.1002_dad2.70229,17,28,1030,validation,prognostic,0.75,yes,na,na,na,na,cnd,na,na,na,no
10.1002_dad2.70229,17,29,1030,validation,prognostic,0.77,yes,na,na,na,na,cnd,na,na,na,no
10.1002_dad2.70229,17,30,1030,validation,prognostic,0.81,yes,na,na,na,na,cnd,na,na,na,no
10.1002_dad2.70229,17,31,1030,validation,prognostic,0.79,yes,na,na,na,na,cnd,na,na,na,no
10.1002_dad2.70229,17,32,1030,validation,prognostic,0.8,yes,na,na,na,na,cnd,na,na,na,no
10.1002_dad2.70229,17,33,1030,validation,prognostic,0.81,yes,na,na,na,na,cnd,na,na,na,no
10.1002_dad2.70229,17,34,1030,validation,prognostic,0.52,yes,na,na,na,na,cnd,na,na,na,no
10.1002_dad2.70229,17,35,1030,validation,prognostic,0.78,yes,na,na,na,na,cnd,na,na,na,no
10.1002_dad2.70229,17,36,1030,validation,prognostic,0.69,yes,na,na,na,na,cnd,na,na,na,no
10.1002_dad2.70229,17,37,1030,validation,prognostic,0.76,yes,na,na,na,na,cnd,na,na,na,no
10.1002_dad2.70229,17,38,1030,validation,prognostic,0.6,yes,na,na,na,na,cnd,na,na,na,no
10.1002_dad2.70229,17,39,1030,validation,prognostic,0.69,yes,na,na,na,na,cnd,na,na,na,no
10.1002_dad2.70229,17,40,1030,validation,prognostic,0.8,yes,na,na,na,na,cnd,na,na,na,no
10.1002_dad2.70229,17,41,1030,validation,prognostic,0.75,yes,na,na,na,na,cnd,na,na,na,no
10.1002_dad2.70229,17,42,1030,validation,prognostic,0.75,yes,na,na,na,na,cnd,na,na,na,no
10.1002_dad2.70229,17,43,1030,validation,prognostic,0.75,yes,na,na,na,na,cnd,na,na,na,no
10.1002_dad2.70229,17,44,1030,validation,prognostic,0.74,yes,na,na,na,na,cnd,na,na,na,no
10.1002_dad2.70229,17,45,1030,validation,prognostic,0.75,yes,na,na,na,na,cnd,na,na,na,no
10.1002_ece3.70908,na,na,na,na,na,na,na,na,na,na,na,na,na,na,not human study,no
10.1002_ejhf.3693,18,1,50,development,diagnostic,0.851,na,79.4,na,78.6,na,yes,blue,1,na,no
10.1002_fsn3.70837,19,1,24235,development,,0.89,na,86,na,88,na,yes,blue,1,na,no
10.1002_fsn3.70837,19,2,24235,development,,0.96,na,92,na,90,na,yes,orange,1,na,no
10.1002_fsn3.70837,19,3,24235,development,,0.83,na,80,na,82,na,yes,green,1,na,no
10.1002_fsn3.70837,19,4,24235,development,,0.89,na,78,na,80,na,yes,red,1,na,no
10.1002_fsn3.70837,19,5,24235,development,,0.9,na,83,na,81,na,yes,purple,1,na,no
10.1002_fsn3.70837,19,6,24235,development,,0.85,na,75,na,77,na,yes,brown,1,na,no
10.1002_fsn3.70837,19,7,24235,development,,0.77,na,68,na,70,na,yes,pink,1,na,no
10.1002_fsn3.70837,19,8,24235,development,,0.79,na,70,na,72,na,yes,grey,1,na,no
10.1002_hed.28072,na,na,na,na,na,na,na,na,na,na,na,na,na,na,not prediction model study,no
10.1002_hed.28085,20,1,886,validation,prognostic,0.53,yes,na,na,na,na,na,na,na,na,no
10.1002_hed.28085,20,2,886,validation,prognostic,0.62,yes,na,na,na,na,na,na,na,na,no
10.1002_hed.28085,20,3,886,validation,prognostic,0.57,yes,na,na,na,na,na,na,na,na,no
10.1002_hed.28085,20,4,886,validation,prognostic,0.63,yes,na,na,na,na,na,na,na,na,no
10.1002_hed.28085,20,5,886,validation,prognostic,0.63,yes,na,na,na,na,na,na,na,na,no
10.1002_hed.28085,20,6,886,validation,prognostic,0.68,yes,na,na,na,na,na,na,na,na,no
10.1002_hed.28085,20,7,886,validation,prognostic,0.65,yes,na,na,na,na,na,na,na,na,no
10.1002_hed.28085,20,8,886,validation,prognostic,0.66,yes,na,na,na,na,na,na,na,na,no
10.1002_hed.28085,20,9,886,validation,prognostic,0.72,yes,na,na,na,na,na,na,na,na,no
10.1002_hed.28172,na,na,na,na,na,na,na,na,na,na,na,na,na,na,not required data,no
10.1002_hed.28189,21,1,75,development,diagnostic,0.753,na,0.75,na,0.8,na,na,na,na,na,no
10.1002_hed.28189,21,2,75,development,diagnostic,0.753,na,0.667,na,0.6,na,na,na,na,na,no
10.1002_hed.28189,21,3,75,development,diagnostic,0.753,na,0.72,na,0.72,na,na,na,na,na,no
10.1002_ijgo.70159,22,1,94,development,diagnostic,0.71,na,52,na,76,na,na,na,na,na,no
10.1002_ijgo.70159,22,2,94,development,diagnostic,0.87,na,77,na,93,na,na,na,na,na,no
10.1002_ijgo.70159,22,3,94,development,diagnostic,0.74,na,46,na,84,na,na,na,na,na,no
10.1002_ijgo.70159,22,4,94,development,diagnostic,0.87,na,88,na,72,na,na,na,na,na,no
10.1002_ijgo.70159,22,5,94,development,diagnostic,0.73,na,na,na,na,na,na,na,na,na,no
10.1002_ijgo.70159,22,6,94,development,diagnostic,0.94,na,na,na,na,na,na,na,na,na,no
10.1002_ijgo.70159,22,7,94,development,diagnostic,0.84,na,na,na,na,na,na,na,na,na,no
10.1002_ijgo.70159,22,8,94,development,diagnostic,0.94,na,na,na,na,na,na,na,na,na,no
10.1002_ijgo.70159,22,9,94,development,diagnostic,0.91,na,na,na,na,na,na,na,na,na,no
10.1002_ijgo.70159,22,10,94,development,diagnostic,0.98,na,na,na,na,na,na,na,na,na,no
10.1002_ijgo.70159,22,11,94,development,diagnostic,0.93,na,na,na,na,na,yes,yellow,1,na,no
10.1002_ijgo.70159,22,12,94,development,diagnostic,0.98,na,na,na,na,na,na,na,na,na,no
10.1002_ijgo.70159,22,13,94,development,diagnostic,0.68,na,na,na,na,na,na,na,na,na,no
10.1002_ijgo.70159,22,14,94,development,diagnostic,0.7,na,na,na,na,na,na,na,na,na,no
10.1002_ijgo.70159,22,15,94,development,diagnostic,0.68,na,na,na,na,na,na,na,na,na,no
10.1002_ijgo.70159,22,16,94,development,diagnostic,0.66,na,na,na,na,na,na,na,na,na,no
10.1002_ijgo.70159,22,17,94,development,diagnostic,0.73,na,na,na,na,na,na,na,na,na,no
10.1002_ijgo.70159,22,18,94,development,diagnostic,0.87,na,na,na,na,na,na,na,na,na,no
10.1002_ijgo.70159,22,19,94,development,diagnostic,0.78,na,na,na,na,na,na,na,na,na,no
10.1002_ijgo.70159,22,20,94,development,diagnostic,0.75,na,na,na,na,na,na,na,na,na,no
10.1002_ijgo.70196,23,1,333,development,prognostic,0.774,yes,na,na,na,na,cnd,na,na,na,no
10.1002_ijgo.70196,23,2,333,development,prognostic,0.744,yes,na,na,na,na,cnd,na,na,na,no
10.1002_ijgo.70196,23,3,333,development,prognostic,0.7,yes,na,na,na,na,cnd,na,na,na,no
10.1002_ijgo.70196,23,4,333,development,prognostic,0.677,yes,na,na,na,na,cnd,na,na,na,no
10.1002_ijgo.70196,23,5,333,development,prognostic,0.768,yes,na,na,na,na,cnd,na,na,na,no
10.1002_ijgo.70196,23,6,333,development,prognostic,0.754,yes,na,na,na,na,cnd,na,na,na,no
10.1002_ijgo.70196,23,7,163,development,prognostic,0.685,yes,na,na,na,na,cnd,na,na,na,no
10.1002_ijgo.70234,24,1,261632,development,prognostic,0.92,na,90,na,92,na,na,na,na,na,no
10.1002_ijgo.70408,25,1,128,development,diagnostic,0.785,yes,81.6,na,66.7,na,yes,blue,1,na,no
10.1002_ijgo.70408,25,2,128,development,diagnostic,0.683,yes,85.7,na,51.7,na,yes,blue,2,na,no
10.1002_ijgo.70408,25,3,128,development,diagnostic,0.574,yes,67.3,na,53.3,na,yes,green,1,na,no
10.1002_ijgo.70408,25,4,128,development,diagnostic,0.576,yes,94.3,na,27.6,na,yes,green,2,na,no
10.1002_ijgo.70609,26,1,283,development,prognostic,0.861,na,na,na,na,na,na,na,na,na,no
10.1002_ijgo.70609,26,2,283,development,prognostic,0.902,na,na,na,na,na,na,na,na,na,no
10.1002_ijgo.70609,26,3,283,development,prognostic,0.855,na,na,na,na,na,na,na,na,na,no
10.1002_ijgo.70609,26,4,283,development,prognostic,0.898,na,na,na,na,na,na,na,na,na,no
10.1002_ijgo.70609,26,5,283,development,prognostic,0.903,na,na,na,na,na,na,na,na,na,no
10.1002_ijgo.70609,26,6,283,development,prognostic,0.833,na,na,na,na,na,na,na,na,na,no
10.1002_ijgo.70609,26,7,283,development,prognostic,0.889,na,na,na,na,na,na,na,na,na,no
10.1002_ijgo.70609,26,8,283,development,prognostic,0.842,na,na,na,na,na,na,na,na,na,no
10.1002_ijgo.70609,26,9,283,development,prognostic,0.884,na,na,na,na,na,na,na,na,na,no
10.1002_ijgo.70609,26,10,283,development,prognostic,0.877,na,na,na,na,na,na,na,na,na,no
10.1002_ijgo.70609,26,11,283,development,prognostic,0.88,na,na,na,na,na,na,na,na,na,no
10.1002_ijgo.70609,26,12,283,development,prognostic,0.85,na,na,na,na,na,na,na,na,na,no
10.1002_ijgo.70609,26,13,283,development,prognostic,0.82,na,na,na,na,na,na,na,na,na,no
10.1002_ijgo.70609,26,14,283,development,prognostic,0.81,na,na,na,na,na,na,na,na,na,no
10.1002_ijgo.70609,26,15,283,development,prognostic,0.79,na,na,na,na,na,na,na,na,na,no
10.1002_ijgo.70609,26,16,283,development,prognostic,0.88,na,na,na,na,na,na,na,na,na,no
10.1002_ijgo.70609,26,17,283,development,prognostic,0.86,na,na,na,na,na,na,na,na,na,no
10.1002_ijgo.70609,26,18,283,development,prognostic,0.83,na,na,na,na,na,na,na,na,na,no
10.1002_ijgo.70609,26,19,283,development,prognostic,0.83,na,na,na,na,na,na,na,na,na,no
10.1002_ijgo.70609,26,20,283,development,prognostic,0.81,na,na,na,na,na,na,na,na,na,no
10.1002_jcla.25159,27,1,703,development,diagnostic,0.792,na,83.4,na,69,na,na,na,na,na,no
10.1002_jcla.25159,27,2,703,development,diagnostic,0.8,na,83.3,na,69.4,na,na,na,na,na,no
10.1002_jcla.25159,27,3,703,development,diagnostic,0.913,na,88.1,na,76.5,na,na,na,na,na,no
10.1002_jcla.25159,27,4,703,development,diagnostic,0.709,na,82.8,na,75,na,na,na,na,na,no
10.1002_jcla.25159,27,5,703,development,diagnostic,0.905,na,81.5,na,95,na,na,na,na,na,no
10.1002_jcla.25159,27,6,703,development,diagnostic,0.827,na,94.1,na,80.5,na,na,na,na,na,no
10.1002_jcla.25159,27,7,703,development,diagnostic,0.805,na,91.7,na,70.8,na,na,na,na,na,no
10.1002_jcla.25159,27,8,703,development,diagnostic,0.988,na,97,na,97.1,na,na,na,na,na,no
10.1002_jcla.25159,27,9,703,development,diagnostic,0.789,na,100,na,75,na,na,na,na,na,no
10.1002_jcla.25159,27,10,703,development,diagnostic,0.812,na,85.2,na,83.3,na,na,na,na,na,no
10.1002_jcla.70030,na,na,na,na,na,na,na,na,na,na,na,na,na,na,not required data,no
10.1002_jhm.70012,28,1,871,validation,prognostic,0.71,yes,0.67,yes,0.69,yes,yes,blue,1,na,no
10.1002_jhm.70061,29,1,1294834,validation,prognostic,0.738,yes,na,na,na,na,yes,blue,1,na,no
10.1002_jmri.29819,30,1,279,validation,diagnostic,0.88,yes,75,yes,50,yes,na,na,na,na,no
10.1002_jmri.29819,30,2,279,validation,diagnostic,0.91,yes,81,yes,1,yes,na,na,na,na,no
10.1002_jmri.29819,30,3,473,validation,diagnostic,0.56,yes,75,yes,56,yes,na,na,na,na,no
10.1002_jmri.29819,30,4,473,validation,diagnostic,0.48,yes,72,yes,22,yes,na,na,na,na,no
10.1002_jmri.29819,30,5,235,validation,diagnostic,0.62,yes,84,yes,30,yes,na,na,na,na,no
10.1002_jmri.29819,30,6,235,validation,diagnostic,0.54,yes,79,yes,30,yes,na,na,na,na,no
10.1002_jmri.29819,30,7,99,validation,diagnostic,0.69,yes,78,yes,45,yes,yes,blue,1,na,no
10.1002_jmri.29819,30,8,99,validation,diagnostic,0.64,yes,77,yes,51,yes,yes,blue,2,na,no
10.1002_jmri.70045,na,na,na,na,na,na,na,na,na,na,na,na,na,na,not prediction model study,no
10.1002_jmri.70058,31,1,111,validation,diagnostic,0.929,yes,71.4,na,94.4,na,yes,red,1,na,no
10.1002_jmri.70183,32,1,60,development,prognostic,0.62,yes,56,na,76,na,na,na,na,na,no
10.1002_jmri.70183,32,2,60,development,prognostic,0.51,yes,78,na,38,na,na,na,na,na,no
10.1002_jmri.70183,32,3,60,development,prognostic,0.54,yes,100,na,29,na,na,na,na,na,no
10.1002_jmri.70183,32,4,60,development,prognostic,0.61,yes,67,na,67,na,na,na,na,na,no
10.1002_jmri.70183,32,5,60,development,prognostic,0.65,yes,56,na,78,na,na,na,na,na,no
10.1002_jmri.70183,32,6,60,development,prognostic,0.72,yes,67,na,78,na,na,na,na,na,no
10.1002_jmri.70183,32,7,60,development,prognostic,0.54,yes,50,na,71,na,na,na,na,na,no
10.1002_jmri.70183,32,8,60,development,prognostic,0.67,yes,83,na,54,na,na,na,na,na,no
10.1002_jmri.70183,32,9,60,development,prognostic,0.51,yes,83,na,42,na,na,na,na,na,no
10.1002_jmri.70183,32,10,60,development,prognostic,0.82,yes,83,na,75,na,na,na,na,na,no
10.1002_jmri.70183,32,11,60,development,prognostic,0.7,yes,83,na,63,na,na,na,na,na,no
10.1002_jmri.70183,32,12,60,development,prognostic,0.9,yes,83,na,88,na,na,na,na,na,no
10.1002_jmri.70183,32,13,60,development,prognostic,0.63,yes,63,na,77,na,na,na,na,na,no
10.1002_jmri.70183,32,14,60,development,prognostic,0.71,yes,88,na,59,na,na,na,na,na,no
10.1002_jmri.70183,32,15,60,development,prognostic,0.61,yes,88,na,46,na,na,na,na,na,no
10.1002_jmri.70183,32,16,60,development,prognostic,0.88,yes,88,na,82,na,na,na,na,na,no
10.1002_jmri.70183,32,17,60,development,prognostic,0.79,yes,75,na,82,na,na,na,na,na,no
10.1002_jmri.70183,32,18,60,development,prognostic,0.97,yes,88,na,96,na,na,na,na,na,no
10.1002_jmri.70205,33,1,328,development,diagnostic,0.893,yes,90.7,na,56.1,na,yes,blue,a,na,no
10.1002_jmri.70205,33,2,328,development,diagnostic,0.868,yes,93.1,na,41.5,na,yes,orange,a,na,no
10.1002_jmri.70205,33,3,328,development,diagnostic,0.873,yes,89.4,na,54.9,na,yes,green,a,na,no
10.1002_jmri.70205,33,4,328,development,diagnostic,0.882,yes,90.2,na,63.4,na,yes,red,a,na,no
10.1002_jmri.70205,33,5,328,development,diagnostic,0.926,yes,93.1,na,69.5,na,yes,pruple,a,na,no
10.1002_jmri.70205,33,6,328,development,diagnostic,0.959,yes,93.5,na,79.3,na,yes,brown,a,na,no
10.1002_jmri.70205,33,7,111,validation,diagnostic,0.844,yes,91.7,na,51.9,na,yes,blue,b,na,no
10.1002_jmri.70205,33,8,111,validation,diagnostic,0.942,yes,90.5,na,70.4,na,yes,orange,b,na,no
10.1002_jmri.70205,33,9,111,validation,diagnostic,0.867,yes,91.7,na,63,na,yes,green,b,na,no
10.1002_jmri.70205,33,10,111,validation,diagnostic,0.888,yes,89.3,na,63,na,yes,red,b,na,no
10.1002_jmri.70205,33,11,111,validation,diagnostic,0.952,yes,94.1,na,77.8,na,yes,pruple,b,na,no
10.1002_jmri.70205,33,12,111,validation,diagnostic,0.963,yes,96.4,na,74.1,na,yes,brown,b,na,no
10.1002_jmri.70205,33,13,112,validation,diagnostic,0.837,yes,88.1,na,46.4,na,yes,blue,c,na,no
10.1002_jmri.70205,33,14,112,validation,diagnostic,0.92,yes,92.9,na,67.9,na,yes,orange,c,na,no
10.1002_jmri.70205,33,15,112,validation,diagnostic,0.904,yes,90.5,na,46.4,na,yes,green,c,na,no
10.1002_jmri.70205,33,16,112,validation,diagnostic,0.857,yes,90.5,na,42.9,na,yes,red,c,na,no
10.1002_jmri.70205,33,17,112,validation,diagnostic,0.946,yes,92.9,na,67.9,na,yes,pruple,c,na,no
10.1002_jmri.70205,33,18,112,validation,diagnostic,0.949,yes,94.1,na,57.1,na,yes,brown,c,na,no
10.1002_jper.70032,34,1,566,validation,diagnostic,0.593,yes,79.2,yes,39.4,yes,na,na,na,na,no
10.1002_jper.70032,34,2,566,validation,diagnostic,0.884,yes,71.5,yes,87.6,yes,na,na,na,na,no
10.1002_jper.70032,34,3,566,validation,diagnostic,0.955,yes,90,yes,87.8,yes,na,na,na,na,no
10.1002_jper.70032,34,4,566,validation,diagnostic,0.576,yes,73.7,yes,41.5,yes,na,na,na,na,no
10.1002_jper.70032,34,5,566,validation,diagnostic,0.806,yes,66.5,yes,80.3,yes,na,na,na,na,no
10.1002_jper.70032,34,6,566,validation,diagnostic,0.931,yes,84.7,yes,89.4,yes,na,na,na,na,no
10.1002_jper.70047,35,1,87,validation,prognostic,0.533,yes,na,na,na,na,cnd,na,na,na,no
10.1002_jper.70047,35,2,87,validation,prognostic,0.8321,yes,na,na,na,na,cnd,na,na,na,no
10.1002_jper.70047,35,3,87,validation,prognostic,0.7697,yes,na,na,na,na,cnd,na,na,na,no
10.1002_jper.70047,35,4,87,validation,prognostic,0.77,yes,na,na,na,na,cnd,na,na,na,no
10.1002_jper.70047,35,5,87,validation,prognostic,0.77,yes,na,na,na,na,cnd,na,na,na,no
10.1002_jper.70047,35,6,87,validation,prognostic,0.77,yes,na,na,na,na,cnd,na,na,na,no
10.1002_jpn3.70201,36,1,2813,development,diagnostic,0.661,yes,na,na,na,na,cnd,na,na,na,no
10.1002_jpn3.70201,36,2,2813,development,diagnostic,0.683,yes,na,na,na,na,cnd,na,na,na,no
10.1002_jpn3.70201,36,3,2813,development,diagnostic,0.629,yes,na,na,na,na,cnd,na,na,na,no
10.1002_lary.32149,37,1,161,development,prognostic,0.761,na,55.3,na,98,na,yes,blue,c,na,no
10.1002_lary.32149,37,2,161,development,prognostic,0.926,na,86.7,na,93.8,na,yes,blue,d,na,no
10.1002_lary.70286,38,1,1301,development,prognostic,0.962,yes,na,na,na,na,yes,blue,a,na,no
10.1002_lary.70286,38,2,1301,development,prognostic,0.75,yes,na,na,na,na,yes,blue,b,na,no
10.1002_lary.70286,38,3,1301,development,prognostic,0.814,yes,na,na,na,na,yes,blue,c,na,no
10.1002_lary.70286,38,4,1301,validation,prognostic,0.724,yes,na,na,na,na,na,na,na,na,no
10.1002_lary.70332,39,1,40,development,diagnostic,0.72,na,70,na,66,na,yes,red,a,na,no
10.1002_lary.70332,39,2,40,development,diagnostic,0.49,na,70,na,32,na,yes,blue,a,na,no
10.1002_lary.70332,39,3,40,development,diagnostic,0.75,na,70,na,66,na,yes,green,a,na,no
10.1002_lary.70332,39,4,40,development,diagnostic,0.75,na,70,na,72,na,yes,red,b,na,no
10.1002_lary.70332,39,5,40,development,diagnostic,0.49,na,70,na,26,na,yes,blue,b,na,no
10.1002_lary.70332,39,6,40,development,diagnostic,0.77,na,70,na,68,na,yes,green,b,na,no
10.1002_mds.30194,40,1,94,development,diagnostic,0.903,yes,na,na,na,na,yes,blue,a,na,no
10.1002_mds.30194,40,2,94,development,diagnostic,0.836,yes,na,na,na,na,yes,blue,b,na,no
10.1002_mds.30194,40,3,94,development,diagnostic,0.886,yes,na,na,na,na,yes,blue,c,na,no
10.1002_mds.30194,40,4,94,development,diagnostic,0.769,yes,na,na,na,na,yes,blue,d,na,no
10.1002_mds.30194,40,5,94,development,diagnostic,0.755,yes,na,na,na,na,yes,blue,e,na,no
10.1002_mds.30194,40,6,94,development,diagnostic,0.716,yes,na,na,na,na,yes,blue,f,na,no
10.1002_mds.30256,41,1,77,development,diagnostic,0.44,na,na,na,na,na,yes,yellow,1,na,no
10.1002_mds.30256,41,2,77,development,diagnostic,0.8,na,na,na,na,na,yes,red,3,na,no
10.1002_mds.30256,41,3,77,development,diagnostic,0.81,na,na,na,na,na,yes,orange,2,na,no
10.1002_mds.30256,41,4,77,development,diagnostic,0.98,na,na,na,na,na,yes,purple,4,na,no
10.1002_mds.30256,41,5,77,development,diagnostic,0.98,na,na,na,na,na,yes,black,5,na,no
10.1002_mds.70062,42,1,149,development,prognostic,0.706,yes,na,na,na,na,yes,pink,1,na,no
10.1002_mds.70062,42,2,149,development,prognostic,0.661,yes,na,na,na,na,yes,yellow,2,na,no
10.1002_mds.70062,42,3,149,development,prognostic,0.714,yes,na,na,na,na,yes,green,3,na,no
10.1002_mp.17650,43,1,381,development,diagnostic,0.9258,na,na,na,na,na,yes,red,1,na,no
10.1002_mp.17672,44,1,407,validation,prognostic,0.723,na,na,na,na,na,na,na,na,na,no
10.1002_mp.17672,44,2,407,validation,prognostic,0.652,na,na,na,na,na,na,na,na,na,no
10.1002_mp.17672,44,3,407,validation,prognostic,0.696,na,na,na,na,na,na,na,na,na,no
10.1002_mp.17672,44,4,407,validation,prognostic,0.768,na,na,na,na,na,na,na,na,na,no
10.1002_mp.17672,44,5,407,validation,prognostic,0.411,na,na,na,na,na,na,na,na,na,no
10.1002_mp.17672,44,6,407,validation,prognostic,0.643,na,na,na,na,na,na,na,na,na,no
10.1002_mp.17672,44,7,407,validation,prognostic,0.589,na,na,na,na,na,na,na,na,na,no
10.1002_mp.17672,44,8,407,validation,prognostic,0.705,na,na,na,na,na,na,na,na,na,no
10.1002_mp.17672,44,9,407,validation,prognostic,0.955,na,na,na,na,na,na,na,na,na,no
10.1002_mp.17672,44,10,407,validation,prognostic,0.786,na,na,na,na,na,na,na,na,na,no
10.1002_mp.17672,44,11,407,validation,prognostic,0.714,na,na,na,na,na,na,na,na,na,no
10.1002_mp.17672,44,12,407,validation,prognostic,0.83,na,na,na,na,na,na,na,na,na,no
10.1002_mp.17672,44,13,407,validation,prognostic,0.455,na,na,na,na,na,na,na,na,na,no
10.1002_mp.17672,44,14,407,validation,prognostic,0.732,na,na,na,na,na,na,na,na,na,no
10.1002_mp.17672,44,15,407,validation,prognostic,0.679,na,na,na,na,na,na,na,na,na,no
10.1002_mp.17672,44,16,407,validation,prognostic,0.857,na,na,na,na,na,na,na,na,na,no
10.1002_mp.17672,44,17,407,validation,prognostic,0.696,na,na,na,na,na,na,na,na,na,no
10.1002_mp.17672,44,18,407,validation,prognostic,0.598,na,na,na,na,na,na,na,na,na,no
10.1002_mp.17672,44,19,407,validation,prognostic,0.688,na,na,na,na,na,na,na,na,na,no
10.1002_mp.17672,44,20,407,validation,prognostic,0.688,na,na,na,na,na,na,na,na,na,no
10.1002_mp.17672,44,21,407,validation,prognostic,0.946,na,na,na,na,na,na,na,na,na,no
10.1002_mp.17672,44,22,407,validation,prognostic,0.58,na,na,na,na,na,na,na,na,na,no
10.1002_mp.17672,44,23,407,validation,prognostic,0.786,na,na,na,na,na,na,na,na,na,no
10.1002_mp.17672,44,24,407,validation,prognostic,0.759,na,na,na,na,na,na,na,na,na,no
10.1002_mp.17672,44,25,407,validation,prognostic,0.854,na,na,na,na,na,na,na,na,na,no
10.1002_mp.17672,44,26,407,validation,prognostic,0.74,na,na,na,na,na,na,na,na,na,no
10.1002_mp.17672,44,27,407,validation,prognostic,0.677,na,na,na,na,na,na,na,na,na,no
10.1002_mp.17672,44,28,407,validation,prognostic,0.771,na,na,na,na,na,na,na,na,na,no
10.1002_mp.17672,44,29,407,validation,prognostic,0.646,na,na,na,na,na,na,na,na,na,no
10.1002_mp.17672,44,30,407,validation,prognostic,0.7,na,na,na,na,na,na,na,na,na,no
10.1002_mp.17672,44,31,407,validation,prognostic,0.594,na,na,na,na,na,na,na,na,na,no
10.1002_mp.17672,44,32,407,validation,prognostic,0.729,na,na,na,na,na,na,na,na,na,no
10.1002_mp.17672,44,33,407,validation,prognostic,0.667,na,na,na,na,na,na,na,na,na,no
10.1002_mp.17672,44,34,407,validation,prognostic,0.708,na,na,na,na,na,na,na,na,na,no
10.1002_mp.17672,44,35,407,validation,prognostic,0.688,na,na,na,na,na,na,na,na,na,no
10.1002_mp.17672,44,36,407,validation,prognostic,0.75,na,na,na,na,na,na,na,na,na,no
10.1002_mp.17672,44,37,407,validation,prognostic,0.365,na,na,na,na,na,na,na,na,na,no
10.1002_mp.17672,44,38,407,validation,prognostic,0.781,na,na,na,na,na,na,na,na,na,no
10.1002_mp.17672,44,39,407,validation,prognostic,0.792,na,na,na,na,na,na,na,na,na,no
10.1002_mp.17672,44,40,407,validation,prognostic,0.792,na,na,na,na,na,na,na,na,na,no
10.1002_mp.17672,44,41,407,validation,prognostic,0.49,na,na,na,na,na,na,na,na,na,no
10.1002_mp.17672,44,42,407,validation,prognostic,0.531,na,na,na,na,na,na,na,na,na,no
10.1002_mp.17672,44,43,407,validation,prognostic,0.656,na,na,na,na,na,na,na,na,na,no
10.1002_mp.17672,44,44,407,validation,prognostic,0.615,na,na,na,na,na,na,na,na,na,no
10.1002_mp.17672,44,45,407,validation,prognostic,0.677,na,na,na,na,na,na,na,na,na,no
10.1002_mp.17672,44,46,407,validation,prognostic,0.562,na,na,na,na,na,na,na,na,na,no
10.1002_mp.17672,44,47,407,validation,prognostic,0.5594,na,na,na,na,na,na,na,na,na,no
10.1002_mp.17672,44,48,407,validation,prognostic,0.635,na,na,na,na,na,na,na,na,na,no
10.1002_mp.17672,44,49,407,validation,prognostic,0.771,na,na,na,na,na,na,na,na,na,no
10.1002_mp.17672,44,50,407,validation,prognostic,0.646,na,na,na,na,na,na,na,na,na,no
10.1002_mp.17672,44,51,407,validation,prognostic,0.635,na,na,na,na,na,na,na,na,na,no
10.1002_mp.17672,44,52,407,validation,prognostic,0.677,na,na,na,na,na,na,na,na,na,no
10.1002_mp.17672,44,53,407,validation,prognostic,0.646,na,na,na,na,na,na,na,na,na,no
10.1002_mp.17672,44,54,407,validation,prognostic,0.7,na,na,na,na,na,na,na,na,na,no
10.1002_mp.17672,44,55,407,validation,prognostic,0.771,na,na,na,na,na,na,na,na,na,no
10.1002_mp.17672,44,56,407,validation,prognostic,0.844,na,na,na,na,na,na,na,na,na,no
10.1002_mp.17672,44,57,407,validation,prognostic,0.75,na,na,na,na,na,na,na,na,na,no
10.1002_mp.17672,44,58,407,validation,prognostic,0.573,na,na,na,na,na,na,na,na,na,no
10.1002_mp.17672,44,59,407,validation,prognostic,0.635,na,na,na,na,na,na,na,na,na,no
10.1002_mp.17672,44,60,407,validation,prognostic,0.635,na,na,na,na,na,na,na,na,na,no
10.1002_mp.17672,44,61,407,validation,prognostic,0.83,na,na,na,na,na,na,na,na,na,no
10.1002_mp.17672,44,62,407,validation,prognostic,0.573,na,na,na,na,na,na,na,na,na,no
10.1002_mp.17672,44,63,407,validation,prognostic,0.448,na,na,na,na,na,na,na,na,na,no
10.1002_mp.17672,44,64,407,validation,prognostic,0.615,na,na,na,na,na,na,na,na,na,no
10.1002_mp.17672,44,65,407,validation,prognostic,0.613,na,na,na,na,na,na,na,na,na,no
10.1002_mp.17672,44,66,407,validation,prognostic,0.844,na,na,na,na,na,na,na,na,na,no
10.1002_mp.17672,44,67,407,validation,prognostic,0.5,na,na,na,na,na,na,na,na,na,no
10.1002_mp.17672,44,68,407,validation,prognostic,0.812,na,na,na,na,na,na,na,na,na,no
10.1002_mp.17672,44,69,407,validation,prognostic,0.229,na,na,na,na,na,na,na,na,na,no
10.1002_mp.17672,44,70,407,validation,prognostic,0.875,na,na,na,na,na,na,na,na,na,no
10.1002_mp.17672,44,71,407,validation,prognostic,0.677,na,na,na,na,na,na,na,na,na,no
10.1002_mp.17672,44,72,407,validation,prognostic,0.896,na,na,na,na,na,na,na,na,na,no
10.1002_mp.17672,44,73,407,validation,prognostic,0.678,na,na,na,na,na,na,na,na,na,no
10.1002_mp.17672,44,74,407,validation,prognostic,0.822,na,na,na,na,na,na,na,na,na,no
10.1002_mp.17672,44,75,407,validation,prognostic,0.689,na,na,na,na,na,na,na,na,na,no
10.1002_mp.17672,44,76,407,validation,prognostic,0.911,na,na,na,na,na,na,na,na,na,no
10.1002_mp.17672,44,77,407,validation,prognostic,0.224,na,na,na,na,na,na,na,na,na,no
10.1002_mp.17672,44,78,407,validation,prognostic,0.822,na,na,na,na,na,na,na,na,na,no
10.1002_mp.17672,44,79,407,validation,prognostic,0.722,na,na,na,na,na,na,na,na,na,no
10.1002_mp.17672,44,80,407,validation,prognostic,0.956,na,na,na,na,na,na,na,na,na,no
10.1002_mp.17672,44,81,407,validation,prognostic,0.72,yes,na,na,na,na,na,na,na,na,no
10.1002_mp.17672,44,82,407,validation,prognostic,0.69,yes,na,na,na,na,na,na,na,na,no
10.1002_mp.17672,44,83,407,validation,prognostic,0.658,yes,na,na,na,na,na,na,na,na,no
10.1002_mp.17672,44,84,407,validation,prognostic,0.746,yes,na,na,na,na,na,na,na,na,no
10.1002_mp.17672,44,85,407,validation,prognostic,0.47,yes,na,na,na,na,na,na,na,na,no
10.1002_mp.17672,44,86,407,validation,prognostic,0.697,yes,na,na,na,na,na,na,na,na,no
10.1002_mp.17672,44,87,407,validation,prognostic,0.665,yes,na,na,na,na,na,na,na,na,no
10.1002_mp.17672,44,88,407,validation,prognostic,0.779,yes,na,na,na,na,na,na,na,na,no
10.1002_mp.17695,na,na,na,na,na,na,na,na,na,na,na,na,na,na,not required data,no
10.1002_mp.17710,45,1,116,development,diagnostic,0.77,yes,na,na,na,na,na,na,na,na,no
10.1002_mp.17710,45,2,116,development,diagnostic,0.81,yes,na,na,na,na,na,na,na,na,no
10.1002_mp.17710,45,3,116,development,diagnostic,0.88,yes,na,na,na,na,na,na,na,na,no
10.1002_mp.17882,46,1,54,development,diagnostic,0.976,na,na,na,na,na,na,na,na,na,no
10.1002_mp.17882,46,2,54,development,diagnostic,0.773,na,na,na,na,na,na,na,na,na,no
10.1002_mp.17882,46,3,54,development,diagnostic,0.589,na,na,na,na,na,na,na,na,na,no
10.1002_mp.17882,46,4,54,development,diagnostic,0.52,na,na,na,na,na,na,na,na,na,no
10.1002_mp.17882,46,5,54,development,diagnostic,0.516,na,na,na,na,na,na,na,na,na,no
10.1002_mp.17882,46,6,54,development,diagnostic,0.553,na,na,na,na,na,na,na,na,na,no
10.1002_mp.17882,46,7,54,development,diagnostic,0.549,na,na,na,na,na,cnd,na,na,na,no
10.1002_mp.17882,47,1,233,development,diagnostic,0.826,yes,na,na,na,na,cnd,na,na,na,no
10.1002_mp.17882,47,2,101,validation,diagnostic,0.778,yes,na,na,na,na,cnd,na,na,na,no
10.1002_mp.17882,47,3,233,development,diagnostic,0.866,yes,na,na,na,na,cnd,na,na,na,no
10.1002_mp.17882,47,4,101,validation,diagnostic,0.813,yes,na,na,na,na,cnd,na,na,na,no
10.1002_mp.17882,47,5,233,development,diagnostic,0.891,yes,na,na,na,na,cnd,na,na,na,no
10.1002_mp.17882,47,6,101,validation,diagnostic,0.841,yes,na,na,na,na,cnd,na,na,na,no
10.1002_mp.17882,47,7,233,development,diagnostic,0.876,yes,na,na,na,na,cnd,na,na,na,no
10.1002_mp.17882,47,8,101,validation,diagnostic,0.812,yes,na,na,na,na,cnd,na,na,na,no
10.1002_mp.17882,47,9,233,development,diagnostic,0.862,yes,na,na,na,na,cnd,na,na,na,no
10.1002_mp.17882,47,10,101,validation,diagnostic,0.824,yes,na,na,na,na,cnd,na,na,na,no
10.1002_mp.17882,47,11,233,development,diagnostic,0.868,yes,na,na,na,na,cnd,na,na,na,no
10.1002_mp.17882,47,12,101,validation,diagnostic,0.765,yes,na,na,na,na,cnd,na,na,na,no
10.1002_mp.17882,47,13,233,development,diagnostic,0.887,yes,na,na,na,na,cnd,na,na,na,no
10.1002_mp.17882,47,14,101,validation,diagnostic,0.828,yes,na,na,na,na,cnd,na,na,na,no
10.1002_mp.17882,47,15,233,development,diagnostic,0.961,yes,na,na,na,na,cnd,na,na,na,no
10.1002_mp.17882,47,16,101,validation,diagnostic,0.928,yes,na,na,na,na,cnd,na,na,na,no
10.1002_mp.17882,47,17,233,development,diagnostic,0.894,yes,na,na,na,na,cnd,na,na,na,no
10.1002_mp.17882,47,18,101,validation,diagnostic,0.792,yes,na,na,na,na,cnd,na,na,na,no
10.1002_mp.17882,47,19,233,development,diagnostic,0.857,yes,na,na,na,na,cnd,na,na,na,no
10.1002_mp.17882,47,20,101,validation,diagnostic,0.748,yes,na,na,na,na,cnd,na,na,na,no
10.1002_ohn.70040,na,na,na,na,na,na,na,na,na,na,na,na,na,na,not required data,no
10.1002_ohn.70075,48,1,1777,development,diagnostic,0.978,yes,na,na,na,na,yes,red,a,na,no
10.1002_ohn.70075,48,2,1777,development,diagnostic,0.972,yes,na,na,na,na,yes,blue,a,na,no
10.1002_ohn.70075,48,3,808,validation,diagnostic,0.965,yes,na,na,na,na,yes,red,b,na,no
10.1002_ohn.70075,48,4,808,validation,diagnostic,0.948,yes,na,na,na,na,yes,blue,b,na,no
10.1002_ohn.70075,48,5,808,validation,diagnostic,0.957,yes,na,na,na,na,yes,red,c,na,no
10.1002_ohn.70075,48,6,808,validation,diagnostic,0.872,yes,na,na,na,na,yes,blue,c,na,no
10.1002_ohn.70075,48,7,808,validation,diagnostic,0.938,yes,na,na,na,na,yes,red,d,na,no
10.1002_ohn.70075,48,8,808,validation,diagnostic,0.909,yes,na,na,na,na,yes,blue,d,na,no
10.1002_ohn.70075,48,9,808,validation,diagnostic,0.945,yes,na,na,na,na,yes,red,e,na,no
10.1002_ohn.70075,48,10,808,validation,diagnostic,0.881,yes,na,na,na,na,yes,blue,e,na,no
10.1002_smll.202409212,na,na,na,na,na,na,na,na,na,na,na,na,na,na,not prediction model study,no
10.1002_ueg2.70004,49,1,92,development,diagnostic,0.832,yes,na,na,na,na,na,na,na,na,no
10.1002_ueg2.70004,49,2,92,development,diagnostic,0.738,yes,na,na,na,na,na,na,na,na,no
10.1002_ueg2.70004,49,3,92,development,diagnostic,0.762,yes,na,na,na,na,na,na,na,na,no
10.1002_wjs.12586,50,1,100,development,diagnostic,0.925,yes,85.7,na,90,na,na,na,na,na,no
10.1002_wjs.12586,50,2,100,development,diagnostic,0.937,yes,92.6,na,90,na,na,na,na,na,no
10.1002_wjs.70062,51,1,414,development,diagnostic,0.902,yes,83.1,na,71.4,na,yes,black,1,na,no
10.1002_wjs.70071,52,1,836,development,prognostic,0.65,yes,na,na,na,na,yes,red,1,na,no
10.1002_wjs.70071,52,2,836,development,prognostic,0.74,yes,na,na,na,na,yes,blue,2,na,no
10.1002_wjs.70071,52,3,836,development,prognostic,0.76,yes,na,na,na,na,yes,green,3,na,no
10.1002_wjs.70071,52,4,836,development,prognostic,0.79,yes,na,na,na,na,yes,pruple,4,na,no
10.1002_wjs.70071,52,5,836,development,prognostic,0.83,yes,na,na,na,na,yes,orange,5,na,no
10.1007_s00062-025-01593-6,53,1,41,development,diagnostic,0.933,yes,na,na,na,na,na,na,na,na,no
10.1007_s00062-025-01593-6,53,2,41,development,diagnostic,0.897,yes,na,na,na,na,na,na,na,na,no
10.1007_s00068-025-02793-y,54,1,na,development,diagnostic,0.9901,yes,na,na,na,na,yes,blue,1,na,no
10.1007_s00068-025-02793-y,54,2,1819,development,diagnostic,0.9792,outside,0.9494,yes,0.9544,yes,yes,yellow,1,na,no
10.1007_s00068-025-02793-y,54,3,1134,development,diagnostic,0.9776,yes,0.9135,yes,0.9248,yes,yes,green,1,na,no
10.1007_s00068-025-02793-y,54,4,756,development,diagnostic,0.9743,yes,0.9155,yes,0.9229,yes,yes,red,1,na,no
10.1007_s00068-025-02793-y,54,5,3781,development,diagnostic,0.9911,yes,0.9354,yes,0.9372,yes,yes,pink,1,na,no
10.1007_s00127-025-02857-9,55,1,2071,development,diagnostic,0.636,na,na,na,na,na,na,na,na,na,no
10.1007_s00127-025-02857-9,55,2,2071,development,diagnostic,0.666,na,na,na,na,na,na,na,na,na,no
10.1007_s00127-025-02857-9,55,3,2071,development,diagnostic,0.631,na,na,na,na,na,na,na,na,na,no
10.1007_s00127-025-02857-9,55,4,2071,development,diagnostic,0.616,na,na,na,na,na,na,na,na,na,no
10.1007_s00127-025-02857-9,55,5,2071,development,diagnostic,0.669,na,na,na,na,na,na,na,na,na,no
10.1007_s00127-025-02857-9,55,6,2071,development,diagnostic,0.638,na,na,na,na,na,na,na,na,na,no
10.1007_s00127-025-02857-9,55,7,2071,development,diagnostic,0.635,na,na,na,na,na,na,na,na,na,no
10.1007_s00127-025-02857-9,55,8,2071,development,diagnostic,0.642,na,na,na,na,na,yes,blue,1,na,no
10.1007_s00198-025-07423-2,56,1,153,development,diagnostic,0.677,na,na,na,na,na,cnd,na,na,na,no
10.1007_s00198-025-07423-2,56,2,153,development,diagnostic,0.666,na,na,na,na,na,cnd,na,na,na,no
10.1007_s00198-025-07423-2,56,3,153,development,diagnostic,0.719,na,na,na,na,na,cnd,na,na,na,no
10.1007_s00198-025-07423-2,56,4,153,development,diagnostic,0.545,na,na,na,na,na,cnd,na,na,na,no
10.1007_s00198-025-07423-2,56,5,153,development,diagnostic,0.651,na,na,na,na,na,cnd,na,na,na,no
10.1007_s00198-025-07423-2,56,6,153,development,diagnostic,0.774,na,na,na,na,na,cnd,na,na,na,no
10.1007_s00198-025-07423-2,56,7,153,development,diagnostic,0.59,na,na,na,na,na,cnd,na,na,na,no
10.1007_s00198-025-07503-3,57,1,4621,development,prognostic,0.73,na,na,na,na,na,yes,dash blue,a,na,no
10.1007_s00198-025-07503-3,57,2,4621,development,prognostic,0.77,na,na,na,na,na,yes,blue,a,na,no
10.1007_s00198-025-07503-3,57,3,4621,development,prognostic,0.72,na,na,na,na,na,yes,dash red,a,na,no
10.1007_s00198-025-07503-3,57,4,4621,development,prognostic,0.74,na,na,na,na,na,yes,red,a,na,no
10.1007_s00198-025-07503-3,57,5,4621,development,prognostic,0.67,na,na,na,na,na,yes,dash green,a,na,no
10.1007_s00198-025-07503-3,57,6,4621,development,prognostic,0.7,na,na,na,na,na,yes,green,a,na,no
10.1007_s00198-025-07503-3,57,7,4621,development,prognostic,0.79,na,na,na,na,na,yes,dash blue,b,na,no
10.1007_s00198-025-07503-3,57,8,4621,development,prognostic,0.83,na,na,na,na,na,yes,blue,b,na,no
10.1007_s00198-025-07503-3,57,9,4621,development,prognostic,0.78,na,na,na,na,na,yes,dash red,b,na,no
10.1007_s00198-025-07503-3,57,10,4621,development,prognostic,0.82,na,na,na,na,na,yes,red,b,na,no
10.1007_s00198-025-07503-3,57,11,4621,development,prognostic,0.72,na,na,na,na,na,yes,dash green,b,na,no
10.1007_s00198-025-07503-3,57,12,4621,development,prognostic,0.75,na,na,na,na,na,yes,green,b,na,no
10.1007_s00198-025-07503-3,57,13,4621,development,prognostic,0.67,na,na,na,na,na,yes,dash blue,c,na,no
10.1007_s00198-025-07503-3,57,14,4621,development,prognostic,0.68,na,na,na,na,na,yes,blue,c,na,no
10.1007_s00198-025-07503-3,57,15,4621,development,prognostic,0.66,na,na,na,na,na,yes,dash red,c,na,no
10.1007_s00198-025-07503-3,57,16,4621,development,prognostic,0.67,na,na,na,na,na,yes,red,c,na,no
10.1007_s00198-025-07503-3,57,17,4621,development,prognostic,0.63,na,na,na,na,na,yes,dash green,c,na,no
10.1007_s00198-025-07503-3,57,18,4621,development,prognostic,0.64,na,na,na,na,na,yes,green,c,na,no
10.1007_s00198-025-07503-3,57,19,4621,development,prognostic,0.69,na,na,na,na,na,yes,dash blue,d,na,no
10.1007_s00198-025-07503-3,57,20,4621,development,prognostic,0.72,na,na,na,na,na,yes,blue,d,na,no
10.1007_s00198-025-07503-3,57,21,4621,development,prognostic,0.71,na,na,na,na,na,yes,dash red,d,na,no
10.1007_s00198-025-07503-3,57,22,4621,development,prognostic,0.72,na,na,na,na,na,yes,red,d,na,no
10.1007_s00198-025-07503-3,57,23,4621,development,prognostic,0.67,na,na,na,na,na,yes,dash green,d,na,no
10.1007_s00198-025-07503-3,57,24,4621,development,prognostic,0.69,na,na,na,na,na,yes,green,d,na,no
10.1007_s00223-025-01397-3,58,1,1255,development,prognostic,0.64,yes,64.2,na,52.9,na,yes,black,1,na,no
10.1007_s00223-025-01397-3,58,2,1255,development,prognostic,0.64,yes,60.8,na,56,na,yes,black,2,na,no
10.1007_s00234-025-03582-5,59,1,20,development,diagnostic,0.88,yes,85,na,20,na,yes,blue,1,na,no
10.1007_s00234-025-03582-5,60,1,20,development,diagnostic,0.83,yes,70,na,33,na,yes,yellow,1,na,no
10.1007_s00234-025-03590-5,61,1,93,development,diagnostic,0.85,na,na,na,na,na,cnd,na,na,na,no
10.1007_s00234-025-03590-5,61,2,93,development,diagnostic,0.84,na,na,na,na,na,cnd,na,na,na,no
10.1007_s00234-025-03590-5,61,3,93,development,diagnostic,0.97,na,na,na,na,na,cnd,na,na,na,no
10.1007_s00234-025-03590-5,61,4,93,development,diagnostic,0.95,na,na,na,na,na,cnd,na,na,na,no
10.1007_s00234-025-03590-5,61,5,93,development,diagnostic,0.97,na,na,na,na,na,cnd,na,na,na,no
10.1007_s00234-025-03590-5,61,6,93,development,diagnostic,0.97,na,na,na,na,na,cnd,na,na,na,no
10.1007_s00234-025-03590-5,61,7,49,validation,diagnostic,0.71,na,77,na,61,na,cnd,na,na,na,no
10.1007_s00234-025-03590-5,61,8,49,validation,diagnostic,0.62,na,5,na,77,na,cnd,na,na,na,no
10.1007_s00234-025-03590-5,61,9,49,validation,diagnostic,0.93,na,81,na,77,na,cnd,na,na,na,no
10.1007_s00234-025-03590-5,61,10,49,validation,diagnostic,0.84,na,67,na,84,na,cnd,na,na,na,no
10.1007_s00234-025-03590-5,61,11,49,validation,diagnostic,0.93,na,81,na,87,na,cnd,na,na,na,no
10.1007_s00234-025-03590-5,61,12,49,validation,diagnostic,0.9,na,78,na,84,na,cnd,na,na,na,no
10.1007_s00234-025-03591-4,na,na,na,na,na,na,na,na,na,na,na,na,na,na,not required data,no
10.1007_s00234-025-03661-7,62,1,1162,development,prognostic,0.771,yes,na,na,na,na,cnd,na,na,na,no
10.1007_s00234-025-03661-7,62,2,1162,development,prognostic,0.837,yes,na,na,na,na,cnd,na,na,na,no
10.1007_s00234-025-03661-7,62,3,1162,development,prognostic,0.76,yes,na,na,na,na,cnd,na,na,na,no
10.1007_s00234-025-03661-7,62,4,1162,development,prognostic,0.873,yes,na,na,na,na,cnd,na,na,na,no
10.1007_s00234-025-03698-8,63,1,244,development,diagnostic,0.765,yes,64.1,na,80.6,na,cnd,na,na,na,no
10.1007_s00234-025-03698-8,63,2,106,validation,diagnostic,0.772,yes,61.5,na,77.5,na,cnd,na,na,na,no
10.1007_s00234-025-03698-8,63,3,244,development,diagnostic,0.726,yes,57.8,na,79.4,na,cnd,na,na,na,no
10.1007_s00234-025-03698-8,63,4,106,validation,diagnostic,0.771,yes,57.7,na,82.5,na,cnd,na,na,na,no
10.1007_s00234-025-03698-8,63,5,244,development,diagnostic,0.816,yes,76.6,na,71.7,na,cnd,na,na,na,no
10.1007_s00234-025-03698-8,63,6,106,validation,diagnostic,0.825,yes,76.9,na,76.2,na,cnd,na,na,na,no
10.1007_s00234-025-03698-8,63,7,244,development,diagnostic,0.786,yes,64.1,na,83.9,na,cnd,na,na,na,no
10.1007_s00234-025-03698-8,63,8,106,validation,diagnostic,0.821,yes,69.2,na,81.2,na,cnd,na,na,na,no
10.1007_s00234-025-03698-8,63,9,244,development,diagnostic,0.885,yes,76.6,na,81.1,na,cnd,na,na,na,no
10.1007_s00234-025-03698-8,63,10,106,validation,diagnostic,0.867,yes,69.2,na,88.7,na,cnd,na,na,na,no
10.1007_s00234-025-03698-8,63,11,244,development,diagnostic,0.918,yes,75,na,87.8,na,cnd,na,na,na,no
10.1007_s00234-025-03698-8,63,12,106,validation,diagnostic,0.913,yes,88.5,na,82.5,na,cnd,na,na,na,no
10.1007_s00234-025-03698-8,63,13,244,development,diagnostic,0.794,yes,62.5,na,83.9,na,cnd,na,na,na,no
10.1007_s00234-025-03698-8,63,14,106,validation,diagnostic,0.71,yes,53.8,na,81.2,na,cnd,na,na,na,no
10.1007_s00234-025-03698-8,63,15,244,development,diagnostic,0.835,yes,65.6,na,85.6,na,cnd,na,na,na,no
10.1007_s00234-025-03698-8,63,16,106,validation,diagnostic,0.806,yes,65.4,na,81.2,na,cnd,na,na,na,no
10.1007_s00234-025-03698-8,63,17,244,development,diagnostic,0.906,yes,90.6,na,78.3,na,cnd,na,na,na,no
10.1007_s00234-025-03698-8,63,18,106,validation,diagnostic,0.838,yes,80.8,na,80,na,cnd,na,na,na,no
10.1007_s00234-025-03698-8,63,19,244,development,diagnostic,0.862,yes,82.8,na,76.1,na,cnd,na,na,na,no
10.1007_s00234-025-03698-8,63,20,106,validation,diagnostic,0.824,yes,57.7,na,91.2,na,cnd,na,na,na,no
10.1007_s00234-025-03698-8,63,21,244,development,diagnostic,0.92,yes,79.7,na,88.9,na,cnd,na,na,na,no
10.1007_s00234-025-03698-8,63,22,106,validation,diagnostic,0.855,yes,65.4,na,87.5,na,cnd,na,na,na,no
10.1007_s00234-025-03698-8,63,23,244,development,diagnostic,0.97,yes,96.9,na,85.6,na,cnd,na,na,na,no
10.1007_s00234-025-03698-8,63,24,106,validation,diagnostic,0.886,yes,73.1,na,85,na,cnd,na,na,na,no
10.1007_s00234-025-03723-w,64,1,75,development,diagnostic,0.81,yes,80.38,yes,65.3,yes,yes,blue,1,na,no
10.1007_s00234-025-03723-w,64,2,75,validation,diagnostic,0.832,yes,82,yes,71.1,yes,yes,orange,2,na,no
10.1007_s00234-025-03732-9,65,1,211,development,diagnostic,0.966,na,88.9,na,92.3,na,na,na,na,na,no
10.1007_s00234-025-03732-9,65,2,211,development,diagnostic,0.981,na,94.1,na,92.8,na,na,na,na,na,no
10.1007_s00234-025-03732-9,65,3,211,development,diagnostic,0.9,na,67.1,na,91.1,na,na,na,na,na,no
10.1007_s00234-025-03732-9,65,4,211,development,diagnostic,1,na,100,na,100,na,na,na,na,na,no
10.1007_s00234-025-03732-9,65,5,211,development,diagnostic,0.957,na,91.3,na,87.1,na,na,na,na,na,no
10.1007_s00234-025-03732-9,65,6,211,development,diagnostic,0.949,na,91,na,88,na,na,na,na,na,no
10.1007_s00234-025-03732-9,65,7,211,development,diagnostic,0.847,na,79.6,na,74.1,na,na,na,na,na,no
10.1007_s00234-025-03732-9,65,8,211,development,diagnostic,1,na,100,na,100,na,na,na,na,na,no
10.1007_s00234-025-03732-9,65,9,211,development,diagnostic,0.807,na,79.4,na,70.3,na,na,na,na,na,no
10.1007_s00234-025-03732-9,65,10,211,development,diagnostic,0.7,na,71.8,na,63.5,na,na,na,na,na,no
10.1007_s00234-025-03732-9,65,11,211,development,diagnostic,0.845,na,77.9,na,75.3,na,na,na,na,na,no
10.1007_s00234-025-03732-9,65,12,211,development,diagnostic,1,na,100,na,100,na,na,na,na,na,no
10.1007_s00234-025-03732-9,65,13,211,development,diagnostic,0.677,na,74,na,53.7,na,na,na,na,na,no
10.1007_s00234-025-03732-9,65,14,211,development,diagnostic,0.702,na,75,na,59.7,na,na,na,na,na,no
10.1007_s00234-025-03732-9,65,15,211,development,diagnostic,1,na,100,na,100,na,na,na,na,na,no
10.1007_s00234-025-03732-9,65,16,211,development,diagnostic,1,na,100,na,100,na,na,na,na,na,no
10.1007_s00234-025-03732-9,65,17,211,development,diagnostic,0.782,na,73.9,na,67.9,na,na,na,na,na,no
10.1007_s00234-025-03732-9,65,18,211,development,diagnostic,0.928,na,84.1,na,88.5,na,na,na,na,na,no
10.1007_s00234-025-03732-9,65,19,211,development,diagnostic,0.781,na,71.5,na,65.6,na,na,na,na,na,no
10.1007_s00234-025-03732-9,65,20,211,development,diagnostic,0.95,na,87.9,na,86,na,na,na,na,na,no
10.1007_s00234-025-03732-9,65,21,211,development,diagnostic,0.849,na,76.4,na,85.2,na,na,na,na,na,no
10.1007_s00234-025-03732-9,65,22,211,development,diagnostic,0.842,na,75.9,na,88.1,na,na,na,na,na,no
10.1007_s00234-025-03732-9,65,23,211,development,diagnostic,0.834,na,72,na,84.5,na,na,na,na,na,no
10.1007_s00234-025-03732-9,65,24,211,development,diagnostic,0.864,na,76,na,88.9,na,na,na,na,na,no
10.1007_s00234-025-03732-9,65,25,211,validation,diagnostic,0.924,na,85.1,na,86.6,na,na,na,na,na,no
10.1007_s00234-025-03732-9,65,26,211,validation,diagnostic,0.94,na,88.6,na,85.6,na,na,na,na,na,no
10.1007_s00234-025-03732-9,65,27,211,validation,diagnostic,0.865,na,64,na,88.7,na,na,na,na,na,no
10.1007_s00234-025-03732-9,65,28,211,validation,diagnostic,0.883,na,86.8,na,77.3,na,na,na,na,na,no
10.1007_s00234-025-03732-9,65,29,211,validation,diagnostic,0.874,na,81.6,na,74.2,na,na,na,na,na,no
10.1007_s00234-025-03732-9,65,30,211,validation,diagnostic,0.879,na,83.3,na,79.4,na,na,na,na,na,no
10.1007_s00234-025-03732-9,65,31,211,validation,diagnostic,0.791,na,77.2,na,72.2,na,na,na,na,na,no
10.1007_s00234-025-03732-9,65,32,211,validation,diagnostic,0.797,na,73.7,na,67,na,na,na,na,na,no
10.1007_s00234-025-03732-9,65,33,211,validation,diagnostic,0.737,na,78.9,na,66,na,na,na,na,na,no
10.1007_s00234-025-03732-9,65,34,211,validation,diagnostic,0.707,na,72.8,na,62.9,na,na,na,na,na,no
10.1007_s00234-025-03732-9,65,35,211,validation,diagnostic,0.674,na,70.2,na,63.9,na,na,na,na,na,no
10.1007_s00234-025-03732-9,65,36,211,validation,diagnostic,0.706,na,63.2,na,70.1,na,na,na,na,na,no
10.1007_s00234-025-03732-9,65,37,211,validation,diagnostic,0.647,na,72.8,na,55.7,na,na,na,na,na,no
10.1007_s00234-025-03732-9,65,38,211,validation,diagnostic,0.627,na,66.7,na,52.6,na,na,na,na,na,no
10.1007_s00234-025-03732-9,65,39,211,validation,diagnostic,0.664,na,71.9,na,55.7,na,na,na,na,na,no
10.1007_s00234-025-03732-9,65,40,211,validation,diagnostic,0.612,na,65.8,na,48.5,na,na,na,na,na,no
10.1007_s00234-025-03732-9,65,41,211,validation,diagnostic,0.771,na,74.4,na,63.9,na,na,na,na,na,no
10.1007_s00234-025-03732-9,65,42,211,validation,diagnostic,0.759,na,74.6,na,64.9,na,na,na,na,na,no
10.1007_s00234-025-03732-9,65,43,211,validation,diagnostic,0.731,na,68.4,na,59.8,na,na,na,na,na,no
10.1007_s00234-025-03732-9,65,44,211,validation,diagnostic,0.696,na,67.5,na,55.7,na,na,na,na,na,no
10.1007_s00234-025-03732-9,65,45,211,validation,diagnostic,0.808,na,76.3,na,85.6,na,na,na,na,na,no
10.1007_s00234-025-03732-9,65,46,211,validation,diagnostic,0.794,na,72.8,na,85.6,na,na,na,na,na,no
10.1007_s00234-025-03732-9,65,47,211,validation,diagnostic,0.807,na,70.2,na,80.4,na,na,na,na,na,no
10.1007_s00234-025-03732-9,65,48,211,validation,diagnostic,0.804,na,73.7,na,83.5,na,na,na,na,na,no
10.1007_s00234-025-03818-4,66,1,361,development,prognostic,0.844,yes,na,na,na,na,yes,black,a,na,no
10.1007_s00234-025-03818-4,66,2,120,validation,prognostic,0.823,yes,na,na,na,na,yes,black,b,na,no
10.1016_j.exger.2025.112766,67,1,50,development,prognostic,0.7,na,na,na,na,na,yes,blue,1,na,yes
10.1016_j.exger.2025.112766,67,2,50,development,prognostic,0.693,na,na,na,na,na,yes,green,1,na,yes
10.1007_s10143-025-03719-3,68,1,674,development,prognostic,0.841,yes,na,na,na,na,cnd,na,na,na,yes
10.1007_s10143-025-03719-3,68,2,674,development,prognostic,0.621,yes,na,na,na,na,cnd,na,na,na,yes
10.1007_s10143-025-03719-3,68,3,674,development,prognostic,0.722,yes,na,na,na,na,cnd,na,na,na,yes
10.1007_s10143-025-03719-3,68,4,674,development,prognostic,0.604,yes,na,na,na,na,cnd,na,na,na,yes
10.1007_s10143-025-03719-3,68,5,674,development,prognostic,0.904,yes,na,na,na,na,cnd,na,na,na,yes
10.1007_s10143-025-03719-3,68,6,674,development,prognostic,0.955,yes,na,na,na,na,cnd,na,na,na,yes
10.1007_s10143-025-03719-3,68,7,674,development,prognostic,0.94,yes,na,na,na,na,cnd,na,na,na,yes
10.1007_s10143-025-03719-3,68,7,674,validation,prognostic,0.7,yes,na,na,na,na,cnd,na,na,na,yes
10.1007_s10143-025-03719-3,68,8,674,development,prognostic,0.954,yes,na,na,na,na,cnd,na,na,na,yes
10.1007_s10143-025-03719-3,68,9,674,development,prognostic,0.761,yes,na,na,na,na,cnd,na,na,na,yes
10.1016_j.injury.2025.112934,69,1,72,development,diagnostic,0.878,yes,na,na,na,na,yes,grey,1,na,yes
10.1016_j.injury.2025.112934,69,2,72,development,diagnostic,0.859,yes,na,na,na,na,yes,blue,1,na,yes
10.1016_j.injury.2025.112934,69,3,72,development,diagnostic,0.859,yes,na,na,na,na,yes,orange,1,na,yes
10.1016_j.injury.2025.112934,69,4,72,development,diagnostic,0.854,yes,na,na,na,na,yes,red,1,na,yes
10.1016_j.injury.2025.112934,69,5,72,development,diagnostic,0.853,yes,na,na,na,na,yes,green,1,na,yes
10.1016_j.injury.2025.112934,69,6,72,development,diagnostic,0.852,yes,na,na,na,na,yes,blue,1,na,yes
10.1016_j.injury.2025.112934,69,7,72,development,diagnostic,0.849,yes,na,na,na,na,yes,pruple,1,na,yes
10.1016_j.injury.2025.112934,69,8,72,development,diagnostic,0.844,yes,na,na,na,na,yes,olive,1,na,yes
10.1016_j.injury.2025.112934,69,9,72,development,diagnostic,0.843,yes,na,na,na,na,yes,dash,1,na,yes
10.1016_j.injury.2025.112934,69,10,72,development,diagnostic,0.843,yes,na,na,na,na,yes,blue,1,na,yes
10.1016_j.injury.2025.112934,69,11,72,development,diagnostic,0.952,yes,na,na,na,na,yes,black,1,na,yes
10.1016_j.injury.2025.112934,69,12,72,development,diagnostic,0.952,yes,na,na,na,na,yes,purple,2,na,yes
10.1016_j.injury.2025.112934,69,13,72,development,diagnostic,0.954,yes,na,na,na,na,yes,violet,2,na,yes
10.1016_j.injury.2025.112934,69,14,72,development,diagnostic,0.934,yes,na,na,na,na,yes,green,2,na,yes
10.1016_j.injury.2025.112934,69,15,72,development,diagnostic,0.929,yes,na,na,na,na,yes,olive,2,na,yes
10.1016_j.injury.2025.112934,69,16,72,development,diagnostic,0.931,yes,na,na,na,na,yes,red,2,na,yes
10.1016_j.injury.2025.112934,69,17,72,development,diagnostic,0.919,yes,na,na,na,na,yes,blue,2,na,yes
10.1016_j.injury.2025.112934,69,18,72,development,diagnostic,0.917,yes,na,na,na,na,yes,blue,2,na,yes
10.1016_j.injury.2025.112934,69,19,72,development,diagnostic,0.892,yes,na,na,na,na,yes,black,2,na,yes
10.1016_j.cmpb.2025.108979,70,1,115012,development,prognostic,0.93,na,91,na,90,na,na,na,na,na,yes
10.1016_j.cmpb.2025.108979,70,2,115012,development,prognostic,0.9,na,88,na,86,na,na,na,na,na,yes
10.1016_j.cmpb.2025.108979,70,3,115012,development,prognostic,0.94,na,91.9,na,89.6,na,na,na,na,na,yes
10.1016_j.cmpb.2025.108979,70,4,115012,development,prognostic,0.934,na,89,na,90.6,na,na,na,na,na,yes
10.1016_j.cmpb.2025.108979,70,5,115012,development,prognostic,0.95,na,92.7,na,92.4,na,na,na,na,na,yes
10.1016_j.cmpb.2025.108979,70,6,115012,development,prognostic,0.947,na,95.2,na,90.1,na,na,na,na,na,yes
10.1016_j.cmpb.2025.108979,70,7,115012,development,prognostic,0.98,na,95.7,na,96.4,na,na,na,na,na,yes
10.1016_j.cmpb.2025.108979,70,8,115012,development,prognostic,0.984,na,95.2,na,96.1,na,na,na,na,na,yes
10.1136_gpsych-2024-101957,71,1,1912,development,prognostic,0.828,yes,na,na,na,na,cnd,na,na,na,yes
10.1136_gpsych-2024-101957,71,2,1231,validation,prognostic,0.484,yes,na,na,na,na,cnd,na,na,na,yes
10.1136_gpsych-2024-101957,71,3,1231,validation,prognostic,0.774,yes,na,na,na,na,cnd,na,na,na,yes
10.1136_gpsych-2024-101957,71,4,1231,validation,prognostic,0.828,yes,na,na,na,na,cnd,na,na,na,yes
10.1136_gpsych-2024-101957,71,5,1231,validation,prognostic,0.517,yes,na,na,na,na,cnd,na,na,na,yes
10.1136_gpsych-2024-101957,71,6,1231,validation,prognostic,0.505,yes,na,na,na,na,cnd,na,na,na,yes
10.1016_j.atherosclerosis.2025.119212,72,1,1270,development,prognostic,0.805,na,na,na,na,na,na,na,na,na,yes
10.1016_j.atherosclerosis.2025.119212,72,2,318,validation,prognostic,0.738,yes,na,na,na,na,na,na,na,na,yes
10.1016_j.atherosclerosis.2025.119212,72,3,318,validation,prognostic,0.771,yes,na,na,na,na,na,na,na,na,yes
10.1016_j.atherosclerosis.2025.119212,72,4,318,validation,prognostic,0.763,yes,na,na,na,na,na,na,na,na,yes
10.1016_j.atherosclerosis.2025.119212,72,5,318,validation,prognostic,0.76,yes,na,na,na,na,na,na,na,na,yes
10.1016_j.atherosclerosis.2025.119212,72,6,318,validation,prognostic,0.8,yes,na,na,na,na,na,na,na,na,yes
10.1016_j.jclinepi.2025.111978,73,1,4926,development,prognostic,0.865,yes,na,na,na,na,na,na,na,na,yes
10.1016_j.jclinepi.2025.111978,73,2,4926,development,prognostic,0.879,yes,na,na,na,na,na,na,na,na,yes
10.1016_j.jclinepi.2025.111978,73,3,4926,development,prognostic,0.877,yes,na,na,na,na,na,na,na,na,yes
10.1016_j.jclinepi.2025.111978,73,4,4926,development,prognostic,0.877,yes,na,na,na,na,na,na,na,na,yes
10.1016_j.jclinepi.2025.111978,73,5,4926,development,prognostic,0.859,yes,na,na,na,na,na,na,na,na,yes
10.1016_j.jclinepi.2025.111978,73,6,4926,development,prognostic,0.872,yes,na,na,na,na,na,na,na,na,yes
10.1016_j.jclinepi.2025.111978,73,7,4926,development,prognostic,0.871,yes,na,na,na,na,na,na,na,na,yes
10.1016_j.jclinepi.2025.111978,73,8,4926,development,prognostic,0.871,yes,na,na,na,na,na,na,na,na,yes
10.1016_j.jclinepi.2025.111978,73,9,4926,development,prognostic,0.865,yes,na,na,na,na,na,na,na,na,yes
10.1016_j.jclinepi.2025.111978,73,10,5775,validation,prognostic,0.842,yes,na,na,na,na,na,na,na,na,yes
10.1016_j.jclinepi.2025.111978,73,11,5775,validation,prognostic,0.844,yes,na,na,na,na,na,na,na,na,yes
10.1016_j.jclinepi.2025.111978,73,12,5775,validation,prognostic,0.843,yes,na,na,na,na,na,na,na,na,yes
10.1016_j.jclinepi.2025.111978,73,13,5775,validation,prognostic,0.841,yes,na,na,na,na,na,na,na,na,yes
10.1016_j.jclinepi.2025.111978,73,14,5775,validation,prognostic,0.79,yes,na,na,na,na,na,na,na,na,yes
10.1016_j.jclinepi.2025.111978,73,15,5775,validation,prognostic,0.844,yes,na,na,na,na,na,na,na,na,yes
10.1016_j.jclinepi.2025.111978,73,16,5775,validation,prognostic,0.843,yes,na,na,na,na,na,na,na,na,yes
10.1016_j.jclinepi.2025.111978,73,17,5775,validation,prognostic,0.842,yes,na,na,na,na,na,na,na,na,yes
10.1016_j.jclinepi.2025.111978,73,18,5775,validation,prognostic,0.842,yes,na,na,na,na,na,na,na,na,yes
10.1016_j.jclinepi.2025.111978,73,19,4050,validation,prognostic,0.832,yes,na,na,na,na,na,na,na,na,yes
10.1016_j.jclinepi.2025.111978,73,20,4050,validation,prognostic,0.836,yes,na,na,na,na,na,na,na,na,yes
10.1016_j.jclinepi.2025.111978,73,21,4050,validation,prognostic,0.84,yes,na,na,na,na,na,na,na,na,yes
10.1016_j.jclinepi.2025.111978,73,22,4050,validation,prognostic,0.84,yes,na,na,na,na,na,na,na,na,yes
10.1016_j.jclinepi.2025.111978,73,23,4050,validation,prognostic,0.829,yes,na,na,na,na,na,na,na,na,yes
10.1016_j.jclinepi.2025.111978,73,24,4050,validation,prognostic,0.835,yes,na,na,na,na,na,na,na,na,yes
10.1016_j.jclinepi.2025.111978,73,25,4050,validation,prognostic,0.839,yes,na,na,na,na,na,na,na,na,yes
10.1016_j.jclinepi.2025.111978,73,26,4050,validation,prognostic,0.839,yes,na,na,na,na,na,na,na,na,yes
10.1016_j.jclinepi.2025.111978,73,27,4050,validation,prognostic,0.832,yes,na,na,na,na,na,na,na,na,yes
10.1016_j.jclinepi.2025.111978,73,28,2712,validation,prognostic,0.837,yes,na,na,na,na,na,na,na,na,yes
10.1016_j.jclinepi.2025.111978,73,29,2712,validation,prognostic,0.849,yes,na,na,na,na,na,na,na,na,yes
10.1016_j.jclinepi.2025.111978,73,30,2712,validation,prognostic,0.848,yes,na,na,na,na,na,na,na,na,yes
10.1016_j.jclinepi.2025.111978,73,31,2712,validation,prognostic,0.848,yes,na,na,na,na,na,na,na,na,yes
10.1016_j.jclinepi.2025.111978,73,32,2712,validation,prognostic,0.834,yes,na,na,na,na,na,na,na,na,yes
10.1016_j.jclinepi.2025.111978,73,33,2712,validation,prognostic,0.843,yes,na,na,na,na,na,na,na,na,yes
10.1016_j.jclinepi.2025.111978,73,34,2712,validation,prognostic,0.841,yes,na,na,na,na,na,na,na,na,yes
10.1016_j.jclinepi.2025.111978,73,35,2712,validation,prognostic,0.842,yes,na,na,na,na,na,na,na,na,yes
10.1016_j.jclinepi.2025.111978,73,36,2712,validation,prognostic,0.837,yes,na,na,na,na,na,na,na,na,yes
10.1016_j.jclinepi.2025.111978,73,37,4785,validation,prognostic,0.913,yes,na,na,na,na,na,na,na,na,yes
10.1016_j.jclinepi.2025.111978,73,38,4785,validation,prognostic,0.913,yes,na,na,na,na,na,na,na,na,yes
10.1016_j.jclinepi.2025.111978,73,39,4785,validation,prognostic,0.914,yes,na,na,na,na,na,na,na,na,yes
10.1016_j.jclinepi.2025.111978,73,40,4785,validation,prognostic,0.914,yes,na,na,na,na,na,na,na,na,yes
10.1016_j.jclinepi.2025.111978,73,41,4785,validation,prognostic,0.899,yes,na,na,na,na,na,na,na,na,yes
10.1016_j.jclinepi.2025.111978,73,42,4785,validation,prognostic,0.912,yes,na,na,na,na,na,na,na,na,yes
10.1016_j.jclinepi.2025.111978,73,43,4785,validation,prognostic,0.915,yes,na,na,na,na,na,na,na,na,yes
10.1016_j.jclinepi.2025.111978,73,44,4785,validation,prognostic,0.915,yes,na,na,na,na,na,na,na,na,yes
10.1016_j.jclinepi.2025.111978,73,45,4785,validation,prognostic,0.913,yes,na,na,na,na,na,na,na,na,yes
10.23876_j.krcp.24.262,74,1,472,development,prognostic,0.697,yes,na,na,na,na,na,na,na,na,yes
10.23876_j.krcp.24.262,74,2,472,development,prognostic,0.565,yes,na,na,na,na,na,na,na,na,yes
10.23876_j.krcp.24.262,74,3,472,development,prognostic,0.547,yes,na,na,na,na,na,na,na,na,yes
10.23876_j.krcp.24.262,74,4,145,validation,prognostic,0.88,yes,na,na,na,na,na,na,na,na,yes
10.23876_j.krcp.24.262,74,5,145,validation,prognostic,0.617,yes,na,na,na,na,na,na,na,na,yes
10.23876_j.krcp.24.262,74,6,145,validation,prognostic,0.596,yes,na,na,na,na,na,na,na,na,yes
10.3389_fnagi.2025.1582687,75,1,500,development,prognostic,0.694,na,48.7,na,85.2,na,yes,blue,1a,na,yes
10.3389_fnagi.2025.1582687,75,2,500,development,prognostic,0.793,na,78.6,na,76,na,yes,red,1a,na,yes
10.3389_fnagi.2025.1582687,75,3,500,development,prognostic,0.853,na,82.6,na,88.1,na,yes,green,1a,na,yes
10.3389_fnagi.2025.1582687,75,4,500,development,prognostic,0.667,na,53.9,na,82,na,yes,blue,2a,na,yes
10.3389_fnagi.2025.1582687,75,5,500,development,prognostic,0.775,na,67.2,na,91.1,na,yes,red,2a,na,yes
10.3389_fnagi.2025.1582687,75,6,500,development,prognostic,0.883,na,85.6,na,90.9,na,yes,green,2a,na,yes
10.3389_fnagi.2025.1582687,75,7,500,development,prognostic,0.71,na,58.3,na,83.8,na,yes,blue,3a,na,yes
10.3389_fnagi.2025.1582687,75,8,500,development,prognostic,0.759,na,67.2,na,87.7,na,yes,red,3a,na,yes
10.3389_fnagi.2025.1582687,75,9,500,development,prognostic,0.872,na,83,na,90.9,na,yes,green,3a,na,yes
10.3389_fnagi.2025.1582687,75,10,209,validation,prognostic,0.649,na,53.9,na,74.9,na,yes,blue,1b,na,yes
10.3389_fnagi.2025.1582687,75,11,209,validation,prognostic,0.706,na,67.2,na,72.4,na,yes,red,1b,na,yes
10.3389_fnagi.2025.1582687,75,12,209,validation,prognostic,0.768,na,59.8,na,92.7,na,yes,green,1b,na,yes
10.3389_fnagi.2025.1582687,75,13,209,validation,prognostic,0.622,na,59,na,76,na,yes,blue,2b,na,yes
10.3389_fnagi.2025.1582687,75,14,209,validation,prognostic,0.705,na,71.6,na,76.9,na,yes,red,2b,na,yes
10.3389_fnagi.2025.1582687,75,15,209,validation,prognostic,0.818,na,83,na,79.9,na,yes,green,2b,na,yes
10.3389_fnagi.2025.1582687,75,16,209,validation,prognostic,0.67,na,54.6,na,82.6,na,yes,blue,3b,na,yes
10.3389_fnagi.2025.1582687,75,17,209,validation,prognostic,0.72,na,57.9,na,86.8,na,yes,red,3b,na,yes
10.3389_fnagi.2025.1582687,75,18,209,validation,prognostic,0.778,na,82.7,na,80.8,na,yes,green,3b,na,yes
10.1016_j.heliyon.2025.e42110,76,1,380,development,prognostic,0.75,yes,69,yes,73,yes,yes,blue,a,na,yes
10.1016_j.heliyon.2025.e42110,76,2,164,validation,prognostic,0.64,yes,70,yes,58,yes,yes,red,a,na,yes
10.1016_j.dld.2025.03.021,77,1,60,validation,diagnostic,0.87,yes,na,na,na,na,na,na,na,na,yes
10.1016_j.dld.2025.03.021,77,2,60,validation,prognostic,0.97,yes,na,na,na,na,na,na,na,na,yes
10.1016_j.dld.2025.03.021,77,3,60,validation,prognostic,0.74,yes,na,na,na,na,na,na,na,na,yes
10.1016_j.dld.2025.03.021,77,4,60,validation,prognostic,0.86,yes,na,na,na,na,na,na,na,na,yes
10.1016_j.ijcard.2025.133427,78,1,3745,validation,prognostic,0.64,yes,na,na,na,na,na,na,na,na,yes
10.1016_j.ijcard.2025.133427,78,2,3745,validation,prognostic,0.65,yes,na,na,na,na,na,na,na,na,yes
10.1016_j.ijcard.2025.133427,78,3,3745,validation,prognostic,0.63,yes,na,na,na,na,na,na,na,na,yes
10.1016_j.ijcard.2025.133427,78,4,3745,validation,prognostic,0.52,yes,na,na,na,na,na,na,na,na,yes
10.1016_j.ijcard.2025.133427,78,5,3745,validation,prognostic,0.63,yes,na,na,na,na,na,na,na,na,yes
10.1016_j.ijcard.2025.133427,78,6,3745,validation,prognostic,0.52,yes,na,na,na,na,na,na,na,na,yes
10.1016_j.ijcard.2025.133427,78,7,3745,validation,prognostic,0.6,yes,na,na,na,na,na,na,na,na,yes
10.1080_19490976.2025.2508433,79,1,240,validation,diagnostic,0.91,na,na,na,na,na,na,na,na,na,yes
10.1080_19490976.2025.2508433,79,2,240,validation,diagnostic,0.93,na,na,na,na,na,na,na,na,na,yes
10.2147_NSS.S536630,80,1,2682,development,prognostic,0.826,yes,na,na,na,na,yes,red,a,na,yes
10.2147_NSS.S536630,80,2,1169,validation,prognostic,0.822,yes,na,na,na,na,yes,red,b,na,yes
10.3389_fnut.2025.1472596,na,na,na,na,na,na,na,na,na,na,na,na,na,na,not required data,yes
10.1016_j.jns.2025.125665,81,1,79,development,prognostic,0.84,yes,na,na,na,na,yes,black,1,na,yes
10.1016_j.jns.2025.125665,81,2,79,development,prognostic,0.79,yes,na,na,na,na,yes,black,2,na,yes
10.3389_ijph.2025.1607952,82,1,7259,validation,prognostic,0.814,yes,na,na,na,na,na,na,na,na,yes
10.3389_ijph.2025.1607952,82,2,7259,validation,prognostic,0.813,yes,na,na,na,na,na,na,na,na,yes
10.3389_ijph.2025.1607952,82,3,7259,validation,prognostic,0.791,yes,na,na,na,na,na,na,na,na,yes
10.3389_fnut.2025.1574063,83,1,680,validation,prognostic,0.95,na,93,na,91,na,cnd,na,na,na,yes
10.3389_fnut.2025.1574063,83,2,680,validation,prognostic,0.931,na,90,na,92,na,cnd,na,na,na,yes
10.3389_fnut.2025.1574063,83,3,680,validation,prognostic,0.892,na,87,na,89,na,cnd,na,na,na,yes
10.3389_fnut.2025.1574063,83,4,680,validation,prognostic,0.761,na,75,na,78,na,cnd,na,na,na,yes
10.3389_fnut.2025.1574063,83,5,680,validation,prognostic,0.803,na,81,na,79,na,cnd,na,na,na,yes
10.3389_fnut.2025.1574063,83,6,680,validation,prognostic,0.935,na,92,na,94,na,cnd,na,na,na,yes
10.3389_fnut.2025.1574063,83,7,680,validation,prognostic,0.928,na,90,na,92,na,cnd,na,na,na,yes
10.3389_fnut.2025.1574063,83,8,680,validation,prognostic,0.945,na,89,na,91,na,cnd,na,na,na,yes
10.3389_fnut.2025.1574063,83,9,680,validation,prognostic,0.922,na,88,na,90,na,cnd,na,na,na,yes
10.3389_fnut.2025.1574063,83,10,680,validation,prognostic,0.877,na,87,na,86,na,cnd,na,na,na,yes
10.3389_fnut.2025.1574063,83,11,680,validation,prognostic,0.743,na,73,na,75,na,cnd,na,na,na,yes
10.3389_fnut.2025.1574063,83,12,680,validation,prognostic,0.797,na,78,na,80,na,cnd,na,na,na,yes
10.3389_fnut.2025.1574063,83,13,680,validation,prognostic,0.925,na,91,na,93,na,cnd,na,na,na,yes
10.3389_fnut.2025.1574063,83,14,680,validation,prognostic,0.913,na,89,na,91,na,cnd,na,na,na,yes
10.3389_fnut.2025.1574063,83,15,680,validation,prognostic,0.971,na,97,na,85,na,cnd,na,na,na,yes
10.3389_fnut.2025.1574063,83,16,680,validation,prognostic,0.957,na,94,na,96,na,cnd,na,na,na,yes
10.3389_fnut.2025.1574063,83,17,680,validation,prognostic,0.928,na,91,na,93,na,cnd,na,na,na,yes
10.3389_fnut.2025.1574063,83,18,680,validation,prognostic,0.799,na,79,na,81,na,cnd,na,na,na,yes
10.3389_fnut.2025.1574063,83,19,680,validation,prognostic,0.831,na,82,na,84,na,cnd,na,na,na,yes
10.3389_fnut.2025.1574063,83,20,680,validation,prognostic,0.962,na,96,na,94,na,cnd,na,na,na,yes
10.3389_fnut.2025.1574063,83,21,680,validation,prognostic,0.959,na,93,na,95,na,cnd,na,na,na,yes
10.1007_s10096-025-05354-8,84,1,968,validation,diagnostic,0.779,yes,78.8,yes,64.8,yes,yes,red,1,na,yes
10.1007_s10096-025-05354-8,84,2,968,validation,diagnostic,0.669,yes,63.1,yes,64.3,yes,yes,blue,2,na,yes
10.1007_s10096-025-05354-8,84,3,968,validation,diagnostic,0.619,yes,73.7,yes,50.5,yes,yes,orange,3,na,yes
10.1007_s10096-025-05354-8,84,4,968,validation,diagnostic,0.805,yes,66.2,yes,79,yes,yes,green,4,na,yes
10.1007_s10096-025-05354-8,84,5,968,validation,diagnostic,0.764,yes,71.5,yes,69,yes,yes,pruple,5,na,yes
10.1007_s10096-025-05354-8,84,6,968,validation,diagnostic,0.612,yes,52.6,yes,68.6,yes,yes,blue,6,na,yes
10.1007_s10096-025-05354-8,84,7,968,validation,diagnostic,0.724,yes,68.1,yes,65.2,yes,yes,yellow,7,na,yes
10.1007_s10096-025-05354-8,84,8,968,validation,diagnostic,0.654,yes,22.7,yes,89,yes,yes,pink,8,na,yes
10.1007_s10096-025-05354-8,84,9,968,validation,diagnostic,0.597,yes,41.8,yes,79,yes,yes,red,9,na,yes
10.1007_s10096-025-05354-8,84,10,98,validation,diagnostic,0.857,na,76.9,na,84.1,na,na,na,na,na,yes
10.1007_s10096-025-05354-8,84,11,98,validation,diagnostic,0.812,na,73.4,na,78.9,na,na,na,na,na,yes
10.3389_fmed.2025.1623850,85,1,50,development,diagnostic,0.85,yes,na,na,na,na,na,na,na,na,yes
10.3389_fmed.2025.1623850,85,2,23,validation,diagnostic,0.79,yes,na,na,na,na,na,na,na,na,yes
10.3389_fmed.2025.1623850,85,3,50,development,diagnostic,0.9,yes,na,na,na,na,na,na,na,na,yes
10.3389_fmed.2025.1623850,85,4,23,validation,diagnostic,0.82,yes,na,na,na,na,na,na,na,na,yes
10.3389_fmed.2025.1623850,85,5,50,development,diagnostic,0.96,yes,na,na,na,na,yes,pink,1,na,yes
10.3389_fmed.2025.1623850,85,6,23,validation,diagnostic,0.96,yes,na,na,na,na,yes,blue,1,na,yes
10.1007_s40618-025-02616-2,86,1,82,development,diagnostic,0.783,yes,na,na,na,na,yes,black,1,na,yes
10.1007_s40618-025-02616-2,86,2,82,development,diagnostic,0.708,yes,na,na,na,na,yes,black,2,na,yes
10.1007_s40618-025-02616-2,86,3,82,development,diagnostic,0.502,yes,na,na,na,na,yes,black,3,na,yes
10.1016_j.dcn.2025.101639,87,1,450,development,prognostic,0.78,na,na,na,na,na,na,na,na,na,yes
10.1016_j.dcn.2025.101639,87,2,450,development,prognostic,0.79,na,na,na,na,na,na,na,na,na,yes
10.1186_s40644-025-00920-x,88,1,138,development,prognostic,0.957,na,na,na,na,na,cnd,na,na,na,yes
10.1186_s40644-025-00920-x,88,2,138,development,prognostic,0.972,na,na,na,na,na,cnd,na,na,na,yes
10.1186_s40644-025-00920-x,88,3,138,validation,prognostic,0.727,na,na,na,na,na,cnd,na,na,na,yes
10.1186_s40644-025-00920-x,88,4,138,validation,prognostic,0.799,na,na,na,na,na,cnd,na,na,na,yes
10.1186_s40644-025-00920-x,88,5,138,validation,prognostic,0.682,na,na,na,na,na,cnd,na,na,na,yes
10.1186_s40644-025-00920-x,88,6,138,validation,prognostic,0.826,na,na,na,na,na,cnd,na,na,na,yes
10.1186_s40644-025-00920-x,88,7,138,development,prognostic,0.915,na,na,na,na,na,cnd,na,na,na,yes
10.1186_s40644-025-00920-x,88,8,138,development,prognostic,0.982,na,na,na,na,na,cnd,na,na,na,yes
10.1186_s40644-025-00920-x,88,9,138,validation,prognostic,0.682,na,na,na,na,na,cnd,na,na,na,yes
10.1186_s40644-025-00920-x,88,10,138,validation,prognostic,0.714,na,na,na,na,na,cnd,na,na,na,yes
10.1186_s40644-025-00920-x,88,11,138,development,prognostic,0.97,na,na,na,na,na,cnd,na,na,na,yes
10.1186_s40644-025-00920-x,88,12,138,validation,prognostic,0.85,na,na,na,na,na,cnd,na,na,na,yes
10.1177_02692155251337570,89,1,65,validation,diagnostic,0.628,na,na,na,na,na,yes,blue,na,na,yes
10.1016_j.jns.2025.123587,90,1,970,development,prognostic,0.613,na,na,na,na,na,cnd,na,na,na,yes
10.1016_j.jns.2025.123587,90,2,970,development,prognostic,0.599,na,na,na,na,na,cnd,na,na,na,yes
10.1016_j.jns.2025.123587,90,3,970,development,prognostic,0.547,na,na,na,na,na,cnd,na,na,na,yes
10.1016_j.jns.2025.123587,90,4,970,development,prognostic,0.533,na,na,na,na,na,cnd,na,na,na,yes
10.1016_j.jns.2025.123587,90,5,970,development,prognostic,0.75,na,na,na,na,na,cnd,na,na,na,yes
10.1016_j.jns.2025.123587,90,6,970,development,prognostic,0.784,na,na,na,na,na,cnd,na,na,na,yes
10.1245_s10434-025-17656-4,91,1,84,development,prognostic,0.743,na,84,na,68,na,cnd,na,na,na,yes
10.1245_s10434-025-17656-4,91,2,84,development,prognostic,0.645,na,56.7,na,88.2,na,cnd,na,na,na,yes
10.1245_s10434-025-17656-4,91,3,84,development,prognostic,0.79,na,90.9,na,67.7,na,cnd,na,na,na,yes
10.1245_s10434-025-17656-4,91,4,38,validation,prognostic,0.725,na,83.3,na,69.2,na,cnd,na,na,na,yes
10.1245_s10434-025-17656-4,91,5,38,validation,prognostic,0.644,na,57.1,na,80,na,cnd,na,na,na,yes
10.1245_s10434-025-17656-4,91,6,38,validation,prognostic,0.808,na,100,na,71.4,na,cnd,na,na,na,yes
10.1371_journal.pgen.1011718,92,1,11106,validation,diagnostic,0.878,yes,na,na,na,na,cnd,na,na,na,yes
10.1371_journal.pgen.1011718,92,2,11106,validation,diagnostic,0.878,yes,na,na,na,na,cnd,na,na,na,yes
10.1371_journal.pgen.1011718,92,3,11106,validation,diagnostic,0.877,yes,na,na,na,na,cnd,na,na,na,yes
10.1371_journal.pgen.1011718,92,4,11106,validation,diagnostic,0.877,yes,na,na,na,na,cnd,na,na,na,yes
10.1371_journal.pgen.1011718,92,5,11106,validation,diagnostic,0.876,yes,na,na,na,na,cnd,na,na,na,yes
10.1371_journal.pgen.1011718,92,6,11106,validation,diagnostic,0.876,yes,na,na,na,na,cnd,na,na,na,yes
10.1371_journal.pgen.1011718,92,7,11106,validation,diagnostic,0.876,yes,na,na,na,na,cnd,na,na,na,yes
10.1371_journal.pgen.1011718,92,8,11106,validation,diagnostic,0.876,yes,na,na,na,na,cnd,na,na,na,yes
10.1371_journal.pgen.1011718,92,9,11106,validation,diagnostic,0.876,yes,na,na,na,na,cnd,na,na,na,yes
10.1371_journal.pgen.1011718,92,10,11106,validation,diagnostic,0.876,yes,na,na,na,na,cnd,na,na,na,yes
10.1080_09546634.2025.2564810,93,1,641,development,prognostic,0.58,na,na,na,na,na,na,na,na,na,yes
10.3389_fnagi.2025.1685288,94,1,55,development,diagnostic,0.81,na,74,na,80,na,na,na,na,na,yes
10.3389_fnagi.2025.1685288,94,2,55,development,diagnostic,0.79,na,80,na,70,na,na,na,na,na,yes
10.3389_fnagi.2025.1685288,94,3,55,development,diagnostic,0.78,na,85,na,63,na,na,na,na,na,yes
10.3389_fnagi.2025.1685288,94,4,55,development,diagnostic,0.92,na,95,na,75,na,na,na,na,na,yes
10.3389_fnagi.2025.1685288,94,5,55,development,diagnostic,0.78,na,80,na,70,na,na,na,na,na,yes
10.1016_j.jinf.2025.106458,95,1,1010,development,diagnostic,0.68,yes,na,na,na,na,cnd,na,na,na,yes
10.1016_j.jinf.2025.106458,95,2,1010,development,diagnostic,0.68,yes,na,na,na,na,cnd,na,na,na,yes
10.1016_j.jinf.2025.106458,95,3,1010,development,diagnostic,0.56,yes,na,na,na,na,cnd,na,na,na,yes
10.1016_j.jinf.2025.106458,95,4,1010,development,diagnostic,0.67,yes,na,na,na,na,cnd,na,na,na,yes
10.1016_j.jinf.2025.106458,95,5,1010,development,diagnostic,0.66,yes,na,na,nn,na,cnd,na,na,na,yes
10.1016_j.jinf.2025.106458,95,6,1010,development,diagnostic,0.75,yes,na,na,na,na,cnd,na,na,na,yes
10.1016_j.jinf.2025.106458,95,7,1010,development,diagnostic,0.73,yes,na,na,na,na,cnd,na,na,na,yes
10.3389_fcvm.2025.1620664,96,1,858,development,prognostic,0.85,na,88,na,83,na,yes,yellow,a,na,yes
10.3389_fcvm.2025.1620664,96,2,369,validation,prognostic,0.83,na,87,na,84,na,yes,red,b,na,yes
10.3389_fcvm.2025.1620664,96,3,1545,validation,prognostic,0.81,na,84,na,84,na,yes,yellow,c,na,yes
10.3389_fcvm.2025.1620664,96,4,858,development,prognostic,0.77,na,89,na,78,na,yes,red,a,na,yes
10.3389_fcvm.2025.1620664,96,5,369,validation,prognostic,0.76,na,86,na,78,na,yes,yellow,b,na,yes
10.3389_fcvm.2025.1620664,96,6,1545,validation,prognostic,0.76,na,85,na,80,na,yes,red,c,na,yes
10.1007_s00330-025-12116-9,97,1,120,development,prognostic,0.72,na,58,na,86,na,cnd,na,na,na,yes
10.1007_s00330-025-12116-9,97,2,120,development,prognostic,0.75,na,43,na,90,na,cnd,na,na,na,yes
10.1007_s00330-025-12116-9,97,3,120,development,prognostic,0.83,na,87,na,68,na,cnd,na,na,na,yes
10.1007_s00330-025-12116-9,97,4,30,validation,prognostic,0.76,na,59,na,85,na,cnd,na,na,na,yes
10.1007_s00330-025-12116-9,97,5,30,validation,prognostic,0.82,na,78,na,87.5,na,cnd,na,na,na,yes
10.1007_s00330-025-12116-9,97,6,30,validation,prognostic,0.88,na,70,na,95,na,cnd,na,na,na,yes
10.1007_s00330-025-12116-9,97,7,10,validation,prognostic,0.64,na,47,na,78,na,cnd,na,na,na,yes
10.1007_s00330-025-12116-9,97,8,10,validation,prognostic,0.7,na,76,na,59,na,cnd,na,na,na,yes
10.1007_s00330-025-12116-9,97,9,10,validation,prognostic,0.77,na,85,na,65,na,cnd,na,na,na,yes
10.1016_j.envpol.2025.127519,na,na,na,na,na,na,na,na,na,na,na,na,na,na,not prediction model study,yes
10.1007_s00431-024-05934-4,98,1,115,development,diagnostic,0.83,yes,65,na,83,na,yes,blue,1,na,yes
10.1007_s00431-024-05934-4,98,2,115,development,diagnostic,0.78,yes,66,na,83,na,yes,blue,2,na,yes
10.1007_s00464-025-11725-1,99,1,180,development,prognostic,0.908,yes,na,na,na,na,yes,blue,a,na,yes
10.1007_s00464-025-11725-1,99,2,75,validation,prognostic,0.888,yes,na,na,na,na,yes,red,b,na,yes
10.3389_fendo.2025.1617229,100,1,1584,development,prognostic,0.631,yes,na,na,na,na,na,na,na,na,yes
10.3389_fendo.2025.1617229,100,2,1584,development,prognostic,0.663,yes,44.4,na,80.9,na,yes,blue,1,na,yes
10.1007_s12519-025-00940-4,101,1,125,development,prognostic,0.833,yes,na,na,na,na,yes,red,a,na,yes
10.1210_clinem_dgaf673,na,na,na,na,na,na,na,na,na,na,na,na,na,na,not prediction model study,yes
10.1177_17562848251333025,102,1,1344,development,prognostic,0.72,yes,na,na,na,na,yes,blue,1,na,yes
10.3389_fendo.2025.1518764,103,1,125,development,diagnostic,0.719,yes,75.6,na,66,na,na,na,na,na,yes
10.3389_fendo.2025.1518764,103,2,125,development,diagnostic,0.824,yes,61.5,na,89.4,na,na,na,na,na,yes
10.3389_fendo.2025.1518764,103,3,125,development,diagnostic,0.773,yes,75.6,na,74.5,na,na,na,na,na,yes
10.3389_fendo.2025.1518764,103,4,125,development,diagnostic,0.786,yes,82.1,na,59.6,na,na,na,na,na,yes
10.3389_fendo.2025.1518764,103,5,125,development,diagnostic,0.755,yes,83.3,na,57.4,na,na,na,na,na,yes
10.3389_fendo.2025.1518764,103,6,125,development,diagnostic,0.783,yes,75.6,na,70.2,na,na,na,na,na,yes
10.3389_fendo.2025.1518764,103,7,125,development,diagnostic,0.879,yes,83.3,na,87.2,na,na,na,na,na,yes
10.3389_fendo.2025.1518764,103,8,125,development,diagnostic,0.927,yes,91,na,85.1,na,yes,blue,1,na,yes
10.3389_fendo.2025.1518764,103,9,125,development,diagnostic,0.797,yes,71.8,na,79.7,na,na,na,na,na,yes
10.3389_fendo.2025.1518764,103,10,125,development,diagnostic,0.866,yes,79.5,na,81.2,na,na,na,na,na,yes
10.3389_fendo.2025.1518764,103,11,125,development,diagnostic,0.903,yes,93.6,na,70.2,na,na,na,na,na,yes
10.3389_fendo.2025.1518764,103,12,125,development,diagnostic,0.924,yes,96.2,na,83,na,yes,green,1,na,yes
10.3389_fendo.2025.1518764,103,13,125,development,diagnostic,0.973,yes,na,na,na,na,yes,red,1,na,yes
10.3389_fmed.2025.1615950,104,1,512,development,prognostic,0.7163,yes,na,na,na,na,yes,blue,1,na,yes
10.3389_fmed.2025.1615950,104,2,512,development,prognostic,0.9771,yes,na,na,na,na,yes,green,1,na,yes
10.3389_fmed.2025.1615950,104,3,512,development,prognostic,0.6984,yes,na,na,na,na,yes,red,1,na,yes
10.3389_fmed.2025.1615950,104,4,512,development,prognostic,0.9601,yes,na,na,na,na,yes,pruple,1,na,yes
10.3389_fmed.2025.1615950,104,5,512,development,prognostic,0.9792,yes,na,na,na,na,yes,yellow,1,na,yes
10.2147_COPD.S545141,105,1,1396,development,prognostic,0.81,yes,na,na,na,na,yes,blue,a,na,yes
10.2147_COPD.S545141,105,2,1396,development,prognostic,0.848,yes,na,na,na,na,yes,red,a,na,yes
10.2147_COPD.S545141,105,3,1396,development,prognostic,0.904,yes,na,na,na,na,yes,green,a,na,yes
10.2147_COPD.S545141,105,4,1396,development,prognostic,0.832,yes,na,na,na,na,yes,blue,b,na,yes
10.2147_COPD.S545141,105,5,1396,development,prognostic,0.873,yes,na,na,na,na,yes,red,b,na,yes
10.2147_COPD.S545141,105,6,1396,development,prognostic,0.929,yes,na,na,na,na,yes,green,b,na,yes
10.3389_fpsyt.2025.1657696,106,1,485,development,diagnostic,0.636,na,84,na,47,na,yes,black,a,na,yes
10.3389_fpsyt.2025.1657696,106,2,485,development,diagnostic,0.724,na,90,na,49,na,yes,black,b,na,yes
10.1016_j.resuscitation.2025.110837,107,1,122,development,prognostic,0.79,yes,na,na,na,na,yes,dash,a,na,yes
10.1016_j.resuscitation.2025.110837,107,2,122,development,prognostic,0.91,yes,na,na,na,na,yes,dot,a,na,yes
10.1016_j.resuscitation.2025.110837,107,3,122,development,prognostic,0.74,yes,na,na,na,na,yes,dash,b,na,yes
10.1016_j.resuscitation.2025.110837,107,4,122,development,prognostic,0.85,yes,na,na,na,na,yes,dot,b,na,yes
10.1016_j.resuscitation.2025.110837,107,5,122,development,prognostic,0.77,yes,na,na,na,na,yes,dash,c,na,yes
10.1016_j.resuscitation.2025.110837,107,6,122,development,prognostic,0.91,yes,na,na,na,na,yes,dot,c,na,yes
10.1016_j.resuscitation.2025.110837,107,7,122,development,prognostic,0.77,yes,na,na,na,na,yes,dash,d,na,yes
10.1016_j.resuscitation.2025.110837,107,8,122,development,prognostic,0.92,yes,na,na,na,na,yes,dot,d,na,yes
10.1016_j.resuscitation.2025.110837,107,9,122,development,prognostic,0.76,yes,na,na,na,na,yes,dash,e,na,yes
10.1016_j.resuscitation.2025.110837,107,10,122,development,prognostic,0.92,yes,na,na,na,na,yes,dot,e,na,yes
10.1016_j.resuscitation.2025.110837,107,11,122,development,prognostic,0.76,yes,na,na,na,na,yes,dash,f,na,yes
10.1016_j.resuscitation.2025.110837,107,12,122,development,prognostic,0.9,yes,na,na,na,na,yes,dot,f,na,yes
10.1016_j.resuscitation.2025.110837,107,13,122,development,prognostic,0.77,yes,na,na,na,na,yes,dash,g,na,yes
10.1016_j.resuscitation.2025.110837,107,14,122,development,prognostic,0.89,yes,na,na,na,na,yes,dot,g,na,yes
10.1016_j.resuscitation.2025.110837,107,15,122,development,prognostic,0.76,yes,na,na,na,na,yes,dash,h,na,yes
10.1016_j.resuscitation.2025.110837,107,16,122,development,prognostic,0.89,yes,na,na,na,na,yes,dot,h,na,yes
10.1016_j.resuscitation.2025.110837,107,17,122,development,prognostic,0.75,yes,na,na,na,na,yes,dash,i,na,yes
10.1016_j.resuscitation.2025.110837,107,18,122,development,prognostic,0.9,yes,na,na,na,na,yes,dot,i,na,yes
10.1016_j.resuscitation.2025.110837,107,19,122,development,prognostic,0.75,yes,na,na,na,na,yes,dash,j,na,yes
10.1016_j.resuscitation.2025.110837,107,20,122,development,prognostic,0.9,yes,na,na,na,na,yes,dot,j,na,yes
10.1016_j.aca.2025.344455,na,na,na,na,na,na,na,na,na,na,na,na,na,na,not prediction model study,yes
10.3389_fendo.2025.1504878,108,1,1463,development,diagnostic,0.5773,yes,43.6,na,70.95,na,yes,black,1,na,yes
10.3389_fendo.2025.1504878,108,2,1463,development,diagnostic,0.5681,yes,41.28,na,71.49,na,yes,red,1,na,yes
10.1016_j.jocmr.2025.101933,109,1,179,validation,diagnostic,0.8,yes,na,na,na,na,na,na,na,na,yes
10.1016_j.jocmr.2025.101933,109,2,179,validation,diagnostic,0.94,yes,93.2,na,80.8,na,yes,blue,1,na,yes
10.1016_j.jocmr.2025.101933,109,3,179,validation,diagnostic,0.9,yes,91.8,na,86.9,na,yes,pruple,1,na,yes
10.1016_j.jocmr.2025.101933,109,4,179,validation,diagnostic,0.46,yes,na,na,na,na,na,na,na,na,yes
10.1016_j.jocmr.2025.101933,109,5,179,validation,diagnostic,0.44,yes,na,na,na,na,na,na,na,na,yes
10.1016_j.jocmr.2025.101933,109,6,179,validation,diagnostic,0.7,yes,na,na,na,na,yes,blue,2,na,yes
10.1016_j.jocmr.2025.101933,109,7,179,validation,diagnostic,0.72,yes,na,na,na,na,yes,pruple,2,na,yes
10.1016_j.jocmr.2025.101933,109,8,179,validation,diagnostic,0.42,yes,na,na,na,na,na,na,na,na,yes
10.1016_j.jocmr.2025.101933,109,9,179,validation,diagnostic,0.46,yes,na,na,na,na,na,na,na,na,yes
10.1136_gutjnl-2025-335598,110,1,469,validation,diagnostic,0.812,missing decimal,na,na,na,na,cnd,na,na,na,yes
10.1136_gutjnl-2025-335598,110,2,469,validation,diagnostic,0.843,yes,na,na,na,na,cnd,na,na,na,yes
10.1136_gutjnl-2025-335598,110,3,469,validation,diagnostic,0.68,yes,na,na,na,na,cnd,na,na,na,yes
10.1136_gutjnl-2025-335598,110,4,469,validation,diagnostic,0.769,yes,na,na,na,na,cnd,na,na,na,yes
10.1136_gutjnl-2025-335598,110,5,469,validation,diagnostic,0.738,yes,na,na,na,na,cnd,na,na,na,yes
10.1136_gutjnl-2025-335598,110,6,469,validation,diagnostic,0.847,yes,na,na,na,na,cnd,na,na,na,yes
10.1136_gutjnl-2025-335598,110,7,469,validation,diagnostic,0.852,yes,na,na,na,na,cnd,na,na,na,yes
10.2106_JBJS.24.01601,111,1,203,validation,diagnostic,0.942,yes,74.3,yes,95.3,yes,na,na,na,na,yes
10.2106_JBJS.24.01601,111,2,203,validation,diagnostic,0.922,yes,67,yes,94.3,yes,na,na,na,na,yes
10.2106_JBJS.24.01601,111,3,203,validation,diagnostic,0.93,yes,70.4,yes,93.9,yes,na,na,na,na,yes
10.2106_JBJS.24.01601,111,4,203,validation,diagnostic,0.899,yes,68.6,yes,92.4,yes,na,na,na,na,yes
10.2106_JBJS.24.01601,111,5,203,validation,diagnostic,0.924,yes,65.7,yes,93.5,yes,na,na,na,na,yes
10.2106_JBJS.24.01601,111,6,203,validation,diagnostic,0.908,yes,83.2,yes,84.4,yes,na,na,na,na,yes
10.2106_JBJS.24.01601,111,7,203,validation,diagnostic,0.96,yes,80.6,yes,91.8,yes,na,na,na,na,yes
10.2106_JBJS.24.01601,111,8,203,validation,diagnostic,0.941,yes,75,yes,95.5,yes,na,na,na,na,yes
10.2106_JBJS.24.01601,111,9,203,validation,diagnostic,0.934,yes,66.1,yes,95.9,yes,na,na,na,na,yes
10.2106_JBJS.24.01601,111,10,203,validation,diagnostic,0.917,yes,63,yes,99.2,yes,na,na,na,na,yes
10.2106_JBJS.24.01601,111,11,203,validation,diagnostic,0.902,yes,83.2,yes,78.6,yes,na,na,na,na,yes
10.2106_JBJS.24.01601,111,12,203,validation,diagnostic,0.97,yes,66.7,yes,97.5,yes,na,na,na,na,yes
10.2106_JBJS.24.01601,111,13,203,validation,diagnostic,0.959,yes,87.5,yes,84.6,yes,na,na,na,na,yes
10.2106_JBJS.24.01601,111,14,203,validation,diagnostic,0.919,yes,35.6,yes,100,yes,na,na,na,na,yes
10.2106_JBJS.24.01601,111,15,203,validation,diagnostic,0.944,yes,77.8,yes,98.4,yes,na,na,na,na,yes
10.2106_JBJS.24.01601,111,16,203,validation,diagnostic,0.922,yes,97.6,yes,55.8,yes,na,na,na,na,yes
10.2106_JBJS.24.01601,111,17,203,validation,diagnostic,0.963,yes,61.1,yes,98.8,yes,na,na,na,na,yes
10.2106_JBJS.24.01601,111,18,203,validation,diagnostic,0.944,yes,59.4,yes,96.8,yes,na,na,na,na,yes
10.2106_JBJS.24.01601,111,19,203,validation,diagnostic,0.911,yes,49.2,yes,99.5,yes,na,na,na,na,yes
10.2106_JBJS.24.01601,111,20,203,validation,diagnostic,0.905,yes,25.9,yes,100,yes,na,na,na,na,yes
10.2106_JBJS.24.01601,111,21,203,validation,diagnostic,0.872,yes,86.4,yes,70.8,yes,na,na,na,na,yes
10.2106_JBJS.24.01601,111,22,203,validation,diagnostic,0.932,yes,72.2,yes,96.3,yes,na,na,na,na,yes
10.2106_JBJS.24.01601,111,23,203,validation,diagnostic,0.917,yes,59.4,yes,95.5,yes,na,na,na,na,yes
10.2106_JBJS.24.01601,111,24,203,validation,diagnostic,0.844,yes,33.9,yes,99.1,yes,na,na,na,na,yes
10.2106_JBJS.24.01601,111,25,203,validation,diagnostic,0.941,yes,77.8,yes,92.9,yes,na,na,na,na,yes
10.2106_JBJS.24.01601,111,26,203,validation,diagnostic,0.896,yes,88.8,yes,70.1,yes,na,na,na,na,yes
10.2106_JBJS.24.01601,111,27,203,validation,diagnostic,0.969,yes,69.4,yes,97.5,yes,na,na,na,na,yes
10.2106_JBJS.24.01601,111,28,203,validation,diagnostic,0.932,yes,78.1,yes,87.9,yes,na,na,na,na,yes
10.2106_JBJS.24.01601,111,29,203,validation,diagnostic,0.883,yes,39,yes,98.6,yes,na,na,na,na,yes
10.2106_JBJS.24.01601,111,30,203,validation,diagnostic,0.963,yes,33.3,yes,99.6,yes,na,na,na,na,yes
10.2106_JBJS.24.01601,111,31,402,validation,diagnostic,0.937,yes,69.9,yes,95.5,yes,na,na,na,na,yes
10.2106_JBJS.24.01601,111,32,402,validation,diagnostic,0.912,yes,58.8,yes,95.5,yes,na,na,na,na,yes
10.2106_JBJS.24.01601,111,33,402,validation,diagnostic,0.92,yes,65.1,yes,94.3,yes,na,na,na,na,yes
10.2106_JBJS.24.01601,111,34,402,validation,diagnostic,0.875,yes,56.8,yes,92.9,yes,na,na,na,na,yes
10.2106_JBJS.24.01601,111,35,402,validation,diagnostic,0.917,yes,65.6,yes,94.4,yes,na,na,na,na,yes
10.2106_JBJS.24.01601,111,36,402,validation,diagnostic,0.9,yes,84.6,yes,81,yes,na,na,na,na,yes
10.2106_JBJS.24.01601,111,37,402,validation,diagnostic,0.941,yes,70.8,yes,99,yes,na,na,na,na,yes
10.2106_JBJS.24.01601,111,38,402,validation,diagnostic,0.937,yes,79.8,yes,92.9,yes,na,na,na,na,yes
10.2106_JBJS.24.01601,111,39,402,validation,diagnostic,0.928,yes,59,yes,97,yes,na,na,na,na,yes
10.2106_JBJS.24.01601,111,40,402,validation,diagnostic,0.902,yes,58.3,yes,95.2,yes,na,na,na,na,yes
10.2106_JBJS.24.01601,111,41,402,validation,diagnostic,0.886,yes,66.1,yes,87.6,yes,na,na,na,na,yes
10.2106_JBJS.24.01601,111,42,402,validation,diagnostic,0.938,yes,80.2,yes,96.1,yes,na,na,na,na,yes
10.2106_JBJS.24.01601,111,43,402,validation,diagnostic,0.921,yes,68.8,yes,95.1,yes,na,na,na,na,yes
10.2106_JBJS.24.01601,111,44,402,validation,diagnostic,0.92,yes,67,yes,95,yes,na,na,na,na,yes
10.2106_JBJS.24.01601,111,45,402,validation,diagnostic,0.888,yes,74,yes,86,yes,na,na,na,na,yes
10.2106_JBJS.24.01601,111,46,402,validation,diagnostic,0.893,yes,65.1,yes,90.6,yes,na,na,na,na,yes
10.2106_JBJS.24.01601,111,47,402,validation,diagnostic,0.921,yes,75,yes,98.1,yes,na,na,na,na,yes
10.2106_JBJS.24.01601,111,48,402,validation,diagnostic,0.95,yes,73.9,yes,95.9,yes,na,na,na,na,yes
10.2106_JBJS.24.01601,111,49,402,validation,diagnostic,0.921,yes,61,yes,80.4,yes,na,na,na,na,yes
10.2106_JBJS.24.01601,111,50,402,validation,diagnostic,0.9,yes,78.7,yes,63,yes,na,na,na,na,yes
10.2106_JBJS.24.01601,111,51,402,validation,diagnostic,0.827,yes,83.9,yes,96.6,yes,na,na,na,na,yes
10.2106_JBJS.24.01601,111,52,402,validation,diagnostic,0.899,yes,54.2,yes,87.2,yes,na,na,na,na,yes
10.2106_JBJS.24.01601,111,53,402,validation,diagnostic,0.852,yes,69.7,yes,98.9,yes,na,na,na,na,yes
10.2106_JBJS.24.01601,111,54,402,validation,diagnostic,0.814,yes,23,yes,97.6,yes,na,na,na,na,yes
10.2106_JBJS.24.01601,111,55,402,validation,diagnostic,0.812,yes,21.3,yes,84.8,yes,na,na,na,na,yes
10.2106_JBJS.24.01601,111,56,402,validation,diagnostic,0.892,yes,76.1,yes,94.8,yes,na,na,na,na,yes
10.2106_JBJS.24.01601,111,57,402,validation,diagnostic,0.936,yes,79.2,yes,94.8,yes,na,na,na,na,yes
10.2106_JBJS.24.01601,111,58,402,validation,diagnostic,0.924,yes,63.3,yes,96.4,yes,na,na,na,na,yes
10.2106_JBJS.24.01601,111,59,402,validation,diagnostic,0.903,yes,30,yes,98.4,yes,na,na,na,na,yes
10.2106_JBJS.24.01601,111,60,402,validation,diagnostic,0.909,yes,78,yes,84.4,yes,na,na,na,na,yes
10.2147_OPTH.S546189,112,1,53,development,prognostic,0.803,yes,78.2,na,72.5,na,yes,blue,1,na,yes
10.1016_j.resuscitation.2025.110775,na,na,na,na,na,na,na,na,na,na,na,na,na,na,not required data,yes
10.1016_j.jns.2025.123748,113,1,172,development,diagnostic,0.966,yes,na,na,na,na,yes,blue,1,na,yes
10.1016_j.jns.2025.123748,113,2,172,development,diagnostic,0.966,yes,na,na,na,na,yes,green,1,na,yes
10.1111_jan.16806,114,1,418,development,prognostic,0.78,yes,na,na,na,na,yes,blue,1,na,yes
10.1111_jan.16806,114,2,180,validation,prognostic,0.82,yes,na,na,na,na,yes,orange,1,na,yes
10.1245_s10434-025-18815-3,115,1,106,validation,prognostic,0.5924,na,na,na,na,na,na,na,na,na,yes
10.1245_s10434-025-18815-3,115,2,106,validation,prognostic,0.7215,na,na,na,na,na,na,na,na,na,yes
10.1245_s10434-025-18815-3,115,3,106,validation,prognostic,0.7617,na,na,na,na,na,na,na,na,na,yes
10.1245_s10434-025-18815-3,115,4,106,validation,prognostic,0.4875,na,na,na,na,na,na,na,na,na,yes
10.1245_s10434-025-18815-3,115,5,106,validation,prognostic,0.7823,na,na,na,na,na,na,na,na,na,yes
10.1245_s10434-025-18815-3,115,6,106,validation,prognostic,0.8416,na,na,na,na,na,yes,blue,1,na,yes
10.1245_s10434-025-18815-3,115,7,106,validation,prognostic,0.84,na,na,na,na,na,yes,orange,1,na,yes
10.1245_s10434-025-18815-3,115,8,106,validation,prognostic,0.7482,na,na,na,na,na,yes,green,1,na,yes
10.1016_j.compbiomed.2025.110790,116,1,431,validation,prognostic,0.689,na,na,na,na,na,na,na,na,na,yes
10.1016_j.compbiomed.2025.110790,116,2,431,validation,prognostic,0.67,na,na,na,na,na,na,na,na,na,yes
10.3390_jcm14186682,117,1,1132,development,prognostic,0.93,na,na,na,na,na,yes,blue,1,na,yes
10.1177_17562864251374903,118,1,171,development,diagnostic,0.669,yes,na,na,na,na,yes,blue,a,na,yes
10.1177_17562864251374903,118,2,171,development,diagnostic,0.531,wrong,na,na,na,na,yes,green,a,na,yes
10.1177_17562864251374903,118,3,171,development,diagnostic,0.681,na,na,na,na,na,cnd,na,na,na,yes
10.1177_17562864251374903,118,4,171,development,diagnostic,0.672,na,na,na,na,na,cnd,na,na,na,yes
10.1016_j.tranon.2025.102281,119,1,324,development,prognostic,0.872,yes,na,na,na,na,na,na,na,na,yes
10.1016_j.tranon.2025.102281,119,2,324,development,prognostic,0.882,yes,na,na,na,na,na,na,na,na,yes
10.1016_j.tranon.2025.102281,119,3,82,validation,prognostic,0.936,yes,na,na,na,na,na,na,na,na,yes
10.1016_j.tranon.2025.102281,119,4,82,validation,prognostic,0.941,yes,na,na,na,na,na,na,na,na,yes
10.1016_j.tranon.2025.102281,119,5,82,validation,prognostic,0.632,yes,na,na,na,na,na,na,na,na,yes
10.1016_j.tranon.2025.102281,119,6,82,validation,prognostic,0.784,yes,na,na,na,na,na,na,na,na,yes
10.1016_j.tranon.2025.102281,119,7,82,validation,prognostic,0.872,yes,na,na,na,na,na,na,na,na,yes
10.1016_j.tranon.2025.102281,119,8,82,validation,prognostic,0.865,yes,na,na,na,na,na,na,na,na,yes
10.1016_j.tranon.2025.102281,119,9,82,validation,prognostic,0.605,yes,na,na,na,na,na,na,na,na,yes
10.1016_j.tranon.2025.102281,119,10,82,validation,prognostic,0.761,yes,na,na,na,na,na,na,na,na,yes
10.2106_JBJS.24.00821,120,1,6251,validation,prognostic,0.73,na,na,na,na,na,na,na,na,na,yes
10.2106_JBJS.24.00821,120,2,6251,validation,prognostic,0.73,na,na,na,na,na,na,na,na,na,yes
10.2106_JBJS.24.00821,120,3,6251,validation,prognostic,0.74,na,na,na,na,na,na,na,na,na,yes
10.1007_s00464-025-11859-2,121,1,106,development,prognostic,0.698,yes,na,na,na,na,yes,orange,1,na,yes
10.1007_s00464-025-11859-2,121,1,106,development,prognostic,0.64,yes,na,na,na,na,yes,green,1,na,yes
10.1007_s00464-025-11859-2,121,1,106,development,prognostic,0.609,yes,na,na,na,na,yes,black,1,na,yes
10.1007_s00464-025-11859-2,121,1,106,development,prognostic,0.559,yes,na,na,na,na,yes,red,1,na,yes
10.1007_s00464-025-11859-2,121,1,106,development,prognostic,0.545,yes,na,na,na,na,yes,blue,1,na,yes
10.1007_s00586-025-09239-4,122,1,236,development,prognostic,0.793,yes,na,na,na,na,cnd,na,na,na,yes
10.1007_s00586-025-09239-4,122,1,236,development,prognostic,0.772,yes,na,na,na,na,cnd,na,na,na,yes
10.1007_s00586-025-09239-4,122,1,236,development,prognostic,0.707,yes,na,na,na,na,cnd,na,na,na,yes
10.1007_s00586-025-09239-4,122,1,236,development,prognostic,0.703,yes,na,na,na,na,cnd,na,na,na,yes
10.3389_fmed.2025.1615136,123,1,22,development,prognostic,0.588,na,56.62,na,60.43,na,cnd,na,na,na,yes
10.3389_fmed.2025.1615136,123,2,22,development,prognostic,0.562,na,27.32,na,84.89,na,cnd,na,na,na,yes
10.3389_fmed.2025.1615136,123,3,22,development,prognostic,0.562,na,37.46,na,75.54,na,cnd,na,na,na,yes
10.3389_fmed.2025.1615136,123,4,22,development,prognostic,0.637,na,55.26,na,71.79,na,cnd,na,na,na,yes
10.3389_fmed.2025.1615136,123,5,22,development,prognostic,0.637,na,57.89,na,71.79,na,cnd,na,na,na,yes
10.3389_fmed.2025.1615136,123,6,22,development,prognostic,0.74,na,93.42,na,48.72,na,cnd,na,na,na,yes
10.3389_fmed.2025.1615136,123,7,22,development,prognostic,0.618,na,61.18,na,64.1,na,cnd,na,na,na,yes
10.3389_fmed.2025.1615136,123,8,22,development,prognostic,0.796,na,73.03,na,76.92,na,cnd,na,na,na,yes
10.3389_fmed.2025.1615136,123,9,22,development,prognostic,0.769,na,62.5,na,82.05,na,cnd,na,na,na,yes
10.3389_fmed.2025.1615136,123,10,22,development,prognostic,0.754,na,90.79,na,61.54,na,cnd,na,na,na,yes
10.3389_fmed.2025.1615136,123,11,22,development,prognostic,0.676,na,68.42,na,69.23,na,cnd,na,na,na,yes
10.2147_CIA.S515849,124,1,917,development,prognostic,0.874,yes,75.4,na,87.6,na,yes,orange,1,na,yes
10.2147_CIA.S515849,124,2,394,validation,prognostic,0.86,yes,94.4,na,62.6,na,yes,blue,1,na,yes
10.1128_jcm.01186-25,125,1,15005,validation,diagnostic,0.75,na,na,na,na,na,na,na,na,na,yes
10.1128_jcm.01186-25,125,2,15005,validation,diagnostic,0.75,na,na,na,na,na,na,na,na,na,yes
10.1128_jcm.01186-25,125,3,15005,validation,diagnostic,0.82,na,na,na,na,na,na,na,na,na,yes
10.1016_j.ejrad.2025.112560,126,1,161,development,prognostic,0.821,yes,73.3,na,76.1,na,na,na,na,na,yes
10.1016_j.ejrad.2025.112560,126,2,161,development,prognostic,0.819,yes,64.4,na,87.3,na,na,na,na,na,yes
10.1016_j.ejrad.2025.112560,126,3,161,development,prognostic,0.787,yes,67.8,na,77.5,na,na,na,na,na,yes
10.1016_j.ejrad.2025.112560,126,4,161,development,prognostic,0.822,yes,72.2,na,81.7,na,na,na,na,na,yes
10.1016_j.ejrad.2025.112560,126,5,161,development,prognostic,0.815,yes,70,na,83.1,na,na,na,na,na,yes
10.1016_j.ejrad.2025.112560,126,6,161,development,prognostic,0.847,yes,73.3,na,81.7,na,na,na,na,na,yes
10.1016_j.ejrad.2025.112560,126,7,161,development,prognostic,0.82,yes,76.1,na,77.8,na,na,na,na,na,yes
10.1016_j.ejrad.2025.112560,126,8,161,development,prognostic,0.855,yes,86.7,na,83.2,na,na,na,na,na,yes
10.1016_j.ejrad.2025.112560,126,9,161,development,prognostic,0.826,yes,85.6,na,64.8,na,na,na,na,na,yes
10.1016_j.ejrad.2025.112560,126,10,161,development,prognostic,0.709,yes,55.6,na,78.9,na,na,na,na,na,yes
10.1016_j.ejrad.2025.112560,126,11,161,development,prognostic,0.858,yes,80,na,85.9,na,na,na,na,na,yes
10.1016_j.ejrad.2025.112560,126,12,102,validation,prognostic,0.639,yes,77.8,na,47.9,na,na,na,na,na,yes
10.1016_j.ejrad.2025.112560,126,13,102,validation,prognostic,0.625,yes,37,na,85.4,na,na,na,na,na,yes
10.1016_j.ejrad.2025.112560,126,14,102,validation,prognostic,0.583,yes,87,na,33.3,na,na,na,na,na,yes
10.1016_j.ejrad.2025.112560,126,15,102,validation,prognostic,0.611,yes,66.7,na,43.8,na,na,na,na,na,yes
10.1016_j.ejrad.2025.112560,126,16,102,validation,prognostic,0.618,yes,66.7,na,58.3,na,na,na,na,na,yes
10.1016_j.ejrad.2025.112560,126,17,102,validation,prognostic,0.646,yes,83.3,na,43.8,na,na,na,na,na,yes
10.1016_j.ejrad.2025.112560,126,18,102,validation,prognostic,0.601,yes,48.1,na,77.1,na,na,na,na,na,yes
10.1016_j.ejrad.2025.112560,126,19,102,validation,prognostic,0.564,yes,68.5,na,47.9,na,na,na,na,na,yes
10.1016_j.ejrad.2025.112560,126,20,102,validation,prognostic,0.529,yes,74.1,na,37.5,na,na,na,na,na,yes
10.1016_j.ejrad.2025.112560,126,21,102,validation,prognostic,0.651,yes,42.6,na,91.7,na,na,na,na,na,yes
10.1016_j.ejrad.2025.112560,126,22,102,validation,prognostic,0.608,yes,31.5,na,91.7,na,na,na,na,na,yes
10.1016_j.mcpro.2025.101217,127,1,1516,development,prognostic,0.81,yes,na,na,na,na,na,na,na,na,yes
10.1016_j.mcpro.2025.101217,127,2,1516,development,prognostic,0.786,yes,na,na,na,na,na,na,na,na,yes
10.1016_j.mcpro.2025.101217,127,3,1516,development,prognostic,0.747,yes,na,na,na,na,na,na,na,na,yes
10.1007_s10388-025-01106-x,128,1,170,development,prognostic,0.55,yes,42,na,74,na,yes,blue,1,na,yes
10.1007_s10388-025-01106-x,128,2,170,development,prognostic,0.77,yes,38,na,96,na,yes,yellow,1,na,yes
10.1007_s10388-025-01106-x,128,3,170,development,prognostic,0.64,yes,na,na,na,na,yes,green,1,na,yes
10.1007_s00330-025-12208-6,129,1,539,development,prognostic,0.811,na,na,na,na,na,na,na,na,na,yes
10.1007_s00330-025-12208-6,129,2,539,development,prognostic,0.785,na,na,na,na,na,na,na,na,na,yes
10.1007_s00330-025-12208-6,129,3,539,development,prognostic,0.843,na,na,na,na,na,na,na,na,na,yes
10.1007_s00330-025-12208-6,129,4,539,development,prognostic,0.839,na,na,na,na,na,na,na,na,na,yes
10.1007_s00330-025-12208-6,129,5,539,development,prognostic,0.847,na,na,na,na,na,na,na,na,na,yes
10.1007_s00330-025-12208-6,129,6,539,development,prognostic,0.859,na,na,na,na,na,na,na,na,na,yes
10.1007_s00330-025-12208-6,129,7,108,validation,prognostic,0.775,na,na,na,na,na,na,na,na,na,yes
10.1007_s00330-025-12208-6,129,8,108,validation,prognostic,0.745,na,na,na,na,na,na,na,na,na,yes
10.1007_s00330-025-12208-6,129,9,108,validation,prognostic,0.819,na,na,na,na,na,na,na,na,na,yes
10.1007_s00330-025-12208-6,129,10,108,validation,prognostic,0.811,na,na,na,na,na,na,na,na,na,yes
10.1007_s00330-025-12208-6,129,11,108,validation,prognostic,0.746,na,na,na,na,na,na,na,na,na,yes
10.1007_s00330-025-12208-6,129,12,108,validation,prognostic,0.729,na,na,na,na,na,na,na,na,na,yes
10.1007_s00330-025-12208-6,129,13,37,validation,prognostic,0.77,na,na,na,na,na,na,na,na,na,yes
10.1007_s00330-025-12208-6,129,14,37,validation,prognostic,0.782,na,na,na,na,na,na,na,na,na,yes
10.1007_s00330-025-12208-6,129,15,37,validation,prognostic,0.837,na,na,na,na,na,na,na,na,na,yes
10.1007_s00330-025-12208-6,129,16,37,validation,prognostic,0.821,na,na,na,na,na,na,na,na,na,yes
10.1007_s00330-025-12208-6,129,17,37,validation,prognostic,0.837,na,na,na,na,na,na,na,na,na,yes
10.1007_s00330-025-12208-6,129,18,37,validation,prognostic,0.798,na,na,na,na,na,na,na,na,na,yes
10.3389_fendo.2025.1621878,na,na,na,na,na,na,na,na,na,na,na,na,na,na,not prediction model study,yes
10.2196_58779,130,1,3075,development,prognostic,0.9557,na,na,na,na,na,yes,green,1,na,yes
10.2196_58779,130,2,1025,validation,prognostic,0.9537,na,na,na,na,na,yes,blue,1,na,yes
10.2196_58779,130,3,1025,validation,prognostic,0.9458,na,na,na,na,na,yes,orange,1,na,yes
10.1111_joor.13933,131,1,54,development,diagnostic,0.882,na,75,na,74,na,yes,blue,1,na,yes
10.1111_joor.13933,131,2,54,development,diagnostic,0.691,na,65,na,68,na,yes,green,1,na,yes
10.1111_joor.13933,131,3,54,development,diagnostic,0.691,na,65,na,71,na,yes,yellow,1,na,yes
10.1371_journal.pmed.1004665,132,1,293,development,diagnostic,0.88,na,na,na,na,na,na,na,na,na,yes
10.1371_journal.pmed.1004665,132,2,293,development,diagnostic,0.784,na,na,na,na,na,na,na,na,na,yes
10.1371_journal.pmed.1004665,132,3,301,validation,diagnostic,0.791,na,na,na,na,na,yes,navy,e,na,yes
10.1371_journal.pmed.1004665,132,4,301,validation,diagnostic,0.73,na,na,na,na,na,yes,yellow,e,na,yes
10.1371_journal.pmed.1004665,132,5,301,validation,diagnostic,0.777,na,na,na,na,na,yes,green,e,na,yes
10.1371_journal.pmed.1004665,132,6,301,validation,diagnostic,0.666,na,na,na,na,na,yes,blue,e,na,yes
10.1371_journal.pmed.1004665,132,7,301,validation,diagnostic,0.8,na,na,na,na,na,yes,purple,e,na,yes
10.1371_journal.pmed.1004665,132,8,301,validation,diagnostic,0.869,na,na,na,na,na,yes,red,e,na,yes
10.1371_journal.pmed.1004665,132,9,301,validation,diagnostic,0.833,na,na,na,na,na,yes,navy,f,na,yes
10.1371_journal.pmed.1004665,132,10,301,validation,diagnostic,0.734,na,na,na,na,na,yes,yellow,f,na,yes
10.1371_journal.pmed.1004665,132,11,301,validation,diagnostic,0.733,na,na,na,na,na,yes,green,f,na,yes
10.1371_journal.pmed.1004665,132,12,301,validation,diagnostic,0.653,na,na,na,na,na,yes,blue,f,na,yes
10.1371_journal.pmed.1004665,132,13,301,validation,diagnostic,0.759,na,na,na,na,na,yes,purple,f,na,yes
10.1371_journal.pmed.1004665,132,14,301,validation,diagnostic,0.896,na,na,na,na,na,yes,red,f,na,yes
10.1371_journal.pmed.1004665,132,15,301,validation,diagnostic,0.795,na,na,na,na,na,yes,navy,g,na,yes
10.1371_journal.pmed.1004665,132,16,301,validation,diagnostic,0.736,na,na,na,na,na,yes,yellow,g,na,yes
10.1371_journal.pmed.1004665,132,17,301,validation,diagnostic,0.764,na,na,na,na,na,yes,green,g,na,yes
10.1371_journal.pmed.1004665,132,18,301,validation,diagnostic,0.651,na,na,na,na,na,yes,blue,g,na,yes
10.1371_journal.pmed.1004665,132,19,301,validation,diagnostic,0.779,na,na,na,na,na,yes,purple,g,na,yes
10.1371_journal.pmed.1004665,132,20,301,validation,diagnostic,0.879,na,na,na,na,na,yes,red,g,na,yes
10.1371_journal.pmed.1004665,132,21,301,validation,diagnostic,0.808,na,na,na,na,na,yes,navy,h,na,yes
10.1371_journal.pmed.1004665,132,22,301,validation,diagnostic,0.734,na,na,na,na,na,yes,yellow,h,na,yes
10.1371_journal.pmed.1004665,132,23,301,validation,diagnostic,0.758,na,na,na,na,na,yes,green,h,na,yes
10.1371_journal.pmed.1004665,132,24,301,validation,diagnostic,0.657,na,na,na,na,na,yes,blue,h,na,yes
10.1371_journal.pmed.1004665,132,25,301,validation,diagnostic,0.78,na,na,na,na,na,yes,purple,h,na,yes
10.1371_journal.pmed.1004665,132,26,301,validation,diagnostic,0.88,na,na,na,na,na,yes,red,h,na,yes
10.1371_journal.pmed.1004665,132,27,301,validation,diagnostic,0.799,na,na,na,na,na,yes,navy,i,na,yes
10.1371_journal.pmed.1004665,132,28,301,validation,diagnostic,0.677,na,na,na,na,na,yes,yellow,i,na,yes
10.1371_journal.pmed.1004665,132,29,301,validation,diagnostic,0.772,na,na,na,na,na,yes,green,i,na,yes
10.1371_journal.pmed.1004665,132,30,301,validation,diagnostic,0.726,na,na,na,na,na,yes,blue,i,na,yes
10.1371_journal.pmed.1004665,132,31,301,validation,diagnostic,0.822,na,na,na,na,na,yes,purple,i,na,yes
10.1371_journal.pmed.1004665,132,32,301,validation,diagnostic,0.919,na,na,na,na,na,yes,red,i,na,yes
10.1371_journal.pmed.1004665,132,33,301,validation,diagnostic,0.857,na,na,na,na,na,yes,navy,j,na,yes
10.1371_journal.pmed.1004665,132,34,301,validation,diagnostic,0.681,na,na,na,na,na,yes,yellow,j,na,yes
10.1371_journal.pmed.1004665,132,35,301,validation,diagnostic,0.757,na,na,na,na,na,yes,green,j,na,yes
10.1371_journal.pmed.1004665,132,36,301,validation,diagnostic,0.682,na,na,na,na,na,yes,blue,j,na,yes
10.1371_journal.pmed.1004665,132,37,301,validation,diagnostic,0.786,na,na,na,na,na,yes,purple,j,na,yes
10.1371_journal.pmed.1004665,132,38,301,validation,diagnostic,0.906,na,na,na,na,na,yes,red,j,na,yes
10.1371_journal.pmed.1004665,132,39,301,validation,diagnostic,0.809,na,na,na,na,na,yes,navy,k,na,yes
10.1371_journal.pmed.1004665,132,40,301,validation,diagnostic,0.661,na,na,na,na,na,yes,yellow,k,na,yes
10.1371_journal.pmed.1004665,132,41,301,validation,diagnostic,0.741,na,na,na,na,na,yes,green,k,na,yes
10.1371_journal.pmed.1004665,132,42,301,validation,diagnostic,0.728,na,na,na,na,na,yes,blue,k,na,yes
10.1371_journal.pmed.1004665,132,43,301,validation,diagnostic,0.785,na,na,na,na,na,yes,purple,k,na,yes
10.1371_journal.pmed.1004665,132,44,301,validation,diagnostic,0.917,na,na,na,na,na,yes,red,k,na,yes
10.1371_journal.pmed.1004665,132,45,301,validation,diagnostic,0.821,na,na,na,na,na,yes,navy,l,na,yes
10.1371_journal.pmed.1004665,132,46,301,validation,diagnostic,0.674,na,na,na,na,na,yes,yellow,l,na,yes
10.1371_journal.pmed.1004665,132,47,301,validation,diagnostic,0.76,na,na,na,na,na,yes,green,l,na,yes
10.1371_journal.pmed.1004665,132,48,301,validation,diagnostic,0.712,na,na,na,na,na,yes,blue,l,na,yes
10.1371_journal.pmed.1004665,132,49,301,validation,diagnostic,0.798,na,na,na,na,na,yes,purple,l,na,yes
10.1371_journal.pmed.1004665,132,50,301,validation,diagnostic,0.913,na,na,na,na,na,yes,red,l,na,yes
10.1371_journal.pmed.1004665,132,51,301,validation,diagnostic,0.798,na,na,na,na,na,yes,navy,m,na,yes
10.1371_journal.pmed.1004665,132,52,301,validation,diagnostic,0.679,na,na,na,na,na,yes,yellow,m,na,yes
10.1371_journal.pmed.1004665,132,53,301,validation,diagnostic,0.758,na,na,na,na,na,yes,green,m,na,yes
10.1371_journal.pmed.1004665,132,54,301,validation,diagnostic,0.741,na,na,na,na,na,yes,blue,m,na,yes
10.1371_journal.pmed.1004665,132,55,301,validation,diagnostic,0.801,na,na,na,na,na,yes,purple,m,na,yes
10.1371_journal.pmed.1004665,132,56,301,validation,diagnostic,0.886,na,na,na,na,na,yes,red,m,na,yes
10.1371_journal.pmed.1004665,132,57,301,validation,diagnostic,0.82,na,na,na,na,na,yes,navy,n,na,yes
10.1371_journal.pmed.1004665,132,58,301,validation,diagnostic,0.643,na,na,na,na,na,yes,yellow,n,na,yes
10.1371_journal.pmed.1004665,132,59,301,validation,diagnostic,0.694,na,na,na,na,na,yes,green,n,na,yes
10.1371_journal.pmed.1004665,132,60,301,validation,diagnostic,0.631,na,na,na,na,na,yes,blue,n,na,yes
10.1371_journal.pmed.1004665,132,61,301,validation,diagnostic,0.706,na,na,na,na,na,yes,purple,n,na,yes
10.1371_journal.pmed.1004665,132,62,301,validation,diagnostic,0.892,na,na,na,na,na,yes,red,n,na,yes
10.1371_journal.pmed.1004665,132,63,301,validation,diagnostic,0.761,na,na,na,na,na,yes,navy,o,na,yes
10.1371_journal.pmed.1004665,132,64,301,validation,diagnostic,0.689,na,na,na,na,na,yes,yellow,o,na,yes
10.1371_journal.pmed.1004665,132,65,301,validation,diagnostic,0.756,na,na,na,na,na,yes,green,o,na,yes
10.1371_journal.pmed.1004665,132,66,301,validation,diagnostic,0.69,na,na,na,na,na,yes,blue,o,na,yes
10.1371_journal.pmed.1004665,132,67,301,validation,diagnostic,0.765,na,na,na,na,na,yes,purple,o,na,yes
10.1371_journal.pmed.1004665,132,68,301,validation,diagnostic,0.881,na,na,na,na,na,yes,red,o,na,yes
10.1371_journal.pmed.1004665,132,69,301,validation,diagnostic,0.79,na,na,na,na,na,yes,navy,p,na,yes
10.1371_journal.pmed.1004665,132,70,301,validation,diagnostic,0.671,na,na,na,na,na,yes,yellow,p,na,yes
10.1371_journal.pmed.1004665,132,71,301,validation,diagnostic,0.737,na,na,na,na,na,yes,green,p,na,yes
10.1371_journal.pmed.1004665,132,72,301,validation,diagnostic,0.691,na,na,na,na,na,yes,blue,p,na,yes
10.1371_journal.pmed.1004665,132,73,301,validation,diagnostic,0.76,na,na,na,na,na,yes,purple,p,na,yes
10.1371_journal.pmed.1004665,132,74,301,validation,diagnostic,0.886,na,na,na,na,na,yes,red,p,na,yes
10.1371_journal.pmed.1004665,132,75,301,validation,diagnostic,0.801,na,na,na,na,na,yes,navy,q,na,yes
10.1371_journal.pmed.1004665,132,76,301,validation,diagnostic,0.715,na,na,na,na,na,yes,yellow,q,na,yes
10.1371_journal.pmed.1004665,132,77,301,validation,diagnostic,0.751,na,na,na,na,na,yes,green,q,na,yes
10.1371_journal.pmed.1004665,132,78,301,validation,diagnostic,0.687,na,na,na,na,na,yes,blue,q,na,yes
10.1371_journal.pmed.1004665,132,79,301,validation,diagnostic,0.777,na,na,na,na,na,yes,purple,q,na,yes
10.1371_journal.pmed.1004665,132,80,301,validation,diagnostic,0.91,na,na,na,na,na,yes,red,q,na,yes
10.1371_journal.pmed.1004665,132,81,301,validation,diagnostic,0.826,na,na,na,na,na,yes,navy,r,na,yes
10.1371_journal.pmed.1004665,132,82,301,validation,diagnostic,0.736,na,na,na,na,na,yes,yellow,r,na,yes
10.1371_journal.pmed.1004665,132,83,301,validation,diagnostic,0.748,na,na,na,na,na,yes,green,r,na,yes
10.1371_journal.pmed.1004665,132,84,301,validation,diagnostic,0.587,na,na,na,na,na,yes,blue,r,na,yes
10.1371_journal.pmed.1004665,132,85,301,validation,diagnostic,0.743,na,na,na,na,na,yes,purple,r,na,yes
10.1371_journal.pmed.1004665,132,86,301,validation,diagnostic,0.92,na,na,na,na,na,yes,red,r,na,yes
10.1371_journal.pmed.1004665,132,87,301,validation,diagnostic,0.788,na,na,na,na,na,yes,navy,s,na,yes
10.1371_journal.pmed.1004665,132,88,301,validation,diagnostic,0.724,na,na,na,na,na,yes,yellow,s,na,yes
10.1371_journal.pmed.1004665,132,89,301,validation,diagnostic,0.721,na,na,na,na,na,yes,green,s,na,yes
10.1371_journal.pmed.1004665,132,90,301,validation,diagnostic,0.563,na,na,na,na,na,yes,blue,s,na,yes
10.1371_journal.pmed.1004665,132,91,301,validation,diagnostic,0.723,na,na,na,na,na,yes,purple,s,na,yes
10.1371_journal.pmed.1004665,132,92,301,validation,diagnostic,0.897,na,na,na,na,na,yes,red,s,na,yes
10.1371_journal.pmed.1004665,132,93,301,validation,diagnostic,0.805,na,na,na,na,na,yes,navy,t,na,yes
10.1371_journal.pmed.1004665,132,94,301,validation,diagnostic,0.725,na,na,na,na,na,yes,yellow,t,na,yes
10.1371_journal.pmed.1004665,132,95,301,validation,diagnostic,0.74,na,na,na,na,na,yes,green,t,na,yes
10.1371_journal.pmed.1004665,132,96,301,validation,diagnostic,0.614,na,na,na,na,na,yes,blue,t,na,yes
10.1371_journal.pmed.1004665,132,97,301,validation,diagnostic,0.748,na,na,na,na,na,yes,purple,t,na,yes
10.1371_journal.pmed.1004665,132,98,301,validation,diagnostic,0.909,na,na,na,na,na,yes,red,t,na,yes
10.3389_fendo.2025.1698247,133,1,cnd,development,diagnostic,0.877,yes,75,yes,90.3,yes,yes,orange,a,na,yes
10.3389_fendo.2025.1698247,133,2,cnd,validation,diagnostic,0.824,yes,75.4,yes,80.7,yes,yes,black,a,na,yes
10.3389_fendo.2025.1698247,133,3,cnd,development,diagnostic,0.956,yes,86.2,yes,94.3,yes,yes,pink,b,na,yes
10.3389_fendo.2025.1698247,133,4,cnd,validation,diagnostic,0.958,yes,87.2,yes,92.8,yes,yes,orange,b,na,yes
10.3389_fendo.2025.1698247,133,5,cnd,development,diagnostic,0.964,yes,89.1,yes,96,yes,yes,yellow,b,na,yes
10.3389_fendo.2025.1698247,133,6,cnd,validation,diagnostic,0.965,yes,90.1,yes,95.1,yes,yes,black,b,na,yes
10.3389_fendo.2025.1698247,133,7,cnd,development,diagnostic,0.957,yes,90,yes,90.7,yes,yes,pink,c,na,yes
10.3389_fendo.2025.1698247,133,8,cnd,validation,diagnostic,0.958,yes,87.5,yes,93.5,yes,yes,orange,c,na,yes
10.3389_fendo.2025.1698247,133,9,cnd,development,diagnostic,0.968,yes,89.1,yes,95.4,yes,yes,yellow,c,na,yes
10.3389_fendo.2025.1698247,133,10,cnd,validation,diagnostic,0.969,yes,88.1,yes,95.9,yes,yes,black,c,na,yes
10.3389_fnut.2025.1668778,134,1,3210,development,prognostic,0.84,na,na,na,na,na,na,na,na,na,yes
10.1002_lary.70332,135,1,150,development,diagnostic,0.72,na,70,na,66,na,yes,red,a,na,yes
10.1002_lary.70332,135,1,150,development,diagnostic,0.75,na,70,na,72,na,yes,red,b,na,yes
10.1002_lary.70332,135,1,150,development,diagnostic,0.49,na,70,na,32,na,yes,blue,a,na,yes
10.1002_lary.70332,135,1,150,development,diagnostic,0.49,na,70,na,26,na,yes,blue,b,na,yes
10.1002_lary.70332,135,1,150,development,diagnostic,0.75,na,70,na,66,na,yes,dotted,a,na,yes
10.1002_lary.70332,135,1,150,development,diagnostic,0.77,na,70,na,68,na,yes,dotted,b,na,yes
10.1007_s00330-025-11981-8,136,1,31,validation,prognostic,0.85,yes,64,yes,88,yes,cnd,na,na,na,yes
10.1007_s00330-025-11981-8,136,2,31,validation,prognostic,0.81,yes,89,yes,62,yes,cnd,na,na,na,yes
10.1007_s00330-025-11981-8,136,3,62,validation,prognostic,0.89,yes,84,yes,85,yes,cnd,na,na,na,yes
10.1007_s00330-025-11981-8,136,4,31,validation,prognostic,0.8,yes,57,yes,88,yes,cnd,na,na,na,yes
10.1007_s00330-025-11981-8,136,5,31,validation,prognostic,0.86,yes,87,yes,66,yes,cnd,na,na,na,yes
10.1007_s00330-025-11981-8,136,6,62,validation,prognostic,0.96,yes,85,yes,88,yes,cnd,na,na,na,yes
10.1007_s00330-025-11981-8,136,7,31,validation,prognostic,0.85,yes,71,yes,76,yes,cnd,na,na,na,yes
10.1007_s00330-025-11981-8,136,8,31,validation,prognostic,0.9,yes,87,yes,73,yes,cnd,na,na,na,yes
10.1007_s00330-025-11981-8,136,9,62,validation,prognostic,0.96,yes,86,yes,76,yes,cnd,na,na,na,yes
10.1007_s00330-025-11981-8,136,10,31,validation,prognostic,0.77,yes,91,yes,80,yes,cnd,na,na,na,yes
10.1007_s00330-025-11981-8,136,11,31,validation,prognostic,0.84,yes,90,yes,54,yes,cnd,na,na,na,yes
10.1007_s00330-025-11981-8,136,12,62,validation,prognostic,0.91,yes,73,yes,92,yes,cnd,na,na,na,yes
10.1007_s00330-025-11981-8,136,13,31,validation,prognostic,0.86,yes,86,yes,82,yes,cnd,na,na,na,yes
10.1007_s00330-025-11981-8,136,14,31,validation,prognostic,0.93,yes,90,yes,78,yes,cnd,na,na,na,yes
10.1007_s00330-025-11981-8,136,15,62,validation,prognostic,0.96,yes,88,yes,85,yes,cnd,na,na,na,yes
10.1016_j.ijmedinf.2025.105901,137,1,321,development,prognostic,0.93,na,85,na,85.3,na,na,na,na,na,yes
10.1016_j.ijmedinf.2025.105901,137,2,321,development,prognostic,0.87,na,77.9,na,80.5,na,na,na,na,na,yes
10.1016_j.ijmedinf.2025.105901,137,3,321,development,prognostic,0.94,na,84.7,na,87.1,na,na,na,na,na,yes
10.1016_j.ijmedinf.2025.105901,137,4,321,development,prognostic,0.94,na,87.3,na,87,na,na,na,na,na,yes
10.1016_j.ijmedinf.2025.105901,137,5,321,development,prognostic,0.9,na,81.7,na,82,na,na,na,na,na,yes
10.1016_j.ijmedinf.2025.105901,137,6,321,development,prognostic,0.95,na,89.2,na,86.5,na,na,na,na,na,yes
10.1016_j.ijmedinf.2025.105901,137,7,321,development,prognostic,0.95,na,88.1,na,87.8,na,na,na,na,na,yes
10.1016_j.ijmedinf.2025.105901,137,8,321,development,prognostic,0.91,na,82.4,na,83,na,na,na,na,na,yes
10.1016_j.ijmedinf.2025.105901,137,9,321,development,prognostic,0.95,na,89.5,na,87.9,na,na,na,na,na,yes
10.1016_j.ijmedinf.2025.105901,137,10,321,development,prognostic,0.89,na,81.1,na,80.9,na,na,na,na,na,yes
10.1016_j.ijmedinf.2025.105901,137,11,321,development,prognostic,0.82,na,74.2,na,74.5,na,na,na,na,na,yes
10.1016_j.ijmedinf.2025.105901,137,12,321,development,prognostic,0.87,na,72,na,81.6,na,na,na,na,na,yes
10.1016_j.ijmedinf.2025.105901,137,13,321,development,prognostic,0.89,na,77.8,na,83.3,na,na,na,na,na,yes
10.1016_j.ijmedinf.2025.105901,137,14,321,development,prognostic,0.82,na,69,na,78.1,na,na,na,na,na,yes
10.1016_j.ijmedinf.2025.105901,137,15,321,development,prognostic,0.88,na,76,na,82.6,na,na,na,na,na,yes
10.1016_j.ijmedinf.2025.105901,137,16,321,development,prognostic,0.91,na,81.5,na,83.9,na,na,na,na,na,yes
10.1016_j.ijmedinf.2025.105901,137,17,321,development,prognostic,0.84,na,74.6,na,78.1,na,na,na,na,na,yes
10.1016_j.ijmedinf.2025.105901,137,18,321,development,prognostic,0.89,na,77.4,na,83.4,na,na,na,na,na,yes
10.1016_j.ijmedinf.2025.105901,137,19,321,development,prognostic,0.97,na,91.7,na,90.3,na,na,na,na,na,yes
10.1016_j.ijmedinf.2025.105901,137,20,321,development,prognostic,0.95,na,88.6,na,86.6,na,na,na,na,na,yes
10.1016_j.ijmedinf.2025.105901,137,21,321,development,prognostic,0.97,na,93,na,90.2,na,na,na,na,na,yes
10.1016_j.ijmedinf.2025.105901,137,22,321,development,prognostic,0.94,na,92,na,84,na,na,na,na,na,yes
10.1016_j.ijmedinf.2025.105901,137,23,321,development,prognostic,0.9,na,86.8,na,82.4,na,na,na,na,na,yes
10.1016_j.ijmedinf.2025.105901,137,24,321,development,prognostic,0.92,na,84.3,na,85.3,na,na,na,na,na,yes
10.1016_j.ijmedinf.2025.105901,137,25,186,validation,prognostic,0.91,na,na,na,na,na,na,na,na,na,yes
10.1016_j.ijmedinf.2025.105901,137,25,186,validation,prognostic,0.95,na,na,na,na,na,na,na,na,na,yes
10.3389_fendo.2025.1650116,138,1,105,development,diagnostic,0.837,na,87.4,na,87.4,na,na,na,na,na,yes
10.3389_fendo.2025.1650116,138,2,105,development,diagnostic,0.739,na,84.2,na,84.2,na,na,na,na,na,yes
10.3389_fendo.2025.1650116,138,3,105,development,diagnostic,0.739,na,89.5,na,89.5,na,na,na,na,na,yes
10.3389_fendo.2025.1650116,138,4,105,development,diagnostic,0.691,na,86.3,na,86.3,na,na,na,na,na,yes
10.3389_fendo.2025.1650116,138,5,105,development,diagnostic,0.829,na,78.9,na,78.9,na,na,na,na,na,yes
10.3389_fendo.2025.1650116,138,6,105,development,diagnostic,0.763,na,89.5,na,89.5,na,na,na,na,na,yes
10.3389_fendo.2025.1650116,138,7,105,development,diagnostic,0.759,na,76.8,na,76.8,na,na,na,na,na,yes
10.3389_fendo.2025.1650116,138,8,105,development,diagnostic,0.74,na,69.5,na,69.5,na,na,na,na,na,yes
10.3348_kjr.2024.1202,139,1,138,development,diagnostic,0.863,yes,68.8,na,90,na,yes,navy,1,na,yes
10.3348_kjr.2024.1202,139,2,138,development,diagnostic,0.69,yes,47.9,na,85.6,na,yes,yellow,1,na,yes
10.3348_kjr.2024.1202,139,3,138,development,diagnostic,0.931,yes,85.4,na,87.8,na,yes,blue,1,na,yes
10.3348_kjr.2024.1202,139,4,138,development,diagnostic,0.943,yes,91.7,na,84.4,na,yes,orange,1,na,yes
10.3348_kjr.2024.1202,139,5,138,development,diagnostic,0.829,yes,91.7,na,65.6,na,na,na,na,na,yes
10.3348_kjr.2024.1202,139,6,138,development,diagnostic,0.817,yes,77.1,na,81.1,na,na,na,na,na,yes
10.3348_kjr.2024.1202,139,7,138,development,diagnostic,0.774,yes,54.2,na,84.4,na,na,na,na,na,yes
10.1080_14737159.2025.2579046,140,1,859,development,prognostic,0.874,yes,79.6,na,81.5,na,yes,black,1,na,yes
10.1016_j.jpainsymman.2025.09.025,na,na,na,na,na,na,na,na,na,na,na,na,na,na,not prediction model study,yes
10.3389_fendo.2025.1501383,141,1,1550,development,diagnostic,0.69,yes,na,na,na,na,yes,blue,c,na,yes
10.3389_fendo.2025.1501383,141,2,1550,development,diagnostic,0.63,yes,na,na,na,na,yes,red,d,na,yes
10.3389_fendo.2025.1501383,141,3,1550,development,diagnostic,0.77,yes,na,na,na,na,yes,blue,d,na,yes
10.3389_fendo.2025.1501383,141,4,1550,development,diagnostic,0.68,yes,na,na,na,na,na,na,na,na,yes
10.3389_fendo.2025.1501383,141,5,1550,development,diagnostic,0.71,yes,na,na,na,na,na,na,na,na,yes
10.3389_fendo.2025.1501383,141,6,1550,development,diagnostic,0.83,yes,na,na,na,na,yes,blue,a,na,yes
10.3389_fendo.2025.1501383,141,7,1550,development,diagnostic,0.89,yes,na,na,na,na,yes,red,b,na,yes
10.3389_fendo.2025.1501383,141,8,1550,development,diagnostic,0.7,yes,na,na,na,na,yes,blue,b,na,yes
10.3389_fendo.2025.1501383,141,9,1550,development,diagnostic,0.88,yes,na,na,na,na,na,na,na,na,yes
10.3389_fendo.2025.1501383,141,10,1550,development,diagnostic,0.77,yes,na,na,na,na,na,na,na,na,yes
10.1007_s00345-025-05659-5,142,1,40,development,diagnostic,0.86,yes,75,na,90,na,yes,red,1,na,yes
10.1186_s12986-025-00976-3,143,1,1536,development,prognostic,0.834,na,na,na,na,na,na,na,na,na,yes
10.1186_s12986-025-00976-3,144,1,659,validation,prognostic,0.897,yes,na,na,na,na,yes,blue,1,na,yes
10.3390_biomedicines13071747,145,1,88,development,diagnostic,0.81,yes,na,na,na,na,yes,red,na,na,yes
10.3390_biomedicines13071747,145,2,88,development,diagnostic,0.71,yes,na,na,na,na,yes,orange,na,na,yes
10.3390_biomedicines13071747,145,3,88,development,diagnostic,0.71,yes,na,na,na,na,yes,green,na,na,yes
10.3390_biomedicines13071747,145,4,88,development,diagnostic,0.66,yes,na,na,na,na,yes,blue,na,na,yes
10.3390_biomedicines13071747,145,5,88,development,diagnostic,0.32,yes,na,na,na,na,yes,navy,na,na,yes
10.1111_imm.13891,146,1,16,development,prognostic,0.91,yes,na,na,na,na,yes,blue,a,na,yes
10.1111_imm.13891,146,2,16,development,prognostic,0.91,yes,na,na,na,na,yes,pink,a,na,yes
10.1111_imm.13891,146,3,16,development,prognostic,0.91,yes,na,na,na,na,yes,green,a,na,yes
10.1111_imm.13891,146,4,16,development,prognostic,0.94,yes,na,na,na,na,yes,green,a,na,yes
10.1111_imm.13891,146,5,16,development,prognostic,0.94,yes,na,na,na,na,yes,blue,b,na,yes
10.1111_imm.13891,146,6,16,development,prognostic,0.81,yes,na,na,na,na,yes,blue,c,na,yes
10.1007_s00259-025-07444-3,147,1,64,development,diagnostic,0.825,na,80,na,75,na,yes,blue,a,na,yes
10.1007_s00259-025-07444-3,147,2,64,development,diagnostic,0.869,na,75,na,93,na,yes,purple,a,na,yes
10.1007_s00259-025-07444-3,147,3,64,development,diagnostic,0.848,na,90,na,75,na,yes,orange,a,na,yes
10.1007_s00259-025-07444-3,147,4,64,development,diagnostic,0.906,na,85,na,91,na,yes,green,a,na,yes
10.1016_j.jamda.2025.105798,148,1,699,validation,prognostic,0.78,yes,84.31,na,60.61,na,yes,red,a,na,yes
10.1016_j.jamda.2025.105798,148,2,699,validation,prognostic,0.651,yes,70.59,na,54.55,na,yes,blue,a,na,yes
10.1016_j.jamda.2025.105798,148,3,699,validation,prognostic,0.793,yes,69.11,na,74.18,na,yes,red,c,na,yes
10.1016_j.jamda.2025.105798,148,4,699,validation,prognostic,0.681,yes,65.85,na,62.21,na,yes,blue,c,na,yes
10.1016_j.jamda.2025.105798,148,5,699,validation,prognostic,0.767,yes,84.21,na,67.94,na,yes,red,b,na,yes
10.1016_j.jamda.2025.105798,148,6,699,validation,prognostic,0.798,yes,51.91,na,94.74,na,yes,blue,b,na,yes
10.1016_j.jamda.2025.105798,148,7,699,validation,prognostic,0.816,yes,81.03,na,69.86,na,yes,red,d,na,yes
10.1016_j.jamda.2025.105798,148,8,699,validation,prognostic,0.772,yes,75.15,na,65.52,na,yes,blue,d,na,yes
10.1016_j.acra.2025.02.046,149,1,230,development,prognostic,0.713,yes,44.4,na,88.5,na,yes,pink,a,na,yes
10.1016_j.acra.2025.02.046,149,2,87,validation,prognostic,0.705,yes,36.8,na,93.3,na,yes,pink,b,na,yes
10.1016_j.acra.2025.02.046,149,3,95,validation,prognostic,0.731,yes,76.9,na,60,na,yes,pink,c,na,yes
10.1016_j.acra.2025.02.046,149,4,230,development,prognostic,0.782,yes,66.7,na,77,na,yes,navy,a,na,yes
10.1016_j.acra.2025.02.046,149,5,87,validation,prognostic,0.768,yes,84.2,na,57.8,na,yes,navy,b,na,yes
10.1016_j.acra.2025.02.046,149,6,95,validation,prognostic,0.712,yes,61.5,na,76,na,yes,navy,c,na,yes
10.1016_j.acra.2025.02.046,149,7,230,development,prognostic,0.79,yes,73.3,na,76.1,na,yes,teal,a,na,yes
10.1016_j.acra.2025.02.046,149,8,87,validation,prognostic,0.711,yes,68.4,na,77.8,na,yes,teal,b,na,yes
10.1016_j.acra.2025.02.046,149,9,95,validation,prognostic,0.612,yes,69.2,na,56,na,yes,teal,c,na,yes
10.1016_j.acra.2025.02.046,149,10,230,development,prognostic,0.926,yes,82.2,na,92,na,yes,orange,a,na,yes
10.1016_j.acra.2025.02.046,149,11,87,validation,prognostic,0.864,yes,84.2,na,80,na,yes,orange,b,na,yes
10.1016_j.acra.2025.02.046,149,12,95,validation,prognostic,0.851,yes,80.8,na,84,na,yes,orange,c,na,yes
10.1016_j.acra.2025.02.046,149,13,230,development,prognostic,0.959,yes,87.8,na,90.3,na,yes,blue,a,na,yes
10.1016_j.acra.2025.02.046,149,14,87,validation,prognostic,0.925,yes,89.5,na,84.4,na,yes,blue,b,na,yes
10.1016_j.acra.2025.02.046,149,15,95,validation,prognostic,0.889,yes,76.9,na,92,na,yes,blue,c,na,yes
10.1016_j.jpsychires.2025.02.057,na,na,na,na,na,na,na,na,na,na,na,na,na,na,not prediction model study,yes
10.1089_end.2024.0922,150,1,382,validation,prognostic,0.88,na,na,na,na,na,yes,black,1,na,yes
10.1089_end.2024.0922,150,2,382,validation,prognostic,0.84,na,na,na,na,na,na,na,na,na,yes
10.1111_iej.70055,151,3,40,validation,diagnostic,0.95,na,na,na,na,na,yes,pink,1b,na,yes
10.1111_iej.70055,151,4,40,validation,diagnostic,0.94,na,na,na,na,na,yes,black,1b,na,yes
10.1111_iej.70055,151,5,40,validation,diagnostic,1,na,na,na,na,na,yes,purple,1b,na,yes
10.1111_iej.70055,151,6,40,validation,diagnostic,1,na,na,na,na,na,yes,orange,1b,na,yes
10.1111_iej.70055,151,7,40,validation,diagnostic,0.91,na,na,na,na,na,yes,blue,1b,na,yes
10.1111_iej.70055,151,8,40,validation,diagnostic,0.84,na,na,na,na,na,yes,red,1b,na,yes
10.1111_iej.70055,151,9,40,validation,diagnostic,0.93,na,na,na,na,na,yes,green,1b,na,yes
10.1111_iej.70055,151,10,40,validation,diagnostic,0.98,na,na,na,na,na,yes,pink,1d,na,yes
10.1111_iej.70055,151,11,40,validation,diagnostic,0.97,na,na,na,na,na,yes,black,1d,na,yes
10.1111_iej.70055,151,12,40,validation,diagnostic,0.98,na,na,na,na,na,yes,purple,1d,na,yes
10.1111_iej.70055,151,13,40,validation,diagnostic,0.97,na,na,na,na,na,yes,orange,1d,na,yes
10.1111_iej.70055,151,14,40,validation,diagnostic,0.97,na,na,na,na,na,yes,blue,1d,na,yes
10.1111_iej.70055,151,15,40,validation,diagnostic,0.96,na,na,na,na,na,yes,red,1d,na,yes
10.1111_iej.70055,151,16,40,validation,diagnostic,1,na,na,na,na,na,yes,green,1d,na,yes
10.1111_iej.70055,151,17,40,validation,diagnostic,0.95,na,na,na,na,na,yes,pink,2b,na,yes
10.1111_iej.70055,151,18,40,validation,diagnostic,0.94,na,na,na,na,na,yes,black,2b,na,yes
10.1111_iej.70055,151,19,40,validation,diagnostic,1,na,na,na,na,na,yes,purple,2b,na,yes
10.1111_iej.70055,151,20,40,validation,diagnostic,0.91,na,na,na,na,na,yes,orange,2b,na,yes
10.1111_iej.70055,151,21,40,validation,diagnostic,0.86,na,na,na,na,na,yes,blue,2b,na,yes
10.1111_iej.70055,151,22,40,validation,diagnostic,0.94,na,na,na,na,na,yes,red,2b,na,yes
10.1111_iej.70055,151,23,40,validation,diagnostic,1,na,na,na,na,na,yes,green,2b,na,yes
10.1111_iej.70055,151,24,40,validation,diagnostic,0.98,na,na,na,na,na,yes,pink,2d,na,yes
10.1111_iej.70055,151,25,40,validation,diagnostic,0.97,na,na,na,na,na,yes,black,2d,na,yes
10.1111_iej.70055,151,26,40,validation,diagnostic,1,na,na,na,na,na,yes,purple,2d,na,yes
10.1111_iej.70055,151,27,40,validation,diagnostic,0.99,na,na,na,na,na,yes,orange,2d,na,yes
10.1111_iej.70055,151,28,40,validation,diagnostic,0.94,na,na,na,na,na,yes,blue,2d,na,yes
10.1111_iej.70055,151,29,40,validation,diagnostic,0.93,na,na,na,na,na,yes,red,2d,na,yes
10.1111_iej.70055,151,30,40,validation,diagnostic,0.98,na,na,na,na,na,yes,green,2d,na,yes
10.3389_fnut.2025.1640061,152,1,395,development,prognostic,0.754,yes,78.2,na,68.5,na,yes,red,1,na,yes
10.1007_s40123-025-01210-2,153,2,257,development,prognostic,0.574,yes,na,na,na,na,yes,blue,b,na,yes
10.1007_s40123-025-01210-2,153,3,257,development,prognostic,0.709,yes,na,na,na,na,yes,yellow,b,na,yes
10.1007_s40123-025-01210-2,153,4,257,development,prognostic,0.646,yes,na,na,na,na,yes,pink,b,na,yes
10.1007_s40123-025-01210-2,153,5,257,development,prognostic,0.723,yes,na,na,na,na,yes,navy,c,na,yes
10.1007_s40123-025-01210-2,153,6,257,development,prognostic,0.909,yes,na,na,na,na,yes,blue,c,na,yes
10.1007_s40123-025-01210-2,153,7,257,development,prognostic,0.661,yes,na,na,na,na,yes,red,c,na,yes
10.1007_s40123-025-01210-2,153,8,257,development,prognostic,0.854,yes,na,na,na,na,yes,purple,c,na,yes
10.1007_s40123-025-01210-2,153,9,257,development,prognostic,0.717,yes,na,na,na,na,yes,navy,d,na,yes
10.1007_s40123-025-01210-2,153,10,257,development,prognostic,0.905,yes,na,na,na,na,yes,blue,d,na,yes
10.1007_s40123-025-01210-2,153,11,257,development,prognostic,0.736,yes,na,na,na,na,yes,red,d,na,yes
10.1007_s40123-025-01210-2,153,12,257,development,prognostic,0.909,yes,na,na,na,na,yes,purple,d,na,yes
10.1007_s00431-025-06276-5,154,1,82,development,diagnostic,0.837,yes,71.8,na,97.7,na,na,na,na,na,yes
10.1007_s00431-025-06276-5,154,2,82,development,diagnostic,0.862,yes,79.5,na,90.7,na,na,na,na,na,yes
10.1007_s00431-025-06017-8,155,1,100,development,prognostic,0.7,na,70.4,na,50,na,yes,blue,1,na,yes
10.1007_s00431-025-06017-8,155,2,100,development,prognostic,0.64,na,na,na,na,na,yes,red,1,na,yes
10.3389_fnut.2025.1560655,156,1,525,development,prognostic,0.739,yes,na,na,na,na,na,na,na,na,yes
10.3389_fnut.2025.1560655,156,2,525,development,prognostic,0.711,yes,na,na,na,na,na,na,na,na,yes
10.3389_fnut.2025.1560655,156,3,525,development,prognostic,0.7,yes,na,na,na,na,na,na,na,na,yes
10.3389_fnut.2025.1560655,156,4,525,development,prognostic,0.698,yes,na,na,na,na,na,na,na,na,yes
10.3389_fnut.2025.1560655,156,5,525,development,prognostic,0.674,yes,na,na,na,na,na,na,na,na,yes
10.3389_fnut.2025.1560655,156,6,525,development,prognostic,0.643,yes,na,na,na,na,na,na,na,na,yes
10.3389_fnut.2025.1560655,156,7,525,development,prognostic,0.639,yes,na,na,na,na,na,na,na,na,yes
10.3389_fnut.2025.1560655,156,8,525,development,prognostic,0.632,yes,na,na,na,na,na,na,na,na,yes
10.3389_fnut.2025.1560655,156,9,525,development,prognostic,0.599,yes,na,na,na,na,na,na,na,na,yes
10.3389_fnut.2025.1560655,156,10,525,development,prognostic,0.623,yes,na,na,na,na,na,na,na,na,yes
10.3389_fnut.2025.1560655,156,11,525,development,prognostic,0.589,yes,na,na,na,na,na,na,na,na,yes
10.3389_fnut.2025.1560655,156,12,525,development,prognostic,0.584,yes,na,na,na,na,na,na,na,na,yes
10.3389_fnut.2025.1560655,156,13,525,development,prognostic,0.583,yes,na,na,na,na,na,na,na,na,yes
10.3389_fnut.2025.1560655,156,14,525,development,prognostic,0.795,yes,na,na,na,na,na,na,na,na,yes
10.3389_fnut.2025.1560655,156,15,525,development,prognostic,0.779,yes,na,na,na,na,na,na,na,na,yes
10.3389_fnut.2025.1560655,156,16,525,development,prognostic,0.775,yes,na,na,na,na,na,na,na,na,yes
10.3389_fnut.2025.1560655,156,17,525,development,prognostic,0.74,yes,na,na,na,na,na,na,na,na,yes
10.3389_fnut.2025.1560655,156,18,525,development,prognostic,0.699,yes,na,na,na,na,na,na,na,na,yes
10.3389_fnut.2025.1560655,156,19,525,development,prognostic,0.704,yes,na,na,na,na,na,na,na,na,yes
10.3389_fnut.2025.1560655,156,20,525,development,prognostic,0.684,yes,na,na,na,na,na,na,na,na,yes
10.3389_fnut.2025.1560655,156,21,525,development,prognostic,0.648,yes,na,na,na,na,na,na,na,na,yes
10.3389_fnut.2025.1560655,156,22,525,development,prognostic,0.579,yes,na,na,na,na,na,na,na,na,yes
10.3389_fnut.2025.1560655,156,23,525,development,prognostic,0.584,yes,na,na,na,na,na,na,na,na,yes
10.3389_fnut.2025.1560655,156,24,525,development,prognostic,0.796,yes,na,na,na,na,na,na,na,na,yes
10.3389_fnut.2025.1560655,156,25,525,development,prognostic,0.792,yes,na,na,na,na,na,na,na,na,yes
10.3389_fnut.2025.1560655,156,26,525,development,prognostic,0.785,yes,na,na,na,na,na,na,na,na,yes
10.3389_fnut.2025.1560655,156,27,525,development,prognostic,0.716,yes,na,na,na,na,na,na,na,na,yes
10.3389_fnut.2025.1560655,156,28,525,development,prognostic,0.702,yes,na,na,na,na,na,na,na,na,yes
10.3389_fnut.2025.1560655,156,29,525,development,prognostic,0.691,yes,na,na,na,na,na,na,na,na,yes
10.3389_fnut.2025.1560655,156,30,525,development,prognostic,0.66,yes,na,na,na,na,na,na,na,na,yes
10.3389_fnut.2025.1560655,156,31,525,development,prognostic,0.636,yes,na,na,na,na,na,na,na,na,yes
10.3389_fnut.2025.1560655,156,32,525,development,prognostic,0.602,yes,na,na,na,na,na,na,na,na,yes
10.3389_fnut.2025.1560655,156,33,525,development,prognostic,0.595,yes,na,na,na,na,na,na,na,na,yes
10.1016_j.cyto.2025.156891,157,1,177,development,prognostic,0.673,yes,40.5,na,88.2,na,yes,green,a,na,yes
10.1016_j.cyto.2025.156891,157,2,177,development,prognostic,0.702,yes,59.5,na,72.9,na,yes,green,a,na,yes
10.1016_j.cyto.2025.156891,157,3,177,development,prognostic,0.79,yes,71.8,na,65.8,na,yes,purple,a,na,yes
10.1097_SHK.0000000000002569,158,1,133,development,prognostic,0.77,na,na,na,na,na,yes,yellow,1,na,yes
10.1097_SHK.0000000000002569,158,2,133,development,prognostic,0.7,na,na,na,na,na,yes,blue,1,na,yes
10.1097_SHK.0000000000002569,158,3,133,development,prognostic,0.63,na,na,na,na,na,yes,grey,1,na,yes
10.1097_SHK.0000000000002569,158,4,133,development,prognostic,0.66,na,na,na,na,na,yes,orange,1,na,yes
10.1097_SHK.0000000000002569,158,5,133,development,prognostic,0.53,na,na,na,na,na,yes,grey,1,na,yes
10.1097_SHK.0000000000002569,158,6,133,development,prognostic,0.58,na,na,na,na,na,yes,grey,1,na,yes
10.3389_fphar.2025.1598756,159,1,1515,development,prognostic,0.756,na,na,na,na,na,cnd,na,na,na,yes
10.3389_fphar.2025.1598756,159,2,1515,development,prognostic,0.753,na,na,na,na,na,cnd,na,na,na,yes
10.3389_fphar.2025.1598756,159,3,1515,development,prognostic,0.705,na,na,na,na,na,cnd,na,na,na,yes
10.1016_j.exger.2025.112846,160,1,4149,development,prognostic,0.666,yes,na,na,na,na,yes,red,1,na,yes
10.1080_21505594.2025.2534078,161,1,419,development,diagnostic,0.841,yes,68.9,na,85.7,na,yes,black,1,na,yes
10.1080_21505594.2025.2534078,161,2,419,development,diagnostic,0.637,yes,na,na,na,na,yes,blue,2,na,yes
10.1080_21505594.2025.2534078,161,3,419,development,diagnostic,0.562,yes,na,na,na,na,yes,green,2,na,yes
10.1080_21505594.2025.2534078,161,4,419,development,diagnostic,0.553,yes,na,na,na,na,yes,red,2,na,yes
10.1007_s00404-025-08147-8,162,1,7913,development,prognostic,0.807,yes,na,na,na,na,yes,blue,1,na,yes
10.1007_s00404-025-08147-8,162,2,3392,validation,prognostic,0.788,yes,na,na,na,na,yes,blue,2,na,yes
10.1016_j.ultrasmedbio.2025.09.021,na,na,na,na,na,na,na,na,na,na,na,na,na,na,not prediction model study,yes
10.1016_j.ijbiomac.2025.146075,163,1,7334,development,prognostic,0.7465,na,na,na,na,na,yes,green,c,na,yes
10.1016_j.ijbiomac.2025.146075,163,2,7334,development,prognostic,0.8817,na,na,na,na,na,yes,blue,c,na,yes
10.1016_j.ijbiomac.2025.146075,163,3,7334,development,prognostic,0.9406,na,na,na,na,na,yes,yellow,c,na,yes
10.1016_j.ijbiomac.2025.146075,163,4,1152,validation,prognostic,0.7581,na,na,na,na,na,yes,green,d,na,yes
10.1016_j.ijbiomac.2025.146075,163,5,1152,validation,prognostic,0.8927,na,na,na,na,na,yes,blue,d,na,yes
10.1016_j.ijbiomac.2025.146075,163,6,1152,validation,prognostic,0.9486,na,na,na,na,na,yes,yellow,d,na,yes
10.1016_j.ijbiomac.2025.146075,163,7,1152,validation,prognostic,0.9263,na,na,na,na,na,yes,blue,a,na,yes
10.1016_j.ijbiomac.2025.146075,163,8,1152,validation,prognostic,0.9269,na,na,na,na,na,yes,green,a,na,yes
10.1016_j.ijbiomac.2025.146075,163,9,1152,validation,prognostic,0.9406,na,na,na,na,na,yes,red,a,na,yes
10.1016_j.ijbiomac.2025.146075,163,10,1152,validation,prognostic,0.9365,na,na,na,na,na,yes,blue,b,na,yes
10.1016_j.ijbiomac.2025.146075,163,11,1152,validation,prognostic,0.9403,na,na,na,na,na,yes,green,b,na,yes
10.1016_j.ijbiomac.2025.146075,163,12,1152,validation,prognostic,0.9486,na,na,na,na,na,yes,red,b,na,yes
10.1097_JS9.0000000000002292,na,na,na,na,na,na,na,na,na,na,na,na,na,na,not prediction model study,yes
10.1080_07853890.2025.2520896,164,1,696,development,prognostic,0.781,na,na,na,na,na,yes,red,a,na,yes
10.1080_07853890.2025.2520896,164,2,275,validation,prognostic,0.755,na,na,na,na,na,yes,red,b,na,yes
10.1007_s00701-025-06566-9,165,1,41,development,prognostic,0.72,na,na,na,na,na,na,na,na,na,yes
10.1007_s00701-025-06566-9,165,2,41,development,prognostic,0.63,na,na,na,na,na,na,na,na,na,yes
10.1007_s00701-025-06566-9,165,3,41,development,prognostic,0.66,na,na,na,na,na,na,na,na,na,yes
10.1007_s00701-025-06566-9,165,4,41,development,prognostic,0.61,na,na,na,na,na,na,na,na,na,yes
10.3389_fnagi.2025.1504733,166,1,256,development,diagnostic,0.896,yes,75,na,91.3,na,yes,blue,d,na,yes
10.3389_fnagi.2025.1504733,166,2,120,validation,diagnostic,0.83,yes,64.9,na,89.6,na,yes,red,d,na,yes
10.3389_fnagi.2025.1504733,166,3,256,development,diagnostic,0.899,yes,74.2,na,92.9,na,yes,blue,e,na,yes
10.3389_fnagi.2025.1504733,166,4,120,validation,diagnostic,0.727,yes,62.1,na,86.8,na,yes,red,e,na,yes
10.3389_fmolb.2025.1657284,167,1,288,validation,prognostic,0.7874,yes,82.18,na,70.11,na,yes,blue,c,na,yes
10.3389_fmolb.2025.1657284,167,2,288,validation,prognostic,0.6842,yes,53.45,na,78.16,na,yes,blue,d,na,yes
10.3389_fcvm.2025.1609891,168,1,6994,development,prognostic,0.634,yes,na,na,na,na,cnd,na,na,na,yes
10.3389_fcvm.2025.1609891,168,2,6994,development,prognostic,0.641,yes,na,na,na,na,cnd,na,na,na,yes
10.3389_fcvm.2025.1609891,168,3,6994,development,prognostic,0.639,yes,na,na,na,na,cnd,na,na,na,yes
10.3389_fcvm.2025.1609891,168,4,6994,development,prognostic,0.645,yes,na,na,na,na,cnd,na,na,na,yes
10.3389_fcvm.2025.1609891,168,5,6994,development,prognostic,0.684,yes,na,na,na,na,cnd,na,na,na,yes
10.3389_fcvm.2025.1609891,168,6,6994,development,prognostic,0.697,yes,na,na,na,na,cnd,na,na,na,yes
10.1007_s10803-025-07000-w,na,na,na,na,na,na,na,na,na,na,na,na,na,na,not prediction model study,yes
10.1016_j.ejrad.2025.112272,169,1,71,development,diagnostic,0.897,yes,92.7,na,75.9,na,yes,blue,a,na,yes
10.1016_j.ejrad.2025.112272,169,2,31,validation,diagnostic,0.818,yes,83.3,na,84.6,na,yes,red,a,na,yes
10.1016_j.ejrad.2025.112272,169,3,71,development,diagnostic,0.847,yes,92.3,na,76.9,na,yes,blue,b,na,yes
10.1016_j.ejrad.2025.112272,169,4,31,validation,diagnostic,0.787,yes,84.6,na,76.9,na,yes,red,b,na,yes
10.1016_j.ejrad.2025.112272,169,5,71,development,diagnostic,0.82,yes,78.1,na,83.3,na,yes,blue,c,na,yes
10.1016_j.ejrad.2025.112272,169,6,31,validation,diagnostic,0.769,yes,77.8,na,76.9,na,yes,red,c,na,yes
10.1007_s43657-024-00173-x,170,1,15,development,prognostic,0.718,na,na,na,na,na,yes,red,e1,na,yes
10.1007_s43657-024-00173-x,170,2,15,development,prognostic,0.738,na,na,na,na,na,yes,yellow,e1,na,yes
10.1007_s43657-024-00173-x,170,3,15,validation,prognostic,0.708,na,na,na,na,na,yes,red,e2,na,yes
10.1007_s43657-024-00173-x,170,4,15,validation,prognostic,0.629,na,na,na,na,na,yes,yellow,e2,na,yes
10.1007_s43657-024-00173-x,170,5,30,development,prognostic,0.72,na,na,na,na,na,yes,red,e3,na,yes
10.1007_s43657-024-00173-x,170,6,30,development,prognostic,0.685,na,na,na,na,na,yes,yellow,e3,na,yes
10.1021_acs.jcim.4c02130,171,1,510,development,diagnostic,0.754,na,na,na,na,na,na,na,na,na,yes
10.1021_acs.jcim.4c02130,171,2,510,development,diagnostic,0.799,na,na,na,na,na,na,na,na,na,yes
10.1021_acs.jcim.4c02130,171,3,510,development,diagnostic,0.823,na,na,na,na,na,na,na,na,na,yes
10.1021_acs.jcim.4c02130,171,4,510,development,diagnostic,0.823,na,na,na,na,na,na,na,na,na,yes
10.1021_acs.jcim.4c02130,171,5,510,development,diagnostic,0.84,na,na,na,na,na,na,na,na,na,yes
10.1021_acs.jcim.4c02130,171,6,510,development,diagnostic,0.81,na,na,na,na,na,na,na,na,na,yes
10.1021_acs.jcim.4c02130,171,7,510,development,diagnostic,0.825,na,na,na,na,na,na,na,na,na,yes
10.1021_acs.jcim.4c02130,171,8,510,development,diagnostic,0.73,na,na,na,na,na,na,na,na,na,yes
10.1021_acs.jcim.4c02130,171,9,510,development,diagnostic,0.826,na,na,na,na,na,na,na,na,na,yes
10.1021_acs.jcim.4c02130,171,10,510,development,diagnostic,0.881,na,na,na,na,na,na,na,na,na,yes
10.1021_acs.jcim.4c02130,171,11,510,development,diagnostic,0.871,na,na,na,na,na,na,na,na,na,yes
10.1021_acs.jcim.4c02130,171,12,510,development,diagnostic,0.886,na,na,na,na,na,na,na,na,na,yes
10.1021_acs.jcim.4c02130,171,13,510,development,diagnostic,0.84,na,na,na,na,na,na,na,na,na,yes
10.1021_acs.jcim.4c02130,171,14,510,development,diagnostic,0.886,na,na,na,na,na,na,na,na,na,yes
10.1021_acs.jcim.4c02130,171,15,510,development,diagnostic,0.886,na,na,na,na,na,na,na,na,na,yes
10.1021_acs.jcim.4c02130,171,16,510,development,diagnostic,0.888,na,na,na,na,na,na,na,na,na,yes
10.1038_s41698-025-01142-x,172,1,155,development,prognostic,0.908,yes,na,na,na,na,na,na,na,na,yes
10.1038_s41698-025-01142-x,172,2,109,validation,prognostic,0.877,yes,na,na,na,na,na,na,na,na,yes
10.1038_s41698-025-01142-x,172,3,50,validation,prognostic,0.736,yes,na,na,na,na,na,na,na,na,yes
10.1038_s41698-025-01142-x,172,4,35,validation,prognostic,0.719,yes,na,na,na,na,na,na,na,na,yes
10.1007_s13304-025-02301-2,173,1,37,development,diagnostic,0.95,yes,na,na,na,na,yes,black,1,na,yes
10.1016_j.dld.2025.06.025,174,1,70,development,diagnostic,0.95,yes,na,na,na,na,yes,orange,1,na,yes
10.1016_j.dld.2025.06.025,174,2,70,development,diagnostic,0.86,yes,na,na,na,na,yes,blue,1,na,yes
10.3389_fmed.2025.1471746,175,1,503,validation,prognostic,1,na,100,na,99,na,na,na,na,na,yes
10.3389_fmed.2025.1471746,175,2,503,validation,prognostic,1,na,100,na,100,na,na,na,na,na,yes
10.3389_fmed.2025.1471746,175,3,503,validation,prognostic,1,na,100,na,100,na,na,na,na,na,yes
10.3389_fmed.2025.1471746,175,4,503,validation,prognostic,0.93,na,0.81,na,85,na,na,na,na,na,yes
10.3389_fmed.2025.1471746,175,5,503,validation,prognostic,0.89,na,61,na,92,na,yes,blue,a,na,yes
10.3389_fmed.2025.1471746,175,6,503,validation,prognostic,0.9,na,60,na,92,na,yes,blue,b,na,yes
10.3389_fmed.2025.1471746,175,7,503,validation,prognostic,0.88,na,60,na,92,na,yes,blue,c,na,yes
10.3389_fmed.2025.1471746,175,8,503,validation,prognostic,0.91,na,60,na,85,na,yes,blue,d,na,yes
10.3389_fnut.2025.1673973,176,1,303,development,prognostic,0.741,yes,41,na,17,na,yes,blue,1,na,yes
10.3389_fnut.2025.1673973,176,2,303,development,prognostic,0.76,yes,74,na,72,na,yes,navy,1,na,yes
10.3389_fnut.2025.1673973,176,3,303,development,prognostic,0.807,yes,70,na,81,na,yes,pink,1,na,yes
10.3389_fnut.2025.1673973,176,4,303,development,prognostic,0.81,yes,71,na,80,na,yes,yellow,1,na,yes
10.3389_fnut.2025.1673973,176,5,303,development,prognostic,0.807,yes,82,na,69,na,yes,purple,1,na,yes
10.1016_j.jad.2025.120197,177,1,448,development,diagnostic,0.934,na,88.8,na,87.1,na,na,na,na,na,yes
10.1016_j.jad.2025.120197,177,2,448,development,diagnostic,0.867,na,88.7,na,87.1,na,na,na,na,na,yes
10.1016_j.jad.2025.120197,177,3,448,development,diagnostic,0.879,na,88.3,na,85.1,na,na,na,na,na,yes
10.1016_j.jad.2025.120197,177,4,448,development,diagnostic,0.853,na,86.2,na,84.4,na,na,na,na,na,yes
10.1016_j.jad.2025.120197,177,5,448,development,diagnostic,0.831,na,85.7,na,80.5,na,na,na,na,na,yes
10.1016_j.jad.2025.120197,177,5,448,development,diagnostic,0.761,na,84.7,na,67.4,na,na,na,na,na,yes
10.1016_j.jad.2025.120197,177,6,448,development,diagnostic,0.76,na,76.3,na,75.7,na,na,na,na,na,yes
10.3802_jgo.2025.36.e64,178,1,40,development,prognostic,0.79,yes,na,na,na,na,yes,blue,3a,na,yes
10.3802_jgo.2025.36.e64,178,2,40,development,prognostic,0.79,yes,na,na,na,na,na,na,na,na,yes
10.1038_s41380-025-03192-w,179,1,59,development,diagnostic,0.84,yes,na,na,na,na,na,na,na,na,yes
10.1038_s41380-025-03192-w,179,2,59,development,diagnostic,0.83,yes,na,na,na,na,na,na,na,na,yes
10.1038_s41380-025-03192-w,179,3,59,development,diagnostic,0.81,yes,na,na,na,na,na,na,na,na,yes
10.1038_s41380-025-03192-w,179,4,59,development,diagnostic,0.78,yes,na,na,na,na,na,na,na,na,yes
10.1038_s41380-025-03192-w,179,5,59,development,diagnostic,0.73,yes,na,na,na,na,na,na,na,na,yes
10.1038_s41380-025-03192-w,179,6,59,development,diagnostic,0.69,yes,na,na,na,na,na,na,na,na,yes
10.1038_s41380-025-03192-w,179,7,59,development,diagnostic,0.49,yes,na,na,na,na,na,na,na,na,yes
10.1038_s41380-025-03192-w,179,8,59,development,diagnostic,0.94,yes,na,na,na,na,na,na,na,na,yes
10.1038_s41380-025-03192-w,179,9,59,development,diagnostic,0.91,yes,na,na,na,na,na,na,na,na,yes
10.1038_s41380-025-03192-w,179,10,59,development,diagnostic,0.86,yes,na,na,na,na,na,na,na,na,yes
10.1038_s41380-025-03192-w,179,11,59,development,diagnostic,0.83,yes,na,na,na,na,na,na,na,na,yes
10.1038_s41380-025-03192-w,179,12,59,development,diagnostic,0.72,yes,na,na,na,na,na,na,na,na,yes
10.1038_s41380-025-03192-w,179,13,59,development,diagnostic,0.9,yes,na,na,na,na,na,na,na,na,yes
10.1038_s41380-025-03192-w,179,14,59,development,diagnostic,0.9,yes,na,na,na,na,na,na,na,na,yes
10.1038_s41380-025-03192-w,179,15,59,development,diagnostic,0.86,yes,na,na,na,na,na,na,na,na,yes
10.1038_s41380-025-03192-w,179,16,59,development,diagnostic,0.78,yes,na,na,na,na,na,na,na,na,yes
10.1038_s41380-025-03192-w,179,17,59,development,diagnostic,1,yes,na,na,na,na,na,na,na,na,yes
10.1038_s41380-025-03192-w,179,18,59,development,diagnostic,0.98,yes,na,na,na,na,na,na,na,na,yes
10.1021_acs.chemrestox.5c00289,na,na,na,na,na,na,na,na,na,na,na,na,na,na,not prediction model study,yes
10.3390_jcm14165664,180,1,93,development,prognostic,0.878,na,85.2,na,80,na,na,na,na,na,yes
10.3390_jcm14165664,180,2,93,development,prognostic,0.969,na,89.7,na,100,na,na,na,na,na,yes
