"","X","title","doi","pdf"
"1",1,"Wrist rotation metrics as digital biomarkers for detecting physio-cognitive decline syndrome in older adults.","10.1016/j.exger.2025.112766","10.1016_j.exger.2025.112766"
"2",2,"A Clinically Inspired Deep Learning Framework for Laryngeal Cancer Detection and Malignancy Transformation Risk Assessment.","10.1002/ohn.70075","10.1002_ohn.70075"
"3",3,"Integrated clinicopathological-radiomic-blood model for glioma survival prediction via machine learning: a multicenter cohort study.","10.1007/s10143-025-03719-3","10.1007_s10143-025-03719-3"
"4",4,"Integrated metabolomics and proteomics to screen early diagnostic biomarkers of venous thromboembolism following severe trauma: A retrospective study.","10.1016/j.injury.2025.112934","10.1016_j.injury.2025.112934"
"5",5,"An integrated optimization and deep learning pipeline for predicting live birth success in IVF using feature optimization and transformer-based models.","10.1016/j.cmpb.2025.108979","10.1016_j.cmpb.2025.108979"
"6",6,"Predictive value of biomarker signatures for suicide risk in hospitalised patients with major depressive disorders: a multicentre study in Shanghai.","10.1136/gpsych-2024-101957","10.1136_gpsych-2024-101957"
"7",7,"Immune-related biochemical markers and 20-year incidence of atherosclerotic cardiovascular disease: the ATTICA study (2002-2022).","10.1016/j.atherosclerosis.2025.119212","10.1016_j.atherosclerosis.2025.119212"
"8",8,"Bypassing the Delay: Directing Pediatric Intussusception Cases to the OR Through Inflammatory Marker Assessment.","10.1002/wjs.12586","10.1002_wjs.12586"
"9",9,"Developing risk prediction models for type 2 diabetes and assessing the role of circulating metabolic biomarkers in five independent Finnish cohorts with over 22,000 individuals.","10.1016/j.jclinepi.2025.111978","10.1016_j.jclinepi.2025.111978"
"10",10,"External validation of the international immunoglobulin A nephropathy (IgAN) prediction tool in Korean children with IgAN.","10.23876/j.krcp.24.262","10.23876_j.krcp.24.262"
"11",11,"Machine learning models based on location-radiomics enable the accurate prediction of early neurological function deterioration for acute stroke in elderly patients.","10.3389/fnagi.2025.1582687","10.3389_fnagi.2025.1582687"
"12",12,"Prediction model and scoring system for in-hospital mortality risk in infants with heart failure aged 1-36 months: A retrospective case-control study.","10.1016/j.heliyon.2025.e42110","10.1016_j.heliyon.2025.e42110"
"13",13,"Does the SCOPE (Sclerosing Cholangitis Outcomes in PEdiatrics) index effectively predict later liver transplantation in children with sclerosing cholangitis?","10.1016/j.dld.2025.03.021","10.1016_j.dld.2025.03.021"
"14",14,"Validation of MitraScore in diverse mitral regurgitation subtypes: Insights from the OCEAN-mitral registry.","10.1016/j.ijcard.2025.133427","10.1016_j.ijcard.2025.133427"
"15",15,"Bacteroides uniformis-generated hexadecanedioic acid ameliorates metabolic-associated fatty liver disease.","10.1080/19490976.2025.2508433","10.1080_19490976.2025.2508433"
"16",16,"Development and Validation of a 7-Day Postoperative Sleep Disturbance Predictive Nomogram in Non-Cardiovascular Surgical Patients: A Prospective Cohort Study of 3851 Adults.","10.2147/NSS.S536630","10.2147_NSS.S536630"
"17",18,"Sex-specific prognostic utility of the sarcopenia index in all-cause mortality risk for patients with heart failure.","10.3389/fnut.2025.1472596","10.3389_fnut.2025.1472596"
"18",19,"Application of the 2HELPS2B score with short-duration EEG for seizure prediction in acute impaired consciousness: A multicenter study.","10.1016/j.jns.2025.125665","10.1016_j.jns.2025.125665"
"19",20,"Development of Multimorbidity Indexes Based on Common Mental Health Conditions.","10.3389/ijph.2025.1607952","10.3389_ijph.2025.1607952"
"20",21,"What drives weight status among female university students? A machine learning analysis of sociodemographic, dietary, and lifestyle determinants.","10.3389/fnut.2025.1574063","10.3389_fnut.2025.1574063"
"21",23,"Predicting macrolide resistance in pediatric Mycoplasma pneumoniae pneumonia: A machine learning modeling study.","10.1007/s10096-025-05354-8","10.1007_s10096-025-05354-8"
"22",24,"Integrated radiomics and deep learning model for identifying medullary sponge kidney stones.","10.3389/fmed.2025.1623850","10.3389_fmed.2025.1623850"
"23",25,"Protect the pituitary stalks in craniopharyngioma resection by endoscopic endonasal approach.","10.1007/s40618-025-02616-2","10.1007_s40618-025-02616-2"
"24",26,"Multi-level patterns predict cannabis use onset among youth.","10.1016/j.dcn.2025.101639","10.1016_j.dcn.2025.101639"
"25",27,"Machine learning of whole-brain resting-state fMRI signatures for individualized grading of frontal gliomas.","10.1186/s40644-025-00920-x","10.1186_s40644-025-00920-x"
"26",28,"The Vellore Pain Impact Questionnaire (V-PIQ): Initial validation of a tool for assessing the impact of low back pain based on the brief ICF core set.","10.1177/02692155251337570","10.1177_02692155251337570"
"27",29,"The impact of inflammatory markers on clinical outcomes in acute ischemic stroke patients following mechanical thrombectomy: A multicentre study.","10.1016/j.jns.2025.123587","10.1016_j.jns.2025.123587"
"28",30,"Development and Validation of a Pathomics-Based Prognostic Model for Patients with Lung Adenocarcinoma Undergoing First-Line EGFR-TKI Therapy.","10.1245/s10434-025-17656-4","10.1245_s10434-025-17656-4"
"29",31,"New composite phenotypes enhance chronic kidney disease classification and genetic associations.","10.1371/journal.pgen.1011718","10.1371_journal.pgen.1011718"
"30",32,"Early response to vunakizumab and its baseline predictors in patients with moderate-to-severe plaque psoriasis: a post hoc analysis of a phase-III trial.","10.1080/09546634.2025.2564810","10.1080_09546634.2025.2564810"
"31",33,"Peripheral immunity patterns, imaging features, and clinical outcomes in patients with gait impairment and ventriculomegaly on brain MRI.","10.3389/fnagi.2025.1685288","10.3389_fnagi.2025.1685288"
"32",34,"Host-derived Delta-like Canonical Notch ligand-1 in sepsis and septic shock: Infection site, pathogens and disease severity matter - Secondary analysis of data from a randomized controlled trial.","10.1016/j.jinf.2025.106458","10.1016_j.jinf.2025.106458"
"33",35,"Development and validation of a triglyceride-glucose integrated nomogram for acute kidney injury prediction in acute myocardial infarction patients: a multicenter database study.","10.3389/fcvm.2025.1620664","10.3389_fcvm.2025.1620664"
"34",36,"Deep learning-driven false-lumen volumes predict adverse remodeling better than diameter in patients with residual aortic dissection on CT.","10.1007/s00330-025-12116-9","10.1007_s00330-025-12116-9"
"35",37,"Toxicophore-informed machine learning integrating Tox21 assay readouts for organ system-specific carcinogenicity prediction.","10.1016/j.envpol.2025.127519","10.1016_j.envpol.2025.127519"
"36",38,"The effect of cardiac catheterization on thyroid functions in infants with congenital heart diseases: a prospective observational study.","10.1007/s00431-024-05934-4","10.1007_s00431-024-05934-4"
"37",39,"Nomogram for predicting difficult transoral and submental thyroidectomy: a retrospective model development and validation study with large-scale population.","10.1007/s00464-025-11725-1","10.1007_s00464-025-11725-1"
"38",40,"Validation of a Novel Computational Fluid Dynamics Based Method for Assessing Intracoronary Flow: Combining Coronary Angiography and Fractional Flow Reserve.","10.1002/ccd.31498","10.1002_ccd.31498"
"39",41,"Evaluation of ultrasound accuracy in thyroid mass measurement and its impact on 131I treatment for Graves' disease.","10.3389/fendo.2025.1617229","10.3389_fendo.2025.1617229"
"40",42,"Predictive role of neutrophil percentage-to-albumin ratio in acute fulminant myocarditis patients receiving extracorporeal membrane oxygenation.","10.1007/s12519-025-00940-4","10.1007_s12519-025-00940-4"
"41",43,"Predicting Incident Type 2 Diabetes Using Wearable Activity and Polygenic Risk: A Survival-Modeling Study in All of Us.","10.1210/clinem/dgaf673","10.1210_clinem_dgaf673"
"42",45,"The effect of pre-procedural anxiety level on the quality of upper GI endoscopy in non-sedated patients: ""can the need for sedation be predicted?"".","10.1177/17562848251333025","10.1177_17562848251333025"
"43",46,"Early warning value of multiple serum indicators combined with ultrasound detection in girls with central precocious puberty.","10.3389/fendo.2025.1518764","10.3389_fendo.2025.1518764"
"44",47,"SHAP combined with machine learning to predict mortality risk in maintenance hemodialysis patients: a retrospective study.","10.3389/fmed.2025.1615950","10.3389_fmed.2025.1615950"
"45",48,"Association of Weight-Adjusted Waist Index with All-Cause and Cardiovascular Mortality in Patients with Chronic Obstructive Pulmonary Disease: A Retrospective Cohort Study.","10.2147/COPD.S545141","10.2147_COPD.S545141"
"46",49,"Psychometric validation of the Patient Health Questionnaire-9 in Chinese adolescent and adult psychiatric inpatient populations.","10.3389/fpsyt.2025.1657696","10.3389_fpsyt.2025.1657696"
"47",50,"Time-resolved ADC analysis differentiates stable vs. progressive brain injury in post-cardiac arrest patients.","10.1016/j.resuscitation.2025.110837","10.1016_j.resuscitation.2025.110837"
"48",51,"3D-printed electrochemical loop-mediated isothermal amplification (E-LAMP): A miniaturized and portable platform to detect methicillin-resistant Staphylococcus aureus (MRSA).","10.1016/j.aca.2025.344455","10.1016_j.aca.2025.344455"
"49",52,"Association between the body roundness index and female infertility: a cross-sectional study from NHANES.","10.3389/fendo.2025.1504878","10.3389_fendo.2025.1504878"
"50",53,"Splenic switch-off in three-dimensional adenosine stress cardiac magnetic resonance perfusion for differentiating true-negative from potentially false-negative studies identified by fractional flow reserve.","10.1016/j.jocmr.2025.101933","10.1016_j.jocmr.2025.101933"
"51",54,"Thrombospondin-2 is a performant biomarker of at-risk MASH and advanced MASH fibrosis in a large multicentre European cohort.","10.1136/gutjnl-2025-335598","10.1136_gutjnl-2025-335598"
"52",55,"A Deep Learning-Based Clinical Classification System for the Differential Diagnosis of Hip Prosthesis Failures Using Radiographs: A Multicenter Study.","10.2106/JBJS.24.01601","10.2106_JBJS.24.01601"
"53",56,"Impact of Pre-Suction Corneal Contact Area on Postoperative Refractive Outcomes in SMILE Surgery: A Retrospective Study.","10.2147/OPTH.S546189","10.2147_OPTH.S546189"
"54",57,"How much information is needed to predict outcomes after cardiac arrest?","10.1016/j.resuscitation.2025.110775","10.1016_j.resuscitation.2025.110775"
"55",59,"Enhanced diagnosis accuracy of tuberculous meningitis using mycolic and tuberculostearic acid via advanced mass spectrometry.","10.1016/j.jns.2025.123748","10.1016_j.jns.2025.123748"
"56",60,"Predictive Model for Hypoglycaemia Risk in Type 2 Diabetes Mellitus Patients During the Peri-Colonoscopy Period: A Retrospective Cohort Study.","10.1111/jan.16806","10.1111_jan.16806"
"57",61,"Development and Validation of Time-to-Event Machine Learning Models for Predicting Disease-Free Survival in Patients with Locally Advanced Colorectal Cancer: A Multicenter Cohort Study.","10.1245/s10434-025-18815-3","10.1245_s10434-025-18815-3"
"58",62,"The stereotactic radiosurgery-brain prognostic index (SRS-BPI): A novel prognostic index for SRS-eligible lung cancer patients with brain metastases.","10.1016/j.compbiomed.2025.110790","10.1016_j.compbiomed.2025.110790"
"59",63,"Clinical Impact of External Carotid Artery Remodeling Following Carotid Artery Stenting.","10.3390/jcm14186682","10.3390_jcm14186682"
"60",64,"Prognostic value of blood-based biomarkers in multiple sclerosis patients in the absence of clinical relapses or new MRI lesions.","10.1177/17562864251374903","10.1177_17562864251374903"
"61",66,"ConvXGB: A novel deep learning model to predict recurrence risk of early-stage cervical cancer following surgery using multiparametric MRI images.","10.1016/j.tranon.2025.102281","10.1016_j.tranon.2025.102281"
"62",67,"Predicting Anterior Cruciate Ligament Reconstruction Revision Risk: An Enhanced Machine Learning Analysis of the Danish Knee Ligament Reconstruction Registry.","10.2106/JBJS.24.00821","10.2106_JBJS.24.00821"
"63",68,"Predicting the complexity of robotic liver surgery: a comparative analysis of the IWATE, Kawaguchi-Gayet, Hasegawa, Southampton, and Tampa scores.","10.1007/s00464-025-11859-2","10.1007_s00464-025-11859-2"
"64",69,"Research on the predictive efficacy of MRI-based endplate bone quality and vertebral body bone quality scores for adjacent segment degeneration after lumbar spinal fusion.","10.1007/s00586-025-09239-4","10.1007_s00586-025-09239-4"
"65",71,"Role of 18F-AlF-NOTATATE PET/CT in selecting pediatric neuroblastoma candidates for 177Lu-DOTATATE peptide receptor radionuclide therapy.","10.3389/fmed.2025.1615136","10.3389_fmed.2025.1615136"
"66",72,"A Nomogram for Predicting Pulmonary Complications Following Laparoscopic Surgery in Elderly Patients After the COVID-19 Pandemic.","10.2147/CIA.S515849","10.2147_CIA.S515849"
"67",73,"Prediction of antimicrobial resistance from MALDI-TOF mass spectra using machine learning: a validation study.","10.1128/jcm.01186-25","10.1128_jcm.01186-25"
"68",74,"Contrast-enhanced MRI-based multi-parameter habitats radiomics models to predict early recurrence in early-stage hepatocellular carcinoma following curative resection.","10.1016/j.ejrad.2025.112560","10.1016_j.ejrad.2025.112560"
"69",75,"Serum N-Glycans as Independent Predictors of Death: A Prospective Investigation in the AEGIS Cohort.","10.1016/j.mcpro.2025.101217","10.1016_j.mcpro.2025.101217"
"70",76,"Multimodal deep-learning model using pre-treatment endoscopic images and clinical information to predict efficacy of neoadjuvant chemotherapy in esophageal squamous cell carcinoma.","10.1007/s10388-025-01106-x","10.1007_s10388-025-01106-x"
"71",77,"A deep learning framework to stratify Nottingham histologic grade 2 breast tumors based on dynamic contrast-enhanced MRI.","10.1007/s00330-025-12208-6","10.1007_s00330-025-12208-6"
"72",78,"Identification of lactylation-related biomarkers in osteoporosis from transcriptome and single-cell data.","10.3389/fendo.2025.1621878","10.3389_fendo.2025.1621878"
"73",79,"An Easy and Quick Risk-Stratified Early Forewarning Model for Septic Shock in the Intensive Care Unit: Development, Validation, and Interpretation Study.","10.2196/58779","10.2196_58779"
"74",80,"Application of Orofacial Muscle Strength Measurement to Screen for Penetration/Aspiration Risk in Older Adults With Sarcopenia: A Diagnostic Accuracy Study.","10.1111/joor.13933","10.1111_joor.13933"
"75",81,"Predicting knee osteoarthritis progression using neural network with longitudinal MRI radiomics, and biochemical biomarkers: A modeling study.","10.1371/journal.pmed.1004665","10.1371_journal.pmed.1004665"
"76",82,"Accurate screening of patients with diabetes based on physical examination: pancreas imaging features from chest CT and laboratory data.","10.3389/fendo.2025.1698247","10.3389_fendo.2025.1698247"
"77",83,"Determinants of early lactation failure in mothers of moderately preterm neonates: a multilevel analysis of survey data.","10.3389/fnut.2025.1668778","10.3389_fnut.2025.1668778"
"78",84,"Automated Creak Identifies Laryngeal Dystonia During Conversational Speech.","10.1002/lary.70332","10.1002_lary.70332"
"79",85,"Early prediction of periventricular leukomalacia from MRI changes: a machine learning approach for risk stratification.","10.1007/s00330-025-11981-8","10.1007_s00330-025-11981-8"
"80",86,"A vision transformer-convolutional neural network framework for decision-transparent dual-energy X-ray absorptiometry recommendations using chest low-dose CT.","10.1016/j.ijmedinf.2025.105901","10.1016_j.ijmedinf.2025.105901"
"81",87,"MRI-based SIR quantitative biomarkers: a novel imaging diagnostic strategy for thyroid eye disease activity staging.","10.3389/fendo.2025.1650116","10.3389_fendo.2025.1650116"
"82",88,"Quantitative Analysis With Time-Dependent Diffusion MRI for Assessing WHO/ISUP Tumor Grade in Clear Cell Renal Cell Carcinoma.","10.3348/kjr.2024.1202","10.3348_kjr.2024.1202"
"83",89,"Development and validation of a nomogram for the prediction of metabolic syndrome in polycystic ovary syndrome in a Chinese population.","10.1080/14737159.2025.2579046","10.1080_14737159.2025.2579046"
"84",90,"Assessment of a Zero-Shot Large Language Model in Measuring Documented Goals-of-Care Discussions.","10.1016/j.jpainsymman.2025.09.025","10.1016_j.jpainsymman.2025.09.025"
"85",91,"Performance of fasting plasma glucose for community-based screening of undiagnosed diabetes and pre-diabetes in sub-Saharan Africa.","10.3389/fendo.2025.1501383","10.3389_fendo.2025.1501383"
"86",92,"The role of netrin-1 in the diagnosis and prognosis of bladder pain syndrome /interstitial cystitis: a comparative study.","10.1007/s00345-025-05659-5","10.1007_s00345-025-05659-5"
"87",93,"High dietary live microbe intake associated with reduced depressive symptoms in gastrointestinal disease patients: findings from a cross-sectional study.","10.1186/s12986-025-00976-3","10.1186_s12986-025-00976-3"
"88",94,"Necroptotic and Apoptotic Pathways in Sepsis: A Comparative Analysis of Pediatric and Adult ICU Patients.","10.3390/biomedicines13071747","10.3390_biomedicines13071747"
"89",95,"Renal and Peripheral Blood Transcriptome Signatures That Predict Treatment Response in Proliferative Lupus Nephritis-A Prospective Study.","10.1111/imm.13891","10.1111_imm.13891"
"90",96,"The value of serial [⁶⁸Ga]Ga-FAPI-04 PET/CT in predicting pathological response and evaluating therapeutic efficacy to neoadjuvant chemotherapy in breast cancer.","10.1007/s00259-025-07444-3","10.1007_s00259-025-07444-3"
"91",98,"Validation of Phase Angle Cutoff Values Derived From Bioelectrical Impedance Analysis for Sarcopenia Screening in Community-Dwelling Older Korean Adults.","10.1016/j.jamda.2025.105798","10.1016_j.jamda.2025.105798"
"92",99,"Clinical study of intelligent tongue diagnosis and oral microbiome for classifying TCM syndromes in MASLD.","10.1186/s13020-025-01118-w","10.1186_s13020-025-01118-w"
"93",100,"Habitat Radiomics Based on MRI for Predicting Metachronous Liver Metastasis in Locally Advanced Rectal Cancer: a Two‑center Study.","10.1016/j.acra.2025.02.046","10.1016_j.acra.2025.02.046"
"94",101,"Psychometric properties of the Federal Unit Scale for general psychopathology screening without iatrogenic effects.","10.1016/j.jpsychires.2025.02.057","10.1016_j.jpsychires.2025.02.057"
"95",102,"Prediction of Sepsis after Endourologic Kidney Stone Surgery: A Machine Learning Approach.","10.1089/end.2024.0922","10.1089_end.2024.0922"
"96",103,"Artificial Intelligence Models for Diagnosing Pulpitis in Adults Using a Modified Wolters Classification: A Diagnostic Accuracy Study.","10.1111/iej.70055","10.1111_iej.70055"
"97",104,"Predictive value of Geriatric Nutritional Risk Index for overall survival in maintenance hemodialysis patients.","10.3389/fnut.2025.1640061","10.3389_fnut.2025.1640061"
"98",105,"One-Month Changes in Choroidal Vascularity Index of Medium Vessel Layer in Children with Myopia Wearing Orthokeratology Lenses: a Predictor for One-Year Changes in Axial Length.","10.1007/s40123-025-01210-2","10.1007_s40123-025-01210-2"
"99",106,"Insulin-like growth factor 1 as a diagnostic marker of progressive central precocious puberty: a prospective study.","10.1007/s00431-025-06276-5","10.1007_s00431-025-06276-5"
"100",107,"Enhanced mortality prediction in pediatric sepsis using NGAL: A comparison with PRISM III scores in critical care settings.","10.1007/s00431-025-06017-8","10.1007_s00431-025-06017-8"
"101",108,"Prognostic impact of nutritional indicators based on Lasso-Cox regression for non-muscle-invasive bladder cancer.","10.3389/fnut.2025.1560655","10.3389_fnut.2025.1560655"
"102",109,"Prognostic valule of vasoactive drug score, NT-proBNP, and blood lactate level at 6 h post-admission in adult sepsis patients:A single-center, retrospective study.","10.1016/j.cyto.2025.156891","10.1016_j.cyto.2025.156891"
"103",110,"CELL FREE DNA-BASED PREDICTION OF PROGNOSIS FOR PATIENTS ON VENO-ARTERIAL EXTRACORPOREAL MEMBRANE OXYGENATION.","10.1097/SHK.0000000000002569","10.1097_SHK.0000000000002569"
"104",111,"Single-cell transcriptomics and machine learning unveil ferroptosis features in tumor-associated macrophages: Prognostic model and therapeutic strategies for lung adenocarcinoma.","10.3389/fphar.2025.1598756","10.3389_fphar.2025.1598756"
"105",112,"Association between dietary inflammatory index and endometriosis in the US population: A cross-sectional study.","10.1016/j.exger.2025.112846","10.1016_j.exger.2025.112846"
"106",113,"Anti-HBc IgM associates with acute flare and HBeAg/HBsAg loss in chronic hepatitis B patients with acute exacerbation.","10.1080/21505594.2025.2534078","10.1080_21505594.2025.2534078"
"107",114,"Prediction model for intrapartum cesarean delivery among women with gestational diabetes mellitus.","10.1007/s00404-025-08147-8","10.1007_s00404-025-08147-8"
"108",115,"Diagnostic Performance of Ultrasound-Derived Fat Fraction and Automated Point Shear Wave Elastography for Hepatic Steatosis and Fibrosis in Suspected Steatotic Liver Disease: A Prospective Multicenter Study.","10.1016/j.ultrasmedbio.2025.09.021","10.1016_j.ultrasmedbio.2025.09.021"
"109",116,"PLM-VF: A novel predictor for virulent proteins in bacterial pathogens based on multi-scale CNN and protein language models.","10.1016/j.ijbiomac.2025.146075","10.1016_j.ijbiomac.2025.146075"
"110",117,"Roving histological imaging for navigation-confirmed glioma negative margin by handheld endomicroscopy: a parallel controlled study.","10.1097/JS9.0000000000002292","10.1097_JS9.0000000000002292"
"111",118,"Distinguishing very high-risk patients among high-risk gastrointestinal stromal tumor cases: development and validation of a nomogram based on a multicenter population-based retrospective cohort study.","10.1080/07853890.2025.2520896","10.1080_07853890.2025.2520896"
"112",119,"Paroxysmal sympathetic hyperactivity risk modeling based on transients in time series describing the autonomic nervous system and cerebral hemodynamics.","10.1007/s00701-025-06566-9","10.1007_s00701-025-06566-9"
"113",120,"Individualized diagnosis of Parkinson's disease based on multivariate magnetic resonance imaging radiomics and clinical indexes.","10.3389/fnagi.2025.1504733","10.3389_fnagi.2025.1504733"
"114",121,"Peripheral circular RNAs hsa_circ_0075436 and hsa_circ_0005729 as diagnostic and prognostic biomarkers in acute ischemic stroke: expression profiles and mechanistic insights.","10.3389/fmolb.2025.1657284","10.3389_fmolb.2025.1657284"
"115",122,"Association between fasting glucose/high-density lipoprotein cholesterol ratio and cardiovascular disease risk in Chinese middle-aged and older adults: a longitudinal study.","10.3389/fcvm.2025.1609891","10.3389_fcvm.2025.1609891"
"116",123,"Psychometric Properties of the Social Responsiveness Scale 2nd Edition (SRS-2) and Development of a Short Version in a Spanish Sample.","10.1007/s10803-025-07000-w","10.1007_s10803-025-07000-w"
"117",124,"Explainable classification of Parkinson's disease with different motor subtypes by analyzing the synthetic MRI quantitative parameters of subcortical nuclei.","10.1016/j.ejrad.2025.112272","10.1016_j.ejrad.2025.112272"
"118",125,"Identification of a Novel Pyroptosis-Related lncRNAs Prognosis Model and Subtypes in Ovarian Cancer.","10.1007/s43657-024-00173-x","10.1007_s43657-024-00173-x"
"119",126,"MOCapsNet: Multiomics Data Integration for Cancer Subtype Analysis Based on Dynamic Self-Attention Learning and Capsule Networks.","10.1021/acs.jcim.4c02130","10.1021_acs.jcim.4c02130"
"120",127,"Dual tissue mRNA and serum protein signatures improve risk stratification in hepatocellular carcinoma.","10.1038/s41698-025-01142-x","10.1038_s41698-025-01142-x"
"121",128,"Innovative rapid pathological assessment technology for hepatocellular carcinoma following comprehensive treatment guided by indocyanine green fluorescence imaging.","10.1007/s13304-025-02301-2","10.1007_s13304-025-02301-2"
"122",129,"Enhancing diagnostic accuracy in liver transplant rejection: The role of imaging and clinical data.","10.1016/j.dld.2025.06.025","10.1016_j.dld.2025.06.025"
"123",130,"Construction and validation of a perioperative blood transfusion model for patients undergoing total hip arthroplasty with osteonecrosis of the femoral head based on machine learning.","10.3389/fmed.2025.1471746","10.3389_fmed.2025.1471746"
"124",132,"The predictive value comparison of the different nutritional assessment tools for postoperative delirium in elderly patients after non-cardiac surgery.","10.3389/fnut.2025.1673973","10.3389_fnut.2025.1673973"
"125",133,"Construction of diagnostic model and identification of key genes of bipolar disorder based on GA-KPLS.","10.1016/j.jad.2025.120197","10.1016_j.jad.2025.120197"
"126",134,"Platinum free interval and clinical benefit of the second-line chemotherapy in recurrent uterine and ovarian carcinosarcoma: a retrospective cohort analysis.","10.3802/jgo.2025.36.e64","10.3802_jgo.2025.36.e64"
"127",135,"Diagnostic performance of Alzheimer's disease blood and CSF biomarkers in a Brazilian cohort with low educational attainment.","10.1038/s41380-025-03192-w","10.1038_s41380-025-03192-w"
"128",136,"Comparative Study of Molecular Descriptors and AI-Based Embeddings for Toxicity Prediction.","10.1021/acs.chemrestox.5c00289","10.1021_acs.chemrestox.5c00289"
"129",137,"Muscle Quality Assessed by the Phase Angle Can Predict Renal Prognosis in Patients with Chronic Kidney Disease.","10.3390/jcm14165664","10.3390_jcm14165664"
"130",138,"Analysis of Delirium Risk Assessment Tools for Prediction of Postoperative Delirium Following Lumbar Spinal Fusion.","10.1097/BRS.0000000000005271","10.1097_BRS.0000000000005271"
"131",139,"Dual-task deep learning model for prediction of medulloblastoma molecular subgroups with preoperative brain MRI.","10.1007/s11547-025-02105-9","10.1007_s11547-025-02105-9"
"132",140,"Noninvasive Prediction of Programmed Cell Death Protein-Ligand 1 Expression in Locally Advanced Non-small Cell Lung Cancer by 18F-Fluorodeoxyglucose Positron Emission Tomography/Computed Tomography-Based Metabolic Habitats: A Multicenter Radiomic and Biological Study.","10.1245/s10434-025-18139-2","10.1245_s10434-025-18139-2"
"133",141,"Prediction of mortality in heart failure by machine learning. Comparison with statistical modeling.","10.1016/j.ejim.2025.01.020","10.1016_j.ejim.2025.01.020"
"134",142,"Does a modified metabolic syndrome definition improve prediction of cardiovascular events and mortality? findings from a 17-year cohort study.","10.1186/s41043-025-01083-y","10.1186_s41043-025-01083-y"
"135",143,"MemScreen: A smartphone application for detection of mild cognitive impairment: A validation study: Smartphone App for MCI Detection.","10.1016/j.tjpad.2025.100077","10.1016_j.tjpad.2025.100077"
"136",145,"Development and validation of deep learning model for detection of obstructive coronary artery disease in patients with acute chest pain: a multi-center study.","10.1007/s11547-025-02064-1","10.1007_s11547-025-02064-1"
"137",146,"A generative adversarial optimization strategy for predicting counterfactual trajectories of grey matter atrophy.","10.1016/j.cmpb.2025.109095","10.1016_j.cmpb.2025.109095"
"138",147,"Ultrasound hepatorenal index for the diagnosis of steatosis in patients with type 2 diabetes: a prospective validation study.","10.1007/s00330-025-11774-z","10.1007_s00330-025-11774-z"
"139",148,"Ultrasonographic assessment of thenar muscles for diagnosing sarcopenic obesity in patients with schizophrenia.","10.3389/fpsyt.2025.1698379","10.3389_fpsyt.2025.1698379"
"140",149,"The added value of artificial intelligence using Quantib Prostate for the detection of prostate cancer at multiparametric magnetic resonance imaging.","10.1007/s11547-025-02017-8","10.1007_s11547-025-02017-8"
"141",150,"Forecasting framework for dominant SARS-CoV-2 strains before clade replacement using phylogeny-informed genetic distances.","10.3389/fmicb.2025.1619546","10.3389_fmicb.2025.1619546"
"142",151,"Polygenic score from MODY genes is associated with type 1 diabetes and disease characteristics.","10.1007/s00592-025-02544-w","10.1007_s00592-025-02544-w"
"143",152,"Vision transformer-based multimodal fusion network for classification of tumor malignancy on breast ultrasound: A retrospective multicenter study.","10.1016/j.ijmedinf.2025.105793","10.1016_j.ijmedinf.2025.105793"
"144",153,"A virtual knee replacement (vKR) multi-component endpoint for knee osteoarthritis based on patient-reported PROs: Data from the Osteoarthritis Initiative.","10.1016/j.joca.2025.08.001","10.1016_j.joca.2025.08.001"
"145",154,"NT-proBNP to guide risk stratification after cardiac rehabilitation in patients with ST-segment elevation myocardial infarction.","10.1016/j.ejim.2025.04.027","10.1016_j.ejim.2025.04.027"
"146",155,"Analysis of risk factors and construction of a predictive model for contralateral occult carcinoma in patients with unilateral papillary thyroid carcinoma.","10.3389/fendo.2025.1532840","10.3389_fendo.2025.1532840"
"147",156,"Predicting early hematoma enlargement in spontaneous intracerebral hemorrhage: Hypocalcemia, Hyperglycemia, and CT signs.","10.1016/j.jstrokecerebrovasdis.2025.108433","10.1016_j.jstrokecerebrovasdis.2025.108433"
"148",157,"Predicting sentinel lymph node metastasis in breast cancer: a study based on the SEER database.","10.1007/s10238-025-01591-5","10.1007_s10238-025-01591-5"
"149",158,"Deep learning for the prediction of acute kidney injury after coronary angiography and intervention in patients with chronic kidney disease: a model development and validation study.","10.1080/0886022X.2025.2474206","10.1080_0886022X.2025.2474206"
"150",159,"The two cut-offs approach for plasma p-tau217 in detecting Alzheimer's disease in subjective cognitive decline and mild cognitive impairment.","10.1002/dad2.70116","10.1002_dad2.70116"
"151",161,"A machine learning-based nomogram for predicting graft survival in allograft kidney transplant recipients: a 20-year follow-up study.","10.3389/fmed.2025.1556374","10.3389_fmed.2025.1556374"
"152",162,"The role of mitochondrial DNA copy number in spent culture medium in predicting outcomes of single blastocyst transfer.","10.1007/s10815-025-03507-4","10.1007_s10815-025-03507-4"
"153",163,"A novel prognostic signature integrating disulfidptosis- and ferroptosis-related genes in acute myeloid leukemia.","10.1007/s10238-025-01670-7","10.1007_s10238-025-01670-7"
"154",165,"Adiponectin and HMW Oligomers in Relation to Inflammatory Markers in Crohn's Disease Patients.","10.3390/biomedicines13020273","10.3390_biomedicines13020273"
"155",166,"Development and validation of a severity-focused score for the assessment of lateral epicondylitis using enhanced magnetic resonance imaging.","10.1016/j.jse.2025.01.052","10.1016_j.jse.2025.01.052"
"156",167,"[68Ga]Ga-FAPI-04 PET/CT in the evaluation of radiation-induced salivary gland injury in head and neck cancer.","10.1007/s00259-025-07486-7","10.1007_s00259-025-07486-7"
"157",168,"Leveraging machine-learning techniques to detect recurrences in cancer registry data: A multi-registry validation study using German lung cancer data.","10.1016/j.ejca.2025.115604","10.1016_j.ejca.2025.115604"
"158",169,"Ultrasensitive eccDNA Detection for Tumor Diagnostics by Using CRISPR/Cas12a-Coupled Nested PCR.","10.1021/acs.analchem.5c02316","10.1021_acs.analchem.5c02316"
"159",170,"Preoperatively predicting failure to achieve the minimum clinically important difference and substantial clinical benefit for total knee arthroplasty patients using machine learning.","10.1186/s43019-025-00289-y","10.1186_s43019-025-00289-y"
"160",171,"Development of a nomogram model for predicting coronary heart disease in patients with metabolic-associated fatty liver disease.","10.3389/fcvm.2025.1652321","10.3389_fcvm.2025.1652321"
"161",172,"The Utility of a Prediction Model Using Neurological Examination Findings for Diagnosing Degenerative Cervical Myelopathy.","10.2106/JBJS.24.00098","10.2106_JBJS.24.00098"
"162",173,"Assessing sarcopenia: The JOHAS (Judgment of Objective Hyper-steatosis and Atrophy in Sarcopenia) index as a pragmatic surrogate for skeletal muscle index by bioimpedance analysis.","10.1016/j.clnu.2025.02.023","10.1016_j.clnu.2025.02.023"
"163",174,"Interpretable machine learning of clinical MALDI-TOF spectra discriminates carbapenem-resistant Klebsiella pneumoniae while revealing phylogenetic heterogeneity that limits model generalizability.","10.1016/j.jmsacl.2025.11.003","10.1016_j.jmsacl.2025.11.003"
"164",175,"Evaluating prediction of short-term tolerability of five type 2 diabetes drug classes using routine clinical features: UK population-based study.","10.1111/dom.16470","10.1111_dom.16470"
"165",176,"Quantitative assessment of hepatic steatosis by ultrasound-guided attenuation parameter in patients with impaired glucose tolerance.","10.1186/s13244-025-02123-1","10.1186_s13244-025-02123-1"
"166",177,"Association between the platelet-to-albumin ratio and 28-day all-cause mortality in critically ill patients with Pulmonary embolism: a retrospective cohort study and predictive model establishment based on machine learning.","10.3389/fmed.2025.1680205","10.3389_fmed.2025.1680205"
"167",178,"A nomogram model for predicting maternal cardiovascular complications and neonatal adverse outcomes in pregnant patients with pulmonary arterial hypertension.","10.1080/07853890.2025.2541093","10.1080_07853890.2025.2541093"
"168",179,"Validity and reliability of the Italian version of the Mild Behavioral Impairment Checklist in cognitively unimpaired and mild cognitive impairment individuals.","10.1177/13872877251380299","10.1177_13872877251380299"
"169",180,"Res-ECA-UNet++: an automatic segmentation model for ovarian tumor ultrasound images based on residual networks and channel attention mechanism.","10.3389/fmed.2025.1589356","10.3389_fmed.2025.1589356"
"170",181,"A Practical CEUS TI-RADS Refer to Score and Grading of ACR TI-RADS (2017) for Thyroid Nodules.","10.1016/j.ultrasmedbio.2025.05.005","10.1016_j.ultrasmedbio.2025.05.005"
"171",182,"Risk Stratification for Cardiovascular Disease: A Comparative Analysis of Cluster Analysis and Traditional Prediction Models.","10.1093/eurjpc/zwaf013","10.1093_eurjpc_zwaf013"
"172",183,"Evaluation of Diagnostic Accuracy of Preoperative CT-Based Radiomics in Primary Retroperitoneal Sarcoma.","10.1245/s10434-025-18040-y","10.1245_s10434-025-18040-y"
"173",184,"Machine learning-based model for predicting metabolic dysfunction-associated steatotic liver disease using non-invasive parameters in young adults.","10.3389/fendo.2025.1701729","10.3389_fendo.2025.1701729"
"174",185,"Clinical Utility of Frailty Scoring in Elderly Acute Myeloid Leukemia Patients Treated With Venetoclax and Hypomethylating Agents.","10.1111/ejh.70058","10.1111_ejh.70058"
"175",186,"Developing a Simple Scoring System on CT Findings for Predicting Treatment Failure in Mycobacterium avium Complex Pulmonary Disease: The BCD (Bronchiectasis and Cavity Distribution) Score.","10.1093/ofid/ofaf565","10.1093_ofid_ofaf565"
"176",187,"Multi-shot gradient-echo planar imaging sequence in non-contrast coronary magnetic resonance angiography.","10.3389/fcvm.2025.1496853","10.3389_fcvm.2025.1496853"
"177",188,"Predicting Job Burnout Among Female Nurses in China With Machine Learning and Shapley Additive Explanations.","10.1155/jonm/2572646","10.1155_jonm_2572646"
"178",189,"Unsupervised Feature Selection-Driven Active Learning for Semi-Supervised Automatic ECG Analysis.","10.1109/JBHI.2025.3629804","10.1109_JBHI.2025.3629804"
"179",190,"Development and validation of a novel risk assessment model for accurate prediction of intraoperative hypothermia in adult patients undergoing different types of surgery: insights from a multicentre, retrospective cohort study.","10.1080/07853890.2025.2489749","10.1080_07853890.2025.2489749"
"180",191,"Coronary Angiography-Derived Murray Law-Based Quantitative Flow Ratio (μQFR) After De Novo Drug-Coated Balloon Angioplasty.","10.1002/ccd.70150","10.1002_ccd.70150"
"181",192,"Assessment of intrahepatic cholangiocarcinoma with LI-RADS in the high-risk population: MRI diagnosis and postoperative survival.","10.1186/s40644-025-00860-6","10.1186_s40644-025-00860-6"
"182",193,"Using Machine Learning Methods to Examine Turnover Rates in State Health Agencies.","10.1097/PHH.0000000000002251","10.1097_PHH.0000000000002251"
"183",194,"Multimodal radiomics of cerebellar subregions for machine learning-driven Alzheimer's disease diagnosis.","10.3389/fnagi.2025.1679788","10.3389_fnagi.2025.1679788"
"184",195,"A point-based cognitive impairment scoring system for southeast Asian adults.","10.1016/j.tjpad.2025.100069","10.1016_j.tjpad.2025.100069"
"185",196,"Development and Validation of Nomogram to Predict Frailty for Older Patients Undergoing Abdominal Surgery.","10.2147/CIA.S545803","10.2147_CIA.S545803"
"186",197,"Machine Learning-Based Prediction of Determinants of Appropriate Complementary Feeding Practices Among Women With Children Aged 6-23 Months in Sub-Saharan Africa.","10.1002/fsn3.70837","10.1002_fsn3.70837"
"187",198,"Developing efficient predictive models for the diagnosis of VEXAS syndrome.","10.1016/j.semarthrit.2025.152796","10.1016_j.semarthrit.2025.152796"
"188",199,"Development and validation of nomograms of outcomes for first-line platinum-based chemotherapy for metastatic triple-negative breast cancer: patient-level analysis of five prospective clinical trials in China.","10.1177/17588359251395906","10.1177_17588359251395906"
"189",200,"Automated Artificial Intelligence Mapping of Coronary Plaque Calcification: A Comparison with Manual Intravascular Image Analysis.","10.3390/jcm14228166","10.3390_jcm14228166"
"190",201,"Lymph Nodal Yield and Prediction of Mortality in Oral Squamous Cell Carcinoma Patients.","10.1002/ohn.70040","10.1002_ohn.70040"
"191",202,"Construction and validation of nomogram model for prognosis of gastritis patients based on baseline data and inflammatory and infectious markers.","10.3389/fmed.2025.1549901","10.3389_fmed.2025.1549901"
"192",203,"Early prediction of gestational diabetes mellitus using machine learning-integrated metabolomic and clinical features.","10.3389/fendo.2025.1687146","10.3389_fendo.2025.1687146"
"193",204,"Enhanced osteoporosis screening via multi-output deep learning: Segmentation and classification of metacarpal radiographs.","10.1016/j.ejrad.2025.112507","10.1016_j.ejrad.2025.112507"
"194",205,"Predicting Semen Analysis Parameters from Testicular Ultrasonography Images Using Deep Learning Algorithms: An Innovative Approach to Male Infertility Diagnosis.","10.3390/jcm14020516","10.3390_jcm14020516"
"195",206,"Enhancing breast cancer screening: Unveiling explainable cross-view contributions in dual-view mammography with Sparse Bipartite Graphs Attention Networks.","10.1016/j.compmedimag.2025.102620","10.1016_j.compmedimag.2025.102620"
"196",207,"Microdissection testicular sperm extraction-intracytoplasmic sperm injection strategy in patients with Klinefelter syndrome: synchronous or asynchronous?","10.3389/fendo.2025.1585818","10.3389_fendo.2025.1585818"
"197",208,"Machine learning-based migraine analysis using retinal vessel diameters from optical coherence tomography: an alternative approach.","10.1007/s10072-025-08462-7","10.1007_s10072-025-08462-7"
"198",209,"Predictive models for posttransplant diabetes mellitus in kidney transplant recipients using machine learning and deep learning approach: a nationwide cohort study from South Korea.","10.23876/j.krcp.24.113","10.23876_j.krcp.24.113"
"199",210,"SCUBE-1 Levels and Their Relationship with Endothelial Dysfunction in Obstructive Sleep Apnea Syndrome Patients.","10.2147/NSS.S509757","10.2147_NSS.S509757"
"200",211,"Universal screening for congenital Cytomegalovirus infection using saliva from the neonate.","10.1016/j.jcv.2025.105800","10.1016_j.jcv.2025.105800"
"201",212,"Development and Validation of an Interpretable Machine Learning Model for Predicting Early Fusion After Anterior Cervical Discectomy and Fusion.","10.1097/BRS.0000000000005595","10.1097_BRS.0000000000005595"
"202",213,"Construction and validation of nomogram prediction model for ketoacidosis in elderly diabetic patients based on baseline data and glycolipid metabolism.","10.1111/jdi.70058","10.1111_jdi.70058"
"203",214,"A Multivariate prediction model for amlodipine therapeutic efficacy in pediatric primary hypertension.","10.3389/fendo.2025.1542276","10.3389_fendo.2025.1542276"
"204",216,"Supersulfide metabolome of exhaled breath condensate applied as diagnostic biomarkers for esophageal cancer.","10.1111/cas.16430","10.1111_cas.16430"
"205",217,"A colorectal liver metastasis prediction model based on the combination of lipoprotein-associated phospholipase A2 and serum biomarker levels.","10.1016/j.cca.2025.120143","10.1016_j.cca.2025.120143"
"206",218,"LINC00265 Serves as a Diagnostic and Prognostic Marker for Acute Ischemic Stroke and INHIBITS Disease Progression Through the miR- 155 - 5p/TRIM32 Axis.","10.1007/s12035-025-04973-8","10.1007_s12035-025-04973-8"
"207",219,"Development and Multi-center validation of a machine learning Model for advanced colorectal neoplasms screening.","10.1016/j.compbiomed.2025.110066","10.1016_j.compbiomed.2025.110066"
"208",220,"The Predictive Value of Heart Rate Variability for the Prognosis of Patients with Mild to Moderate Traumatic Brain Injury.","10.1007/s40120-025-00792-0","10.1007_s40120-025-00792-0"
"209",221,"The role of resistin and adiponectin ratios with uric acid in assessing metabolic syndrome in type 2 diabetes.","10.1007/s11010-024-05200-z","10.1007_s11010-024-05200-z"
"210",222,"Objectively measured physical function predicts mortality in older adults with acute myeloid leukemia treated by lower-intensity therapy: A prospective cohort study.","10.1016/j.jgo.2025.102335","10.1016_j.jgo.2025.102335"
"211",224,"Use of amide proton transfer (APT) imaging in the differentiation of pediatric low-grade brain tumors from tumor-like brain lesions.","10.1007/s00234-025-03582-5","10.1007_s00234-025-03582-5"
"212",225,"Prediction of prognosis in elderly patients with chronic heart failure based on random survival forest.","10.3389/fcvm.2025.1613975","10.3389_fcvm.2025.1613975"
"213",226,"Decoding Epigenetic Enhancer-Promoter Interactions in Periodontitis via Transformer-GAN: A Deep Learning Framework for Inflammatory Gene Regulation and Biomarker Discovery.","10.1016/j.identj.2025.103879","10.1016_j.identj.2025.103879"
"214",227,"Assessing the effect of perfluoroalkyl and polyfluoroalkyl substances on cardiovascular-kidney-metabolic syndrome: Insights from an interpretable machine learning model.","10.1016/j.scitotenv.2025.180003","10.1016_j.scitotenv.2025.180003"
"215",228,"Predictive Value of Age, Creatinine, and Ejection Fraction I and II Scores for Postoperative Atrial Fibrillation in Isolated On-Pump Coronary Artery Bypass Grafting Surgery: A Multicenter Retrospective Study.","10.1159/000543188","10.1159_000543188"
"216",229,"Are the dominant-nondominant functional differences at 4.5 months after open Latarjet procedure better predictors for successful return to sport at 1 year postoperatively than the operated-nonoperated differences?","10.1016/j.jse.2024.12.046","10.1016_j.jse.2024.12.046"
"217",230,"Prediction of tumor deposits in stage I-III gastric cancer: a clinically applicable nomogram integrating clinicopathology outcomes.","10.3389/fmed.2025.1577569","10.3389_fmed.2025.1577569"
"218",231,"Enhancing Survival Prediction After Venoarterial Extracorporeal Membrane Oxygenation Using Machine Learning.","10.1097/MAT.0000000000002475","10.1097_MAT.0000000000002475"
"219",232,"Simultaneous free-breathing T1, T2, and T1ρ mapping for myocardial fibrosis detection in non-ischemic cardiomyopathy: A comparative study with conventional techniques.","10.1016/j.jocmr.2025.101982","10.1016_j.jocmr.2025.101982"
"220",233,"The detection of apical radiolucencies in periapical radiographs: A comparison between an artificial intelligence platform and expert endodontists with CBCT serving as the diagnostic benchmark.","10.1111/iej.14250","10.1111_iej.14250"
"221",234,"Social anxiety prediction model for nursing students based on machine learning: a cross-sectional survey.","10.3389/fpsyt.2025.1721618","10.3389_fpsyt.2025.1721618"
"222",235,"Would Roussouly classification affect the diagnostic efficiency of vertebral bone quality score for assessing osteopenia or osteoporosis in lumbar degenerative disease?","10.1007/s00586-025-08760-w","10.1007_s00586-025-08760-w"
"223",236,"Denosumab Dosage and Tooth Extraction Predict Medication-Related Osteonecrosis of the Jaw in Patients with Breast Cancer and Bone Metastases.","10.3390/cancers17132242","10.3390_cancers17132242"
"224",237,"Predicting liver metastasis in pancreatic neuroendocrine tumors with an interpretable machine learning algorithm: a SEER-based study.","10.3389/fmed.2025.1533132","10.3389_fmed.2025.1533132"
"225",238,"Emergency Department Serum Electrolyte Patterns in Paroxysmal Atrial Fibrillation.","10.1002/jcla.70030","10.1002_jcla.70030"
"226",239,"Whole slide image-level classification of malignant effusion cytology using clustering-constrained attention multiple instance learning.","10.1016/j.lungcan.2025.108552","10.1016_j.lungcan.2025.108552"
"227",240,"Model-based analysis of pulse transit time-derived features for the classification of obstructive and central apneas.","10.1109/TBME.2025.3622354","10.1109_TBME.2025.3622354"
"228",241,"Prognostic impact of different lymph node staging systems in patients with esophageal squamous cell carcinoma.","10.1007/s00464-025-12408-7","10.1007_s00464-025-12408-7"
"229",242,"Prognostic relevance of bone marrow immune cell fractions in newly diagnosed B-cell non-Hodgkin lymphoma patients.","10.1080/07853890.2025.2490825","10.1080_07853890.2025.2490825"
"230",244,"Prognostic value of 68Ga-DOTATATE PET/CT in assessing cardiac involvement in autoimmune diseases: a prospective study.","10.3389/fcvm.2025.1598638","10.3389_fcvm.2025.1598638"
"231",245,"The prognostic value of anti-gp210 and anti-centromere antibodies in patients with primary biliary cholangitis: Enhancing the prognostic utility on the GLOBE scoring system.","10.1016/j.dld.2024.12.024","10.1016_j.dld.2024.12.024"
"232",246,"A predictive model for early detection of concomitant pulmonary embolism in patients with deep vein thrombosis immediately upon hospital admission.","10.1016/j.jvsv.2025.102299","10.1016_j.jvsv.2025.102299"
"233",247,"Preliminary exploration of prediction model and nomograph drawing of Doppler peak systolic velocity ratio, peak systolic velocity 1 and peak systolic velocity 2 of ophthalmic artery in pregnant women for small for gestational age infants.","10.3389/fmed.2025.1598587","10.3389_fmed.2025.1598587"
"234",248,"Deep Learning Models Based on Pretreatment MRI and Clinicopathological Data to Predict Responses to Neoadjuvant Systemic Therapy in Triple-Negative Breast Cancer.","10.3390/cancers17060966","10.3390_cancers17060966"
"235",249,"A Novel Model Using ML Techniques for Clinical Trial Design and Expedited Patient Onboarding Process.","10.2147/CEOR.S479603","10.2147_CEOR.S479603"
"236",250,"Prognostic circulatory signature metabolites of stable versus unstable angina: an application of NMR spectroscopy.","10.1152/ajpheart.00707.2024","10.1152_ajpheart.00707.2024"
"237",251,"Opportunistic prognostication by computerized tomography (CT) in the emergency department: analysis on 1920 patients and creation of a simple and fast scoring system.","10.1007/s11547-025-01986-0","10.1007_s11547-025-01986-0"
"238",252,"Fibrosis-4plus score: a novel machine learning-based tool for screening high-risk varices in compensated cirrhosis (CHESS2004): an international multicenter study.","10.3350/cmh.2024.0898","10.3350_cmh.2024.0898"
"239",253,"Deep learning-enhanced super-resolution diffusion-weighted liver MRI: improved image quality, diagnostic performance, and acceleration.","10.1186/s13244-025-02150-y","10.1186_s13244-025-02150-y"
"240",254,"Unveiling risk factors: a prognostic model of frequent peritonitis in peritoneal dialysis patients.","10.3389/fmed.2025.1456857","10.3389_fmed.2025.1456857"
"241",255,"Predicting early severe midline shift in acute ischemic stroke Within 24 h of endovascular thrombectomy.","10.1007/s00234-025-03818-4","10.1007_s00234-025-03818-4"
"242",256,"Identifying gastric intestinal metaplasia risk based on clinical indicators: a machine learning predictive model based on the SHAP methodology.","10.3389/fphar.2025.1602191","10.3389_fphar.2025.1602191"
"243",257,"Discriminative Ability of the Charlson Comorbidity Index for Long-Term Mortality in a General Population: Nationwide, Population-Based Study of 10 Million Adults in Sweden.","10.2147/CLEP.S568699","10.2147_CLEP.S568699"
"244",258,"Prediction of Lymph Node Metastasis in Colorectal Cancer Using Intraoperative Fluorescence Multi-Modal Imaging.","10.1109/TMI.2024.3510836","10.1109_TMI.2024.3510836"
"245",259,"Development and Validation of a Clinically Applicable Nomogram for Predicting Inferior Alveolar Nerve Injury After Mandibular Cystectomy.","10.1016/j.joms.2025.09.019","10.1016_j.joms.2025.09.019"
"246",260,"Automated Age and Sex Estimation From Dental Panoramic Radiographs.","10.1016/j.identj.2025.103967","10.1016_j.identj.2025.103967"
"247",261,"Comparative Assessment of Risk Score Performance in Ruptured Abdominal Aortic Aneurysm Repair Risk Stratification.","10.1016/j.ejvs.2025.04.002","10.1016_j.ejvs.2025.04.002"
"248",262,"Association of CALLY index and CLR with COPD risk in middle-aged and older Americans: evidence from NHANES 2017-2020.","10.3389/fmed.2025.1535415","10.3389_fmed.2025.1535415"
"249",264,"An explainable machine learning model for predicting postoperative cholangitis in pediatric surgical patients with pancreaticobiliary maljunction.","10.1186/s13040-025-00491-4","10.1186_s13040-025-00491-4"
"250",265,"Predicting response to patients with gastric cancer via a dynamic-aware model with longitudinal liquid biopsy data.","10.1007/s10120-025-01628-4","10.1007_s10120-025-01628-4"
"251",266,"Risk Stratification for the Prognosis of Patients With pT3aN0M0 Clear Cell Renal Cell Carcinoma.","10.1016/j.clgc.2025.102400","10.1016_j.clgc.2025.102400"
"252",267,"Ultrasensitive Electrochemical Screening of Circulating Tumor Cells Over Single-Atom Nanozyme Integrated 3D Nanoarray.","10.1002/smll.202409212","10.1002_smll.202409212"
"253",268,"Multiparametric MRI-based machine learning system of molecular subgroups and prognosis in medulloblastoma.","10.1007/s00330-025-11385-8","10.1007_s00330-025-11385-8"
"254",269,"Construction and validation of a risk prediction model for cognitive frailty in older patients with chronic heart failure.","10.1016/j.gerinurse.2025.103676","10.1016_j.gerinurse.2025.103676"
"255",270,"Development of a prognosis model for PARP inhibitor therapies based on multiple genomic alterations associated with homologous recombination deficiency in ovarian cancer.","10.1016/j.ijgc.2025.101987","10.1016_j.ijgc.2025.101987"
"256",271,"Reducing Bias in the Evaluation of Robotic Surgery for Lung Cancer Through Machine Learning.","10.3390/cancers17203347","10.3390_cancers17203347"
"257",273,"Predictive value of tumoral and peritumoral radiomic features in neoadjuvant chemotherapy response for breast cancer: a retrospective study.","10.1007/s11547-025-01969-1","10.1007_s11547-025-01969-1"
"258",274,"A 3D deep learning model based on MRI for predicting lymphovascular invasion in rectal cancer.","10.1002/mp.17882","10.1002_mp.17882"
"259",275,"Prediction of clinical outcomes of immune checkpoint inhibitors in advanced head and neck cancer directly from histopathology slides using inferred transcriptomics.","10.1016/j.oraloncology.2025.107536","10.1016_j.oraloncology.2025.107536"
"260",276,"Hybrid transformer-based model for mammogram classification by integrating prior and current images.","10.1002/mp.17650","10.1002_mp.17650"
"261",277,"Prognostic value of preablative stimulated thyroglobulin and its decline after 131I therapy in differentiated thyroid cancer.","10.1080/07853890.2025.2573150","10.1080_07853890.2025.2573150"
"262",278,"Inflammation and Thyroid Cancer: Deciphering the Role of Blood Immune Indexes.","10.3390/cancers17081363","10.3390_cancers17081363"
"263",279,"Relative Biological Effectiveness Derived from NTCP Analysis of Carbon Ion vs. Photon Radiation Therapy in Locally Advanced Non-Small Cell Lung Cancer.","10.1016/j.ijrobp.2025.07.1420","10.1016_j.ijrobp.2025.07.1420"
"264",280,"A Fusion Deep Learning Model for Predicting Adverse Drug Reactions Based on Multiple Drug Characteristics.","10.3390/life15030436","10.3390_life15030436"
"265",281,"MMFi-DPBML: Multi-molecular fingerprint feature fusion for predicting ingredient-target interactions in traditional Chinese medicine.","10.1016/j.jep.2025.120451","10.1016_j.jep.2025.120451"
"266",282,"A virtual reality-based multimodal framework for adolescent depression screening using machine learning.","10.3389/fpsyt.2025.1655554","10.3389_fpsyt.2025.1655554"
"267",283,"Adversarial Debiasing for Equitable and Fair Detection of Acute Coronary Syndrome using 12-Lead ECG.","10.1109/TBME.2025.3597527","10.1109_TBME.2025.3597527"
"268",284,"Evaluating the influence MRSA Co-infection on 28-day mortality among sepsis patients: insights from the MIMIC-IV database.","10.3389/fphar.2025.1534107","10.3389_fphar.2025.1534107"
"269",285,"Clinical utility of the Platelet-to-neutrophil ratio in differentiating sepsis from neonatal pneumonia: an observational study.","10.1080/07853890.2025.2531252","10.1080_07853890.2025.2531252"
"270",286,"Evaluation of the Distress Thermometer in older patients with cancer.","10.1016/j.jgo.2025.102221","10.1016_j.jgo.2025.102221"
"271",287,"Genetic/epigenetic RNA dysregulation in type 2 diabetes mellitus complicated with ischemic heart disease.","10.3389/fendo.2025.1687145","10.3389_fendo.2025.1687145"
"272",288,"Nomogram for Predicting Severe Abdominal Pain During Percutaneous Radiofrequency Ablation for Hepatocellular Carcinoma: A Retrospective Study.","10.2147/JPR.S506099","10.2147_JPR.S506099"
"273",289,"Predicting Thoracolumbar Vertebral Osteoporotic Fractures: Value Assessment of Chest CT-Based Machine Learning.","10.1016/j.acra.2025.06.023","10.1016_j.acra.2025.06.023"
"274",290,"Assessment of influential factors and risk area prediction of scrub typhus in Gannan region, China, based on ecological niche modelling and geographical detector.","10.1016/j.actatropica.2025.107726","10.1016_j.actatropica.2025.107726"
"275",291,"Preoperative prediction of WHO/ISUP grade of ccRCC using intratumoral and peritumoral habitat imaging: multicenter study.","10.1186/s40644-025-00875-z","10.1186_s40644-025-00875-z"
"276",292,"Predicting Maltreatment in Adolescents with Mentally Ill Parents: A Random Forest Tree Analysis.","10.1007/s10578-025-01932-1","10.1007_s10578-025-01932-1"
"277",293,"Analysis of Risk Factors and Prediction Model of Chromosomal Abnormalities in Embryos from Patients with Missed Miscarriage.","10.2147/IJWH.S548360","10.2147_IJWH.S548360"
"278",294,"Mucin phenotype-based deep learning framework for intestinal metaplasia-carcinogenesis progression prediction.","10.1038/s41698-025-01224-w","10.1038_s41698-025-01224-w"
"279",295,"Machine Learning-Based Prediction of IVF Outcomes: The Central Role of Female Preprocedural Factors.","10.3390/biomedicines13112768","10.3390_biomedicines13112768"
"280",296,"A predictive model for metabolic syndrome in a community-based population with sleep apnea: a secondary prevention screening tool using simple and accessible indicators.","10.3389/fnut.2025.1667055","10.3389_fnut.2025.1667055"
"281",297,"An elevated triglyceride-glucose index in the first-trimester predicts adverse pregnancy outcomes: a retrospective cohort study.","10.1007/s00404-025-07973-0","10.1007_s00404-025-07973-0"
"282",298,"iPro-MP: a BERT-based model to predict multiple prokaryotic promoters.","10.1186/s13059-025-03819-9","10.1186_s13059-025-03819-9"
"283",299,"The Femoral Head Edema Zone: A Novel Classification Scheme to Better Predict Osteonecrosis Progression.","10.1016/j.arth.2025.08.035","10.1016_j.arth.2025.08.035"
"284",300,"Machine learning-based 28-day mortality prediction model for elderly neurocritically Ill patients.","10.1016/j.cmpb.2025.108589","10.1016_j.cmpb.2025.108589"
"285",301,"Deep learning-based method for grading histopathological liver fibrosis in rodent models of metabolic dysfunction-associated steatohepatitis.","10.3389/fmed.2025.1629036","10.3389_fmed.2025.1629036"
"286",302,"An interactive dynamic online nomogram for predicting the frailty trajectories among older people with chronic heart failure.","10.1016/j.jad.2025.04.033","10.1016_j.jad.2025.04.033"
"287",303,"Explainable feature selection combining particle swarm optimisation with adaptive LASSO for MRI radiogenomics: Predicting HPV status in oropharyngeal cancer.","10.1016/j.cmpb.2025.109204","10.1016_j.cmpb.2025.109204"
"288",304,"Risk Factors and Predictive Model for Stress Hyperglycemia After Cardiac Surgery in Non-Diabetic Patients.","10.2147/JMDH.S515269","10.2147_JMDH.S515269"
"289",305,"Comprehensive clinical scale-based machine learning model for predicting subthalamic nucleus deep brain stimulation outcomes in Parkinson's disease.","10.1007/s10143-025-03424-1","10.1007_s10143-025-03424-1"
"290",306,"A self-cycling and self-verifying electrochemical and colorimetric dual-modal biosensor for oral squamous cell carcinoma (OSCC) saliva detection.","10.1016/j.bios.2025.118000","10.1016_j.bios.2025.118000"
"291",307,"Enhanced ISUP grade prediction in prostate cancer using multi-center radiomics data.","10.1007/s00261-025-04858-3","10.1007_s00261-025-04858-3"
"292",309,"MPTN: A video-based multi-point tracking network for atrioventricular junction detection and tracking in cardiovascular magnetic resonance imaging.","10.1016/j.cmpb.2025.109048","10.1016_j.cmpb.2025.109048"
"293",310,"Risk prediction model of pedicle screw loosening within 2 years after decompression and instrumented fusion surgery for degenerative lumbar disease.","10.1016/j.spinee.2025.01.033","10.1016_j.spinee.2025.01.033"
"294",311,"An Efficient Dual-Sampling Approach for Chest CT Diagnosis.","10.2147/JMDH.S472170","10.2147_JMDH.S472170"
"295",312,"A Clinical Prediction Model for Prognosticating Salvage of the Infected Implant in Alloplastic Breast Reconstruction.","10.1097/PRS.0000000000012349","10.1097_PRS.0000000000012349"
"296",313,"Relationship between inflammatory markers and long-term prognosis in ICU patients with acute non-ST-segment elevation myocardial infarction.","10.3389/fcvm.2025.1577385","10.3389_fcvm.2025.1577385"
"297",314,"Diagnostic performance of multi-branch coronary angiography-based index of microcirculatory resistance: a novel approach.","10.3389/fmed.2025.1490346","10.3389_fmed.2025.1490346"
"298",315,"Enhancing cardiovascular risk prediction in hypertensive adults: a 3PM-based evaluation of insulin resistance and arterial stiffness.","10.1007/s13167-025-00421-8","10.1007_s13167-025-00421-8"
"299",316,"Lipoprotein Subfractions Predict All-cause and Cardiovascular Mortality in CKD Patients Undergoing Hemodialysis: A Prospective Cohort Study Based on NMR Metabolomics.","10.1007/s43657-024-00179-5","10.1007_s43657-024-00179-5"
"300",317,"Profiling the Kidney Before the Incision: CT-Derived Signatures Steering Reconstructive Strategy After Off-Clamp Minimally Invasive Partial Nephrectomy.","10.3390/cancers17193236","10.3390_cancers17193236"
"301",318,"A Priori Prediction of Breast Cancer Response to Neoadjuvant Chemotherapy Using CT Radiomics.","10.3390/cancers17162706","10.3390_cancers17162706"
"302",319,"A prognostic gene model with psychological stress-related genes captures immune activation in breast cancer.","10.1016/j.breast.2025.104678","10.1016_j.breast.2025.104678"
"303",320,"Study of AI algorithms on mpMRI and PHI for the diagnosis of clinically significant prostate cancer.","10.1016/j.urolonc.2025.05.007","10.1016_j.urolonc.2025.05.007"
"304",321,"Enhancing prediction of parenchymal hemorrhage type 2 after endovascular treatment in acute ischemic stroke using dual-phase CTA.","10.1016/j.ejrad.2025.112027","10.1016_j.ejrad.2025.112027"
"305",322,"An explainable and comprehensive BI-RADS assisted diagnosis pipeline for mammograms.","10.1016/j.ejmp.2025.104949","10.1016_j.ejmp.2025.104949"
"306",323,"Radiation-induced rhinosinusitis in patients with nasopharyngeal carcinoma.","10.1016/j.radonc.2025.110913","10.1016_j.radonc.2025.110913"
"307",324,"Development of a machine learning-based prediction model for acute kidney injury associated with respiratory failure in the intensive care unit.","10.1007/s10238-025-01873-y","10.1007_s10238-025-01873-y"
"308",325,"Diagnostic Accuracy of Contrast-Enhanced Ultrasound in Differentiating RCC from AML in Small Hyperechoic Renal Masses (≤ 3 cm): A Retrospective Single-Center Study.","10.1016/j.clgc.2025.102414","10.1016_j.clgc.2025.102414"
"309",326,"Construction of a clinical prediction model for osteoporosis in asymptomatic elderly population based on machine learning algorithm.","10.3389/fmed.2025.1607734","10.3389_fmed.2025.1607734"
"310",328,"Prediction of thyroid malignancy risk using clinical and ultrasonography features and a machine learning approach.","10.1007/s00330-025-11434-2","10.1007_s00330-025-11434-2"
"311",329,"AKI prediction model in acute aortic dissection surgery: nomogram development and validation.","10.3389/fmed.2025.1562956","10.3389_fmed.2025.1562956"
"312",330,"Detection of Microscopic Glioblastoma Infiltration in Peritumoral Edema Using Interactive Deep Learning With DTI Biomarkers: Testing via Stereotactic Biopsy.","10.1002/jmri.70058","10.1002_jmri.70058"
"313",331,"Machine learning based detection of true ventilatory restriction.","10.1016/j.rmed.2025.108314","10.1016_j.rmed.2025.108314"
"314",332,"Improving Deep Learning-Based Grading of Partial-thickness Supraspinatus Tendon Tears with Guided Diffusion Augmentation.","10.1016/j.acra.2025.04.072","10.1016_j.acra.2025.04.072"
"315",333,"Identification of Staphylococcus aureus spondylitis in patients with spinal infections using machine learning based on routine laboratory tests: a multicenter retrospective study.","10.1097/JS9.0000000000003035","10.1097_JS9.0000000000003035"
"316",334,"Potential Distribution Prediction of Terminalia chebula Retz. in China Under Current and Future Climate Scenarios.","10.1002/ece3.70908","10.1002_ece3.70908"
"317",335,"Carotid plaque segmentation and classification using MRI-based plaque texture analysis and convolutional neural network.","10.3389/fmed.2025.1502830","10.3389_fmed.2025.1502830"
"318",336,"Development and validation of an interpretable machine learning model for predicting low muscle mass in patients with rheumatoid arthritis: a multicenter study.","10.3389/fmed.2025.1694320","10.3389_fmed.2025.1694320"
"319",337,"Integrating CT radiomics and clinical features using machine learning to predict post-COVID pulmonary fibrosis.","10.1186/s12931-025-03305-7","10.1186_s12931-025-03305-7"
"320",338,"Prognostic significance of frailty in chronic subdural hematoma: implications for treatment selection in the era of middle meningeal artery embolization.","10.1007/s00234-025-03591-4","10.1007_s00234-025-03591-4"
"321",339,"Using Digital Speech Markers to Classify Functional Speech Disorder: A Proof-of-Concept Pilot Study.","10.1002/mds.30256","10.1002_mds.30256"
"322",340,"The risk factors for relapse behavior in individuals with substance use disorders: An interpretable machine learning study.","10.1016/j.jad.2025.119520","10.1016_j.jad.2025.119520"
"323",341,"Analysis of risk factors and intervention measures for postoperative bleeding in patients with diabetes after proctologic surgery based on a logistic regression model.","10.3389/fmed.2025.1559707","10.3389_fmed.2025.1559707"
"324",342,"Ionized calcium and PTH as predictors of hypoparathyroidism following total thyroidectomy.","10.1007/s00405-025-09205-2","10.1007_s00405-025-09205-2"
"325",343,"Biparametric MRI-Based Habitat Analysis Integrated With Deep Learning for Predicting Clinically Significant Prostate Cancer in PI-RADS Category 3 Lesions.","10.1002/jmri.70205","10.1002_jmri.70205"
"326",344,"Machine learning-based predictive model for enteral nutrition-associated diarrhea in ICU patients and its nursing applications.","10.3389/fnut.2025.1584717","10.3389_fnut.2025.1584717"
"327",345,"Predicting Preoperative Deep Vein Thrombosis Using d-Dimer-to-Albumin Ratio Combined with Neutrophil-to-Lymphocyte Ratio in Older Patients with Hip Fracture.","10.2147/CIA.S523443","10.2147_CIA.S523443"
"328",346,"The expression and association of MATK in chronic hypoperfusion patients with white matter hyperintensity.","10.3389/fnagi.2025.1570482","10.3389_fnagi.2025.1570482"
"329",347,"MRI-based scoring systems for selective lateral lymph node dissection in locally advanced low rectal cancer after neoadjuvant chemoradiotherapy.","10.1007/s00330-025-11439-x","10.1007_s00330-025-11439-x"
"330",348,"Risk-Stratified Biologic Efficacy in Ulcerative Colitis: A Multicenter Machine Learning Study.","10.1093/ibd/izaf272","10.1093_ibd_izaf272"
"331",349,"Application of machine learning in predicting adolescent Internet behavioral addiction.","10.3389/fpsyt.2024.1521051","10.3389_fpsyt.2024.1521051"
"332",350,"Externally validated digital decision support tool for time-to-osteoradionecrosis risk-stratification using right-censored multi-institutional observational cohorts.","10.1016/j.radonc.2025.110890","10.1016_j.radonc.2025.110890"
"333",351,"Investigation of commonly used assessment methods for predicting fall risk in the elderly.","10.1016/j.exger.2025.112784","10.1016_j.exger.2025.112784"
"334",352,"Predicting the risk of ibrutinib in combination with R-ICE in patients with relapsed or refractory DLBCL using explainable machine learning algorithms.","10.1007/s10238-025-01709-9","10.1007_s10238-025-01709-9"
"335",353,"Novel pre-spatial data fusion deep learning approach for multimodal volumetric outcome prediction models in radiotherapy.","10.1002/mp.17672","10.1002_mp.17672"
"336",354,"Analyzing Pain Patterns in Stroke Survivors in Outpatient Clinics: A Retrospective, Cross-Sectional, Observational Study.","10.2147/JPR.S520809","10.2147_JPR.S520809"
"337",355,"Utilizing 12-lead electrocardiogram and machine learning to retrospectively estimate and prospectively predict atrial fibrillation and stroke risk.","10.1016/j.compbiomed.2025.109871","10.1016_j.compbiomed.2025.109871"
"338",356,"Preliminary Evaluation of Radiomics in Contrast-Enhanced Mammography for Prognostic Prediction of Breast Cancer.","10.3390/cancers17121926","10.3390_cancers17121926"
"339",357,"Rate of change in upper and lower motor neuron burden is associated with survival in amyotrophic lateral sclerosis.","10.1007/s00415-025-13052-w","10.1007_s00415-025-13052-w"
"340",358,"A Nomogram for Preoperative Prediction of Tumor Aggressiveness and Lymphovascular Space Involvement in Patients with Endometrial Cancer.","10.3390/jcm14113914","10.3390_jcm14113914"
"341",359,"Consistency and grade prediction of intracranial meningiomas based on fractal geometry analysis.","10.1007/s10143-025-03737-1","10.1007_s10143-025-03737-1"
"342",360,"Automatically Derived Unipolar Low-Voltage-Area Burden for Predicting Atrial Fibrillation Ablation Outcomes.","10.1016/j.cjca.2025.06.077","10.1016_j.cjca.2025.06.077"
"343",361,"Development of a predictive framework for ovarian reserve decline based on pelvic microbiota dysbiosis.","10.1007/s13167-025-00417-4","10.1007_s13167-025-00417-4"
"344",362,"The value of Synthetic MRI in discriminating metastatic and non-metastatic lymph nodes in head and neck squamous cell carcinoma, compared with DWI and subjective experience.","10.1016/j.ejrad.2025.112048","10.1016_j.ejrad.2025.112048"
"345",363,"A novel malnutrition assessment model predicts the inflammatory storm of relapsed/refractory acute myeloid leukemia following C-type lectin-like molecule-1 chimeric antigen receptor T therapy.","10.3389/fnut.2025.1627624","10.3389_fnut.2025.1627624"
"346",364,"Preoperative risk prediction of major cardiovascular events in noncardiac surgery using the 12-lead electrocardiogram: an explainable deep learning approach.","10.1016/j.bja.2025.07.085","10.1016_j.bja.2025.07.085"
"347",366,"Risk factors for corneal nerve fiber loss in Chinese patients with type 2 diabetes mellitus.","10.1016/j.diabres.2025.112304","10.1016_j.diabres.2025.112304"
"348",367,"Forecasting Spoken Language Development in Children With Cochlear Implants Using Preimplant Magnetic Resonance Imaging.","10.1001/jamaoto.2025.4694","10.1001_jamaoto.2025.4694"
"349",368,"Machine learning-based prediction of postpartum hemorrhage using maternal clinical and biochemical features.","10.1002/ijgo.70609","10.1002_ijgo.70609"
"350",369,"Magnetic susceptibility source separation for assessing motor and cognitive functions in Parkinson disease.","10.1016/j.parkreldis.2025.107989","10.1016_j.parkreldis.2025.107989"
"351",370,"The association between insulin resistance-related markers and ASCVD with hyperuricemia: results from the 2005 to 2018 National Health and Nutrition Examination Survey.","10.3389/fcvm.2025.1583944","10.3389_fcvm.2025.1583944"
"352",371,"Predictive Value of Quantitative ADC, SUVmax, and the SUVmax/ADC Ratio for Biological Behavior and Prognosis in High-Risk Prostate Cancer.","10.3390/jcm14207150","10.3390_jcm14207150"
"353",372,"A nomogram for predicting tongue collapse in DISE based on UACT findings in OSA patients.","10.1007/s00405-025-09420-x","10.1007_s00405-025-09420-x"
"354",373,"Pediatric community-acquired pneumonia: predictive value of heparin-binding protein for severity assessment.","10.1038/s41390-025-04605-w","10.1038_s41390-025-04605-w"
"355",374,"Integrating Multi-Modal Imaging Features for Early Prediction of Acute Kidney Injury in Pneumonia Sepsis: A Multicenter Retrospective Study.","10.1016/j.acra.2025.08.007","10.1016_j.acra.2025.08.007"
"356",375,"Application of the metagenomic next-generation sequencing technology to identify the causes of pleural effusion.","10.3389/fmed.2025.1525100","10.3389_fmed.2025.1525100"
"357",376,"Diagnostic accuracy and cut-off values of serum leucine-rich alpha-2 glycoprotein for Crohn's disease activity in the small bowel.","10.1007/s00535-025-02223-1","10.1007_s00535-025-02223-1"
"358",377,"Interaction between coronary lesion complexity and coronary microvascular dysfunction in the prognosis of NSTEMI patients.","10.1007/s00392-025-02803-4","10.1007_s00392-025-02803-4"
"359",378,"ITGA3-MET interaction promotes papillary thyroid cancer progression via ERK and PI3K/AKT pathways.","10.1080/07853890.2025.2483379","10.1080_07853890.2025.2483379"
"360",379,"Predicting Radionecrosis After Stereotactic Radiation Therapy for Solitary Brain Metastases: External Validation of a Univariable Model and Development of a Multivariable Model.","10.1016/j.adro.2025.101871","10.1016_j.adro.2025.101871"
"361",380,"Concordance Index-Based Comparison of Inflammatory and Classical Prognostic Markers in Untreated Hepatocellular Carcinoma.","10.3390/jcm14155514","10.3390_jcm14155514"
"362",381,"First clinical investigation to predict lymphovascular and/or perineural invasion in gastric cancer using 18F-FAPI-42 PET/CT parameters.","10.1007/s00259-025-07325-9","10.1007_s00259-025-07325-9"
"363",382,"A plasma proteomics-based candidate biomarker panel predictive of amyotrophic lateral sclerosis.","10.1038/s41591-025-03890-6","10.1038_s41591-025-03890-6"
"364",383,"GrimAge and GrimAge2 Age Acceleration effectively predict mortality risk: a retrospective cohort study.","10.1080/15592294.2025.2530618","10.1080_15592294.2025.2530618"
"365",384,"Screening for obstructive sleep apnea in the resource-limited setting of the COVID-19 pandemic (SPARE study).","10.1016/j.sleep.2025.106559","10.1016_j.sleep.2025.106559"
"366",385,"ADNEX-AI: automated extraction of ultrasound predictors for interpretable ovarian cancer risk stratification.","10.1038/s41698-025-01215-x","10.1038_s41698-025-01215-x"
"367",386,"Prediction of adverse pathology in prostate cancer using a multimodal deep learning approach based on [18F]PSMA-1007 PET/CT and multiparametric MRI.","10.1007/s00259-025-07134-0","10.1007_s00259-025-07134-0"
"368",387,"Small-for-Gestational-Age Birth Weight Risk Stratification Using First-Trimester Fetal Cardiac Parameters.","10.1097/AOG.0000000000006040","10.1097_AOG.0000000000006040"
"369",388,"A novel non-invasive mRNA-lncRNA biomarker panel for accurate prediction of cervical squamous cell carcinoma and adenocarcinoma.","10.3802/jgo.2025.36.e81","10.3802_jgo.2025.36.e81"
"370",389,"A two-stage machine learning-based risk assessment model for intravenous thrombolysis in acute ischemic stroke (AIS): A multi-center modeling study of pooled datasets.","10.1016/j.ijmedinf.2025.106018","10.1016_j.ijmedinf.2025.106018"
"371",390,"A new predictive factor for postoperative neurological deficits in patients with severe post-tuberculous kyphosis: the deformity angular distance ratio.","10.1007/s00586-025-08883-0","10.1007_s00586-025-08883-0"
"372",391,"Synergic value of 3D CT-derived body composition and triglyceride glucose body mass for survival prognostic modeling in unresectable pancreatic cancer.","10.3389/fnut.2025.1499188","10.3389_fnut.2025.1499188"
"373",392,"Right ventricular-pulmonary artery coupling assessed by two-dimensional strain predicts in-hospital complications in Takotsubo syndrome.","10.1016/j.ijcard.2025.133044","10.1016_j.ijcard.2025.133044"
"374",393,"Association of urinary metal elements with sarcopenia and glucose metabolism abnormalities: Insights from NHANES data using machine learning approaches.","10.1016/j.ecoenv.2025.118469","10.1016_j.ecoenv.2025.118469"
"375",394,"Peri-Implantitis and Soft Tissue Dehiscence in a Turkish Population: Risk Indicators, Diagnostic Parameters and Biomarkers Discovery.","10.1111/jre.13422","10.1111_jre.13422"
"376",395,"Oncological outcomes of pathological extranodal extension (pENE) in oral squamous cell carcinoma (OSCC): A proposal to refine the current staging.","10.1016/j.oraloncology.2025.107281","10.1016_j.oraloncology.2025.107281"
"377",396,"Clinical utility of the GAD-7 for detecting generalized anxiety in Quechua indigenous people.","10.3389/fpsyt.2025.1565895","10.3389_fpsyt.2025.1565895"
"378",398,"Deep Learning-Enhanced Opportunistic Osteoporosis Screening in 100 kV Low-Voltage Chest CT: A Novel Way Toward Bone Mineral Density Measurement and Radiation Dose Reduction.","10.1016/j.acra.2025.07.060","10.1016_j.acra.2025.07.060"
"379",399,"Computed tomography-based absolute delta radiomics nomogram for predicting perineural invasion in hypopharyngeal squamous cell carcinoma.","10.1016/j.ejrad.2024.111912","10.1016_j.ejrad.2024.111912"
"380",400,"Predicting Hepatic Decompensation in Patients With Metabolic Dysfunction Associated Steatotic Liver Disease-Related Cirrhosis: The ABID-LSM Model.","10.1111/apt.70215","10.1111_apt.70215"
"381",401,"Performance of electronic medical record tool in predicting 6-month mortality in hospitalized patients with cancer.","10.1002/jhm.70012","10.1002_jhm.70012"
"382",402,"An informed machine learning based environmental risk score for hypertension in European adults.","10.1016/j.artmed.2025.103139","10.1016_j.artmed.2025.103139"
"383",403,"Influencing factors analysis of clinical effect of heart failure patients treated with ivabradine and metoprolol succinate and construction and validation of nomogram prediction model.","10.3389/fcvm.2025.1571468","10.3389_fcvm.2025.1571468"
"384",404,"Mortality Prediction in Hospitalized COPD Patients Based on FEV1/FVC Severity Staging.","10.3390/jcm14217766","10.3390_jcm14217766"
"385",405,"The Effect of a Kasai Procedure on Liver Transplantation in Children with Biliary Atresia: A Cohort Study.","10.3390/jcm14103328","10.3390_jcm14103328"
"386",406,"DNA methylation patterns and predictive models for metabolic disease risk in offspring of gestational diabetes mellitus.","10.1186/s13098-025-01707-7","10.1186_s13098-025-01707-7"
"387",407,"Developing and validating a nomogram for predicting endoscopic hemostasis failure in cirrhotic patients with esophageal variceal bleeding.","10.3389/fmed.2025.1670759","10.3389_fmed.2025.1670759"
"388",408,"Clinical features analysis for complications in infants with late-onset Group B streptococcal sepsis: a retrospective case-control study.","10.3389/fmed.2025.1657655","10.3389_fmed.2025.1657655"
"389",409,"Prognostic model for lung adenocarcinoma based on experimental drug-resistant cell lines and clinical patients.","10.3389/fmolb.2025.1654426","10.3389_fmolb.2025.1654426"
"390",410,"Prediction of Work-relatedness of Shoulder Musculoskeletal Disorders as by Using Machine Learning.","10.1016/j.shaw.2025.01.003","10.1016_j.shaw.2025.01.003"
"391",411,"The value of contrast-enhanced ultrasound in synovial pathotypes of rheumatoid arthritis: an exploratory study.","10.1007/s00330-025-11921-6","10.1007_s00330-025-11921-6"
"392",412,"Augmented intelligence for multimodal virtual biopsy in breast cancer using generative artificial intelligence.","10.1016/j.jbi.2025.104971","10.1016_j.jbi.2025.104971"
"393",413,"Circulating bile acids and HOMA-IR: cross-sectional results from the RoCAV population-based study.","10.3389/fendo.2025.1656942","10.3389_fendo.2025.1656942"
"394",414,"Ultrasound Localization Microscopy for the Assessment of Microvascular Abnormalities in Transplant Renal Artery Stenosis.","10.1016/j.ultrasmedbio.2025.07.032","10.1016_j.ultrasmedbio.2025.07.032"
"395",415,"Ultrasound-based fat fraction for detection of hepatic steatosis and quantification of liver fat content using liver biopsy as the reference standard.","10.1007/s00330-025-12117-8","10.1007_s00330-025-12117-8"
"396",416,"Systemic inflammatory indexes as predictors of 18-month mortality among cirrhotic patients receiving transjugular intrahepatic portosystemic shunt.","10.1080/07853890.2025.2575530","10.1080_07853890.2025.2575530"
"397",417,"Intratumoral and peritumoral CT radiomics in predicting anaplastic lymphoma kinase mutations and survival in patients with lung adenocarcinoma: a multicenter study.","10.1186/s40644-025-00856-2","10.1186_s40644-025-00856-2"
"398",418,"A machine-learning informed circulating microbial DNA signature for early diagnosis of esophageal adenocarcinoma.","10.1080/19490976.2025.2604334","10.1080_19490976.2025.2604334"
"399",421,"Developing an interpretable machine learning model for diagnosing gout using clinical and ultrasound features.","10.1016/j.ejrad.2025.111959","10.1016_j.ejrad.2025.111959"
"400",422,"Risk Factors Associated With Osteochondral Fractures After Lateral Patellar Dislocation Based on Individual Factors.","10.1177/23259671251344923","10.1177_23259671251344923"
"401",423,"External Validation of an Upgraded AI Model for Screening Ileocolic Intussusception Using Pediatric Abdominal Radiographs: Multicenter Retrospective Study.","10.2196/72097","10.2196_72097"
"402",424,"Development and validation of the predictive scoring system for 90-day mortality in critical ill patients with exertional heatstroke.","10.1080/0886022X.2025.2525462","10.1080_0886022X.2025.2525462"
"403",425,"A Composite Endpoint of Liver Surgery (CELS): Development and Validation of a Clinically Relevant Endpoint Requiring a Smaller Sample Size.","10.1245/s10434-025-16965-y","10.1245_s10434-025-16965-y"
"404",426,"Integrated Assessment of Obesity Indices and Novel Inflammatory Biomarkers in Predicting the Severity of Obstructive Sleep Apnea.","10.3390/jcm15010273","10.3390_jcm15010273"
"405",427,"An Exploratory Analysis of Continuous Glucose Monitoring Metrics in Relation to Prediabetes in Youths with Obesity.","10.1177/15209156251407959","10.1177_15209156251407959"
"406",428,"A robust stacked neural network approach for early and accurate breast cancer diagnosis.","10.3389/fmed.2025.1644857","10.3389_fmed.2025.1644857"
"407",429,"Prediction of cardiovascular events by skin auto-fluorescence: the DIABAGE follow-up study.","10.1016/j.diabet.2025.101682","10.1016_j.diabet.2025.101682"
"408",430,"Heart allograft rejection: molecular diagnosis using intra-graft targeted gene expression profiling.","10.1093/eurheartj/ehaf949","10.1093_eurheartj_ehaf949"
"409",431,"Epigenome-wide association study identifies a specific panel of DNA methylation signatures for antenatal and postpartum depressive symptoms.","10.1016/j.jad.2025.04.083","10.1016_j.jad.2025.04.083"
"410",432,"Development of a machine learning predictive model for central venous catheter-associated thrombosis in patients undergoing abdominal surgery.","10.1111/nicc.13233","10.1111_nicc.13233"
"411",433,"The value of CSF diagnostic and prognostic biomarkers in NMOSD and MOGAD in real-life use.","10.1016/j.msard.2025.106302","10.1016_j.msard.2025.106302"
"412",434,"Number of Examined Lymph Nodes in the Highest Quartile Enhances Staging and Prognosis for Patients with Esophageal Cancer Receiving Neoadjuvant Therapy.","10.1245/s10434-025-18237-1","10.1245_s10434-025-18237-1"
"413",435,"Susceptibility Changes on Preoperative Acetazolamide-Loaded 7T MR Quantitative Susceptibility Mapping Predict Post-Carotid Endarterectomy Cerebral Hyperperfusion.","10.3174/ajnr.A8692","10.3174_ajnr.A8692"
"414",436,"Derivation and Validation of Risk Score Including Nutritional Status Among Patients With Chronic Limb-threatening Ischemia: Insight From I-PAD NAGANO Registry.","10.1177/15266028251314691","10.1177_15266028251314691"
"415",437,"Validation of proposed imaging criteria for estimating vessels encapsulating tumor clusters in hepatocellular carcinoma at CT and gadoxetic acid-enhanced MRI.","10.1016/j.ejrad.2025.111936","10.1016_j.ejrad.2025.111936"
"416",438,"Utility of cytomegalovirus (CMV) qualitative polymerase chain reaction from gastrointestinal biopsies in diagnosis of CMV gastrointestinal disease: A 10-year retrospective study.","10.1016/j.jcv.2025.105879","10.1016_j.jcv.2025.105879"
"417",439,"False-positive malaria rapid diagnostic tests are prevalent among children under 5 years of age in Uganda.","10.1093/infdis/jiaf604","10.1093_infdis_jiaf604"
"418",440,"The hemoglobin, albumin, lymphocyte, and platelet score as a useful predictor for mortality in older patients with hip fracture.","10.3389/fmed.2025.1450818","10.3389_fmed.2025.1450818"
"419",441,"Risk factors for multidrug resistance in pulmonary tuberculosis patients with diabetes mellitus.","10.3389/fmed.2025.1516207","10.3389_fmed.2025.1516207"
"420",442,"Enhancement of Inpatient Mortality Prognostication With Machine Learning in a Prospective Global Cohort of Patients With Cirrhosis With External Validation.","10.1053/j.gastro.2025.07.015","10.1053_j.gastro.2025.07.015"
"421",443,"Predictive model for preterm premature rupture of membranes following fetal endoscopy laser coagulation in twin-to-twin transfusion syndrome surgery.","10.1007/s00404-025-08192-3","10.1007_s00404-025-08192-3"
"422",444,"Exploring vaccine safety and adverse events in major autoimmune diseases.","10.1016/j.autrev.2025.103857","10.1016_j.autrev.2025.103857"
"423",445,"Development and validation of a polysomnography-based nomogram for predicting amnestic mild cognitive impairment in middle-aged and elderly people.","10.1016/j.sleep.2025.106564","10.1016_j.sleep.2025.106564"
"424",446,"Research on the Precise Differentiation of Pathological Subtypes of Non-Small Cell Lung Cancer Based on 18F-FDG PET/CT Radiomics Features.","10.3390/cancers17203311","10.3390_cancers17203311"
"425",447,"Development and pan-cancer validation of an epigenetics-based random survival forest model for prognosis prediction and drug response in OS.","10.3389/fphar.2025.1529525","10.3389_fphar.2025.1529525"
"426",448,"Eye Selection Criteria's Influence in the Value of Pituitary Macroadenoma Management Biomarkers: Preliminary Findings.","10.3390/jcm14134542","10.3390_jcm14134542"
"427",449,"Integrated nomogram for predicting intracranial progression-free survival with EGFR-TKI combined with cranial radiotherapy: a multicenter study.","10.1007/s00330-025-12105-y","10.1007_s00330-025-12105-y"
"428",450,"Human miRNA-disease Association Prediction Via Residual GraphSAGE With Nonlinear Adaptive Feature Fusion and Triplet Contrastive Learning.","10.1016/j.jmb.2025.169360","10.1016_j.jmb.2025.169360"
"429",451,"A Clinical Validation of a Diagnostic Test for Esophageal Adenocarcinoma Based on a Novel Serum Glycoprotein Biomarker Panel: PromarkerEso.","10.3390/proteomes13020023","10.3390_proteomes13020023"
"430",452,"Risk prediction for symptomatic ischemic cerebrovascular disease based on ultrasound indicators of carotid plaque neovascularization.","10.3389/fcvm.2025.1648352","10.3389_fcvm.2025.1648352"
"431",453,"Identification of early prediction biomarkers of severity in patients with severe fever with thrombocytopenia syndrome based on plasma proteomics.","10.3389/fmicb.2025.1514388","10.3389_fmicb.2025.1514388"
"432",454,"Identification of A-to-I RNA editing profiles and their clinical relevance in pancreatic neuroendocrine neoplasms.","10.1016/j.pan.2025.09.006","10.1016_j.pan.2025.09.006"
"433",455,"IVIM-DWI-Based Radiomics for Lesion Phenotyping and Clinical Status Prediction in Relapsing-Remitting Multiple Sclerosis.","10.3390/jcm14196753","10.3390_jcm14196753"
"434",456,"Machine Learning-Driven Identification of Exosome-Related Genes in Head and Neck Squamous Cell Carcinoma for Prognostic Evaluation and Drug Response Prediction.","10.3390/biomedicines13040780","10.3390_biomedicines13040780"
"435",457,"Using 18F-FDG PET/CT-derived body composition features to predict lymphovascular invasion in non-small cell lung cancer.","10.1007/s00259-025-07435-4","10.1007_s00259-025-07435-4"
"436",458,"Deep learning NTCP model for late dysphagia after radiotherapy for head and neck cancer patients based on 3D dose, CT and segmentations.","10.1016/j.radonc.2025.111169","10.1016_j.radonc.2025.111169"
"437",459,"Multiscale Fusion Models With Genomic, Topological, and Pathomic Features to Predict Response to Radiation Therapy for Non-Small Cell Lung Cancer Patients.","10.1016/j.labinv.2025.104204","10.1016_j.labinv.2025.104204"
"438",460,"Quantitative analysis of thecal sac volume and morphology as a diagnostic tool in intracranial hypotension.","10.1111/head.15014","10.1111_head.15014"
"439",461,"Risk prediction for recurrent pregnancy loss based on routine inspections in the first trimester of pregnancy, a retrospective study in China.","10.3389/fmed.2025.1476722","10.3389_fmed.2025.1476722"
"440",462,"Applying spectral analysis to the arterial pulse to discriminate cardiovascular side effects following administration of Moderna's mRNA-1273 vaccine.","10.1016/j.ejphar.2025.178269","10.1016_j.ejphar.2025.178269"
"441",463,"The impact of updated imaging software on the performance of machine learning models for breast cancer diagnosis: a multi-center, retrospective study.","10.1007/s00404-024-07901-8","10.1007_s00404-024-07901-8"
"442",464,"A novel diagnostic score for diagnosing arginine vasopressin deficiency (central diabetes insipidus) or primary polydipsia with basal laboratory and clinical parameters: results from two international multicentre prospective diagnostic studies.","10.1016/S2213-8587(25)00053-1","10.1016_S2213-8587(25)00053-1"
"443",465,"A Multi-omics Framework Based on Machine Learning as a Predictor of Cognitive Impairment Progression in Early Parkinson's Disease.","10.1007/s40120-025-00716-y","10.1007_s40120-025-00716-y"
"444",466,"Time to replace the oral glucose tolerance test for cystic fibrosis related diabetes first-step screening? Establishing glycemic tools relevant to cystic fibrosis.","10.1080/07853890.2025.2514787","10.1080_07853890.2025.2514787"
"445",467,"The value of CA19-9 and MRI features in the preoperative differential diagnosis of pancreatic ductal adenocarcinoma in periampullary carcinoma.","10.1007/s00261-025-04830-1","10.1007_s00261-025-04830-1"
"446",469,"Construction of a predictive model for in-hospital mortality in patients with acute myocardial infarction complicated with cardiogenic shock.","10.3389/fcvm.2025.1614183","10.3389_fcvm.2025.1614183"
"447",470,"Distinct postoperative quality of life trajectories after surgery for degenerative cervical myelopathy: a multicenter prospective cohort study.","10.1016/j.spinee.2025.10.023","10.1016_j.spinee.2025.10.023"
"448",471,"Construction of Intraoperative Blood Glucose Abnormality Risk Prediction Model and Nursing Strategies for Nondiabetic Elderly Patients.","10.1016/j.jopan.2025.07.004","10.1016_j.jopan.2025.07.004"
"449",472,"Urinary 3-methylhistidine as a potential biomarker for sepsis-associated acute kidney injury: multidimensional metabolomics analysis in mice and human.","10.1186/s13613-025-01550-z","10.1186_s13613-025-01550-z"
"450",473,"Beyond nodules: body composition as a biomarker for future lung cancer.","10.1007/s00330-025-11735-6","10.1007_s00330-025-11735-6"
"451",474,"Diagnostic Accuracy of Smart Supra Perimetry in Comparison With Standard Automated Perimetry in the Detection of Early Glaucoma.","10.1097/IJG.0000000000002596","10.1097_IJG.0000000000002596"
"452",475,"Enhancing Early Keratoconus Detection With Multimodal Machine Learning: Integrating Tomography, Biomechanics, and Clinical Risk Factors.","10.1016/j.ajo.2025.08.035","10.1016_j.ajo.2025.08.035"
"453",476,"A New Risk Prediction Tool for Bleeding and Adverse Cardiovascular Events in Patients with Pre-Existing Coronary Stents Undergoing Gastrointestinal Cancer Surgery.","10.2147/CIA.S516475","10.2147_CIA.S516475"
"454",477,"An individualized risk prediction tool for ectopic pregnancy within the first 10 weeks of gestation based on machine learning algorithms.","10.3389/fmed.2025.1726606","10.3389_fmed.2025.1726606"
"455",478,"Predictive value of echocardiographic parameter of diastolic dysfunction (Ea/Aa) combined with electrocardiographic P-wave dispersion for the detection of early recurrence of atrial fibrillation after radiofrequency catheter ablation.","10.3389/fcvm.2025.1585919","10.3389_fcvm.2025.1585919"
"456",479,"Validation of a novel EC and PPD-based decision tree model for tuberculosis screening in Tibetan adolescent students.","10.3389/fmed.2025.1671278","10.3389_fmed.2025.1671278"
"457",480,"External validation of the Fetal Medicine Foundation model for preterm pre-eclampsia prediction at 11-14 weeks in an Australian population.","10.1111/aogs.70002","10.1111_aogs.70002"
"458",481,"Clinical characteristics and prognostic analysis of patients with hydrocephalus after hypertensive cerebral haemorrhage: a retrospective case-control study.","10.1007/s10143-025-03220-x","10.1007_s10143-025-03220-x"
"459",482,"Machine learning models of depression in middle-aged and older adults with cardiovascular metabolic diseases.","10.1016/j.jad.2025.119494","10.1016_j.jad.2025.119494"
"460",483,"Development and validation of a nomogram to predict the risk of post-stroke complex regional pain syndrome.","10.3389/fnagi.2025.1577256","10.3389_fnagi.2025.1577256"
"461",484,"Cumulative frailty impact on unplanned hospitalization in older patients with cancer and excellent Eastern Cooperative Oncology Group performance.","10.1007/s00520-025-09580-w","10.1007_s00520-025-09580-w"
"462",485,"Diagnostic and Prognostic Value of Systemic Inflammatory Markers and Serum Vitamin D in CRS.","10.1002/lary.70286","10.1002_lary.70286"
"463",486,"Prospective cohort study integrating plasma proteomics and machine learning for early risk prediction of prostate cancer.","10.1097/JS9.0000000000002805","10.1097_JS9.0000000000002805"
"464",487,"The Development of an Ultrasound-Based Scoring System for the Prediction of Interstitial Pregnancy.","10.3390/jcm14124238","10.3390_jcm14124238"
"465",488,"Do Birthweight-For-Gestational Age Centiles Predict Serious Neonatal Morbidity and Neonatal Mortality?","10.1111/ppe.70065","10.1111_ppe.70065"
"466",489,"Au@Pt DNA Nanomachine Coupled with Photonic Crystal Microchip Enables High-Fidelity and Portable miRNA Detection.","10.1021/acs.analchem.5c02942","10.1021_acs.analchem.5c02942"
"467",490,"Oral and fecal microbiota as accurate non-invasive tools for detection of pancreatic cancer in the Chinese population.","10.1016/j.canlet.2025.217456","10.1016_j.canlet.2025.217456"
"468",491,"The National Early Warning Score (NEWS) Predicts the 28-Day Mortality in Patients With Severe Fever With Thrombocytopenia Syndrome: A Cross-Sectional Study.","10.1111/jocn.17713","10.1111_jocn.17713"
"469",492,"Integrative Analysis of Fucosylated Tetra Glycoforms in Hepatocellular Carcinoma: A NanoLC-PRM-MS/MS and Machine Learning Approach.","10.1021/acs.jproteome.5c00626","10.1021_acs.jproteome.5c00626"
"470",494,"Comprehensive deep learning-assisted multi-condition analysis of knee MRI studies improves resident radiologist performance.","10.1007/s00330-025-12052-8","10.1007_s00330-025-12052-8"
"471",495,"A renal biopsy-anchored multi-marker signature involving AOPEP SNP-driven splicing, miR-27b-3p and glycated albumin for stratifying renal damage in type 2 diabetes.","10.1016/j.diabres.2025.112460","10.1016_j.diabres.2025.112460"
"472",496,"Diagnostic model for COPD patients with nocardia infection: a study based on clinical features and risk factors.","10.1177/17534666251359139","10.1177_17534666251359139"
"473",497,"Enhanced Risk Stratification in Infective Endocarditis Surgery: A Comprehensive External Validation of All Available Mortality Prediction Scores.","10.2147/CLEP.S566997","10.2147_CLEP.S566997"
"474",498,"New insights on the use of mini nutritional assessment: Impact of alternative calf circumference cutoffs.","10.1016/j.clnu.2025.03.015","10.1016_j.clnu.2025.03.015"
"475",499,"Preoperative systemic inflammatory biomarkers can improve recurrence prediction of non-muscle invasive bladder cancer after endoscopic resection - a prospective observational study.","10.5114/wo.2025.151064","10.5114_wo.2025.151064"
"476",500,"TSH as a novel biomarker for recurrence of hypertriglyceridemia pancreatitis: a clinical predictive tool linking lipid dysregulation to inflammation.","10.1016/j.pan.2025.07.417","10.1016_j.pan.2025.07.417"
"477",501,"Validation of the 9th Tumor, Node, and Metastasis Staging System for Patients with Surgically Resected Non-Small Cell Lung Cancer.","10.1016/j.ejca.2025.115436","10.1016_j.ejca.2025.115436"
"478",502,"Artificial intelligence for the detection of airway nodules in chest CT scans.","10.1007/s00330-025-11468-6","10.1007_s00330-025-11468-6"
"479",503,"Development and validation of a predictive model for COPD: a multicenter study.","10.3389/fmed.2025.1615642","10.3389_fmed.2025.1615642"
"480",504,"Immune cell profiling supports early prediction of sepsis-associated acute kidney disease using a decision tree algorithm.","10.1186/s40364-025-00870-3","10.1186_s40364-025-00870-3"
"481",505,"Thin-slice T2-weighted images and deep-learning-based super-resolution reconstruction: improved preoperative assessment of vascular invasion for pancreatic ductal adenocarcinoma.","10.1186/s13244-025-02022-5","10.1186_s13244-025-02022-5"
"482",506,"Your Patella Dislocated: Will It Happen Again? Key Magnetic Resonance Imaging Differences Between Patients With Multiple Patellar Dislocations and Patients With a One-Time Patellar Dislocation.","10.1177/23259671251356632","10.1177_23259671251356632"
"483",507,"Dynamic prediction of reoffending in individuals given community sentences: Development and validation of a novel risk monitoring assessment tool (oxMore).","10.1037/lhb0000641","10.1037_lhb0000641"
"484",508,"Salivary levels of amyloid beta reflect brain amyloid beta burden in cognitively-normal older adults.","10.1016/j.tjpad.2025.100216","10.1016_j.tjpad.2025.100216"
"485",509,"The relationship between plasma sphingosine-1-phosphate, plasma apolipoprotein M, obesity, and the risk of incident type 2 diabetes: a prospective cohort study.","10.1038/s41366-025-01890-7","10.1038_s41366-025-01890-7"
"486",510,"Development and internal validation of a diagnostic prediction model for life-threatening events in callers with shortness of breath: a cross-sectional study in out-of-hours primary care.","10.3399/BJGP.2024.0538","10.3399_BJGP.2024.0538"
"487",511,"Altered perfusion in the locus coeruleus of patients with chronic migraine: a pilot 3D-PCASL study.","10.1007/s11682-025-01020-x","10.1007_s11682-025-01020-x"
"488",512,"Leveraging Machine Learning and Real-World Data to Predict Chronic Obstructive Pulmonary Disease Exacerbations.","10.2147/COPD.S536395","10.2147_COPD.S536395"
"489",513,"Misleading Results in Posttraumatic Stress Disorder Predictive Models Using Electronic Health Record Data: Algorithm Validation Study.","10.2196/63352","10.2196_63352"
"490",514,"Radiologic assessment of third molar development and cervical vertebral maturation to validate age of majority in a Mexican population.","10.1007/s00414-025-03450-0","10.1007_s00414-025-03450-0"
"491",515,"Analysis of pathogen distribution and serum procalcitonin level alterations in patients with type 2 diabetes mellitus complicated by urinary tract infections.","10.3389/fendo.2025.1609966","10.3389_fendo.2025.1609966"
"492",517,"Development and external validation of a machine learning model to predict the initial dose of vancomycin for targeting an area under the concentration-time curve of 400-600 mg∙h/L.","10.1016/j.ijmedinf.2025.105817","10.1016_j.ijmedinf.2025.105817"
"493",518,"Diagnostic value of serum TGF-β1 and CysC in type 2 diabetic kidney disease: a cross-sectional study.","10.3389/fmed.2025.1529648","10.3389_fmed.2025.1529648"
"494",519,"The value of MRI radiomics in distinguishing different types of spinal infections.","10.1016/j.cmpb.2025.108719","10.1016_j.cmpb.2025.108719"
"495",520,"Machine learning prediction of perineural invasion in intrahepatic cholangiocarcinoma.","10.1016/j.ejso.2025.110203","10.1016_j.ejso.2025.110203"
"496",521,"Glucose to albumin ratio as a new predictor of postoperative pressure ulcers and hospital length of stay in geriatric hip fracture patients.","10.3389/fnut.2025.1639306","10.3389_fnut.2025.1639306"
"497",522,"When can coronary computed tomography angiography in patients with calcified plaque be accurate?","10.3389/fcvm.2025.1570517","10.3389_fcvm.2025.1570517"
"498",523,"Risk factors for Early (Three-Month) Postoperative Mortality in Metastatic Spine Tumor Surgery: A JASA Multicenter Prospective Study.","10.1097/BRS.0000000000005359","10.1097_BRS.0000000000005359"
"499",524,"Predicting work ability impairment in post COVID-19 patients: a machine learning model based on clinical parameters.","10.1007/s15010-024-02459-8","10.1007_s15010-024-02459-8"
"500",525,"End-to-end prognostication in pancreatic cancer by multimodal deep learning: a retrospective, multicenter study.","10.1007/s00330-025-11694-y","10.1007_s00330-025-11694-y"
"501",526,"Development of an interpretable machine learning model for predicting sarcopenia in patients undergoing maintenance hemodialysis.","10.3389/fmed.2025.1576081","10.3389_fmed.2025.1576081"
"502",527,"New approach to specific Alzheimer's disease diagnosis based on plasma biomarkers in a cognitive disorder cohort.","10.1111/eci.70034","10.1111_eci.70034"
"503",528,"An interpretable machine learning model for predicting mortality risk in adult ICU patients with acute respiratory distress syndrome.","10.3389/fmed.2025.1580345","10.3389_fmed.2025.1580345"
"504",529,"TB or not TB? Development and validation of a clinical decision support system to inform airborne isolation requirements in the evaluation of suspected tuberculosis.","10.1017/ice.2024.214","10.1017_ice.2024.214"
"505",530,"Predicting survival outcomes in renal cell carcinoma spinal metastases: a multicenter evaluation of existing prognostic systems.","10.1016/j.spinee.2025.05.025","10.1016_j.spinee.2025.05.025"
"506",532,"Comprehensive Non-invasive Versus Invasive Approach to Evaluate Cardiac Allograft Vasculopathy in Heart Transplantation: The CCTA-HTx Study.","10.1161/CIRCIMAGING.124.017197","10.1161_CIRCIMAGING.124.017197"
"507",533,"Reserve of global constructive work for early diagnosis of myocardial ischemia and risk stratification in chronic coronary syndrome.","10.3389/fcvm.2025.1598453","10.3389_fcvm.2025.1598453"
"508",534,"Diagnostic validity of Handgrip strength for ICU-acquired weakness in Mexican population.","10.1016/j.jbmt.2025.09.025","10.1016_j.jbmt.2025.09.025"
"509",535,"Development of a nomogram for predicting the intraperitoneal rupture of necrotic collection in patients with necrotizing pancreatitis.","10.3389/fmed.2025.1607829","10.3389_fmed.2025.1607829"
"510",536,"Severity Indices of Diquat Poisoning for Triage and Prognosis in Acute Diquat Poisoning: A Multicenter Prospective Cohort Study.","10.1016/j.annemergmed.2025.02.022","10.1016_j.annemergmed.2025.02.022"
"511",537,"DTGHAT: multi-molecule heterogeneous graph transformer based on multi-molecule graph for drug-target identification.","10.3389/fphar.2025.1596216","10.3389_fphar.2025.1596216"
"512",538,"Machine Learning-Based CT Radiomics Model to Predict the Risk of Hip Fragility Fracture.","10.1016/j.acra.2025.01.023","10.1016_j.acra.2025.01.023"
"513",539,"Best Machine Learning Model for Predicting Axial Symptoms After Unilateral Laminoplasty: Based on C2 Spinous Process Muscle Radiomics Features and Sagittal Parameters.","10.1177/21925682251366947","10.1177_21925682251366947"
"514",540,"Building a pre-surgical multiparametric-MRI-based morphologic, qualitative, semiquantitative, first and high-order radiomic predictive treatment response model for undifferentiated pleomorphic sarcoma to replace RECIST.","10.1186/s40644-025-00873-1","10.1186_s40644-025-00873-1"
"515",541,"Validation of new predictors of mortality and BODE index variants in patients with COPD at moderate altitude.","10.1183/23120541.00333-2024","10.1183_23120541.00333-2024"
"516",542,"A 48-hour Symptom Threshold Predicts Perforated Appendicitis: Development of a Clinical Risk Model.","10.1002/wjs.70062","10.1002_wjs.70062"
"517",543,"Deep learning-based post-hoc noise reduction improves quarter-radiation-dose coronary CT angiography.","10.1016/j.ejrad.2025.112232","10.1016_j.ejrad.2025.112232"
"518",544,"Development and validation of a nomogram for cerebral hemorrhage in patients with carotid stenosis undergoing stenting: a multicenter retrospective study.","10.1136/jnis-2024-022022","10.1136_jnis-2024-022022"
"519",545,"Association between serum GFAP, BDNF and NfL levels and clinical symptoms in restless legs syndrome: a case-control study.","10.1016/j.sleep.2025.106694","10.1016_j.sleep.2025.106694"
"520",546,"Cutoff value for Pediatric Weakness Scale for diagnosis of pediatric weakness.","10.1016/j.joim.2025.11.002","10.1016_j.joim.2025.11.002"
"521",547,"Differentiating pancreatic from periampullary non-pancreatic cancer: a nomogram-based prediction model utilizing CT imaging.","10.1186/s40644-025-00917-6","10.1186_s40644-025-00917-6"
"522",548,"Longitudinal twin growth discordance patterns and adverse perinatal outcomes.","10.1016/j.ajog.2024.12.029","10.1016_j.ajog.2024.12.029"
"523",549,"Construction of a nomogram model for predicting residual or recurrent cervical intraepithelial neoplasia after the loop electrosurgical excision procedure.","10.1093/ajcp/aqaf125","10.1093_ajcp_aqaf125"
"524",550,"Clinical Features and Physiological Signals Fusion Network for Mechanical Circulatory Support Need Prediction in Pediatric Cardiac Intensive Care Unit.","10.1109/JBHI.2024.3510217","10.1109_JBHI.2024.3510217"
"525",551,"Diagnostic Accuracy of Ultrasound in Carpal Tunnel Syndrome: Analysis of Established and Novel Parameters.","10.1093/bjr/tqaf292","10.1093_bjr_tqaf292"
"526",552,"Cognitive measures predict falls in Parkinson's disease: Insights from the CYCLE-II cohort.","10.1016/j.parkreldis.2025.107328","10.1016_j.parkreldis.2025.107328"
"527",553,"Circulating inflammation-related proteome improves cardiovascular risk prediction. Results from two large European cohort studies.","10.1007/s10654-025-01285-y","10.1007_s10654-025-01285-y"
"528",554,"Application of a modified lung ultrasound score in assessing the severity of neonatal pneumonia: a multicenter prospective study.","10.3389/fmed.2025.1711107","10.3389_fmed.2025.1711107"
"529",555,"Progesterone decline threshold in predicting early pregnancy loss: a retrospective study.","10.3389/fendo.2025.1611257","10.3389_fendo.2025.1611257"
"530",556,"Machine learning-driven ultrasound radiomics for assessing axillary lymph node burden in breast cancer.","10.3389/fendo.2025.1548888","10.3389_fendo.2025.1548888"
"531",557,"Spatiotemporal dynamics of computed tomography perfusion (CTP) parameters following aneurysmal subarachnoid hemorrhage (SAH).","10.1177/0271678X251361254","10.1177_0271678X251361254"
"532",558,"Multi-Centre External Validation of a Nomogram for 10-Year Periodontal Tooth Loss Prediction.","10.1111/jcpe.14143","10.1111_jcpe.14143"
"533",559,"Individual radiosensitivity testing in 2025: Current advances and future directions for personalized radiotherapy.","10.1016/j.critrevonc.2025.104948","10.1016_j.critrevonc.2025.104948"
"534",561,"Prognostic nutritional index is useful for predicting the prognosis of patients with infective endocarditis undergoing surgery: a retrospective study.","10.3389/fnut.2025.1685875","10.3389_fnut.2025.1685875"
"535",562,"Advanced radiomic prediction of osteoporosis in primary hyperparathyroidism: a machine learning-based analysis of CT images.","10.1007/s11547-025-02004-z","10.1007_s11547-025-02004-z"
"536",563,"A quantitative SPECT/CT metric for diagnosing transthyretin cardiac amyloidosis: multicenter study on biopsy-confirmed cases.","10.1007/s00259-025-07294-z","10.1007_s00259-025-07294-z"
"537",564,"Lymph Node Invasion Prediction in Prostate Cancer: A Comparative Machine-Learning Study.","10.1245/s10434-025-18761-0","10.1245_s10434-025-18761-0"
"538",565,"Acute stroke risk prediction model based on dual-energy CTA-derived carotid plaque, perivascular adipose tissue characteristics, and serum lipid parameters: a dual-center study.","10.1007/s00234-025-03723-w","10.1007_s00234-025-03723-w"
"539",566,"Development and validation of a risk-prediction model for adverse drug reactions in real-world cancer patients treated with anlotinib.","10.1177/20420986251328687","10.1177_20420986251328687"
"540",567,"Construction and evaluation of leukemia suicide risk predictive model based on SEER database.","10.3389/fpsyt.2025.1506550","10.3389_fpsyt.2025.1506550"
"541",569,"Response inhibition deficits in unmedicated youth with ADHD: An ERP/sLORETA study.","10.1016/j.jad.2025.119880","10.1016_j.jad.2025.119880"
"542",570,"Prognostic scores in patients with severe tricuspid regurgitation: An external validation study.","10.1111/eci.14379","10.1111_eci.14379"
"543",571,"Generation of explainable QSAR models for predicting chemical-induced urinary tract toxicity.","10.1016/j.fct.2025.115922","10.1016_j.fct.2025.115922"
"544",572,"Development and Internal Evaluation of AI-Assisted Cervical Muscle-Based Scores (FUNC-RISK) in Head and Neck Cancer: A Pilot Study.","10.3390/cancers17243968","10.3390_cancers17243968"
"545",573,"Visceral Adiposity Index Is Associated With Cardiometabolic Multimorbidity and Improves Risk Prediction: The English Longitudinal Study of Ageing.","10.1016/j.mayocp.2025.09.021","10.1016_j.mayocp.2025.09.021"
"546",574,"Benchtop Vis-NIR spectroscopy meets machine learning for multi-task analysis in Hongmeiren citrus: Geographical origin identification and antioxidant component quantification.","10.1016/j.foodchem.2025.145007","10.1016_j.foodchem.2025.145007"
"547",575,"Exploring the prognostic value of combined assessment of bone marrow plasma cell morphology, Vitamin D, and interleukin-6 in multiple myeloma.","10.3389/fmed.2025.1593130","10.3389_fmed.2025.1593130"
"548",576,"MRI ensemble model of plaque and perivascular adipose tissue as PET-equivalent for identifying carotid atherosclerotic inflammation.","10.1186/s13550-025-01293-9","10.1186_s13550-025-01293-9"
"549",577,"Contrast-enhanced subtraction CT accurately and reproducibly assesses fibrous cap status associated with symptomatic carotid stenosis.","10.1136/jnis-2025-023892","10.1136_jnis-2025-023892"
"550",578,"Effects of short-term climatic conditions on the risk of bovine respiratory disease in preweaned calves on California dairies.","10.1016/j.prevetmed.2025.106658","10.1016_j.prevetmed.2025.106658"
"551",579,"Development and evaluation of robotic detection technology for assessing autism.","10.3389/fpsyt.2025.1636560","10.3389_fpsyt.2025.1636560"
"552",580,"Development and validation of a nomogram for predicting bleeding risk in patients with pulmonary embolism.","10.3389/fmed.2025.1692156","10.3389_fmed.2025.1692156"
"553",581,"The impact of diabetes on Sepsis-induced cardiomyopathy.","10.1016/j.diabres.2025.112001","10.1016_j.diabres.2025.112001"
"554",582,"Predicting central lymph node metastasis in papillary thyroid microcarcinoma: a breakthrough with interpretable machine learning.","10.3389/fendo.2025.1537386","10.3389_fendo.2025.1537386"
"555",584,"Factors influencing the selection of an SGLT2i vs. a GLP-1RA as cardioprotective agent in patients with type 2 diabetes.","10.3389/fcvm.2025.1606198","10.3389_fcvm.2025.1606198"
"556",585,"Synthetic MRI as a T2WI alternative in bp-MRI: comparable image quality and improved PI-RADS performance.","10.1016/j.ejrad.2025.112414","10.1016_j.ejrad.2025.112414"
"557",586,"Bidimensional shear wave spleen elastography for diagnosis and grading of esophageal varices in children with portal hypertension.","10.1007/s00247-025-06351-x","10.1007_s00247-025-06351-x"
"558",587,"Uric acid and HDL-C-derived inflammatory ratios as biomarkers in schizophrenia and major depressive disorder: a retrospective study.","10.3389/fpsyt.2025.1698455","10.3389_fpsyt.2025.1698455"
"559",588,"Web-based machine learning application for ambulation prognosis in the rehabilitation phase of spinal cord injury: a retrospective multicenter cohort study.","10.1038/s41393-025-01157-y","10.1038_s41393-025-01157-y"
"560",589,"Developing federated time-to-event scores using heterogeneous real-world survival data.","10.1016/j.compbiomed.2025.111084","10.1016_j.compbiomed.2025.111084"
"561",591,"Prediction of Umami Peptides Based on a Large Language Model of Proteins.","10.1021/acs.jcim.4c02394","10.1021_acs.jcim.4c02394"
"562",592,"ASSESSMENT OF EARLY INDICATORS FOR SEPSIS DEVELOPMENT IN MULTIPLE TRAUMA PATIENTS-THE SEPSIS AS TRAUMA OUTCOME PREDICTION (STOP) SCORE.","10.1097/SHK.0000000000002626","10.1097_SHK.0000000000002626"
"563",593,"Nomogram vs. Depth of invasion for predicting occult lymph node metastasis in cT1-2N0 buccal squamous cell carcinoma.","10.1016/j.oraloncology.2025.107206","10.1016_j.oraloncology.2025.107206"
"564",594,"Photoacoustic oxygenation imaging to identify ischemia/hypoxia injury and necrosis of intestine after acute intussusception: A comparative study with CDFI/CEUS.","10.1016/j.pacs.2025.100706","10.1016_j.pacs.2025.100706"
"565",596,"IsoPSA density improves risk stratification and biopsy decision-making for clinically significant prostate cancer.","10.1016/j.urolonc.2025.09.001","10.1016_j.urolonc.2025.09.001"
"566",597,"Prognostic value of red cell distribution width-to-albumin ratio in septic patients with malignancies: A retrospective cohort study based on the MIMIC-IV database.","10.1177/00368504251370990","10.1177_00368504251370990"
"567",598,"Developing Predictive Models for Periodontitis Progression Using Artificial Intelligence: A Longitudinal Cohort Study.","10.1111/jcpe.14194","10.1111_jcpe.14194"
"568",599,"Mechanical power density, spontaneous breathing indexes, and weaning readiness following prolonged mechanical ventilation.","10.1016/j.rmed.2025.107943","10.1016_j.rmed.2025.107943"
"569",600,"Development and validation of an AI-driven radiomics model using non-enhanced CT for automated severity grading in chronic pancreatitis.","10.1007/s00330-025-11776-x","10.1007_s00330-025-11776-x"
"570",601,"Unveiling sex difference in factors associated with suicide attempt among Chinese adolescents with depression: a machine learning-based study.","10.1080/09638237.2025.2478374","10.1080_09638237.2025.2478374"
"571",602,"A New Instrument for Assessing Cognitive Decline and Dementia: Results on the Classification Accuracy of the MODEMM in a Romanian Clinical and Community Sample.","10.1177/10731911251389197","10.1177_10731911251389197"
"572",603,"The associations of insomnia symptoms and clinical features as well as blood metabolic parameters in adolescents with major depressive disorders.","10.1007/s00406-025-02113-w","10.1007_s00406-025-02113-w"
"573",604,"CLOX and neurotox: Utility of the clock drawing task in monitoring for immune effector cell-associated neurotoxicity syndrome following chimeric antigen receptor T-cell therapy.","10.1111/bjh.70044","10.1111_bjh.70044"
"574",605,"Applicability of cCR assessment criteria in pMMR rectal cancer patients treated with neoadjuvant chemoradiotherapy combined with immunotherapy.","10.1097/JS9.0000000000002795","10.1097_JS9.0000000000002795"
"575",606,"AttMVGraph: Attention-Based Multimodal Fusion and Variational Graph Learning for SM-miRNA Association Prediction.","10.1021/acs.jcim.5c02322","10.1021_acs.jcim.5c02322"
"576",607,"Random forest-driven mortality prediction in critical IBD care: a dual-database model integrating comorbidity patterns and real-time physiometrics.","10.3389/fmed.2025.1624899","10.3389_fmed.2025.1624899"
"577",608,"Insights From Inputs: Enhancing Revision Total Joint Arthroplasty Resource Allocation With Machine Learning Prediction.","10.1016/j.arth.2025.04.072","10.1016_j.arth.2025.04.072"
"578",609,"Diagnostic accuracy of screening questionnaires for obstructive sleep apnea in psychiatric patients.","10.1016/j.jpsychires.2025.04.026","10.1016_j.jpsychires.2025.04.026"
"579",610,"Mixed-effects additive Bayesian networks for the assessment of ruptured intracranial aneurysms: Insights from multicenter data.","10.1016/j.compbiomed.2025.111380","10.1016_j.compbiomed.2025.111380"
"580",611,"Multimodal Data-Driven Explainable Prognostic Model for Major Adverse Cardiovascular Events Prediction in Patients With Unstable Angina and Heart Failure With Preserved Ejection Fraction: Multicenter, Cross-Regional Cohort Study.","10.2196/78402","10.2196_78402"
"581",612,"Diffusion along Perivascular Spaces as a Marker for Glymphatic System Impairment in Huntington's Disease.","10.1002/mds.30194","10.1002_mds.30194"
"582",613,"AutoFRS: an externally validated, annotation-free approach to computational preoperative complication risk stratification in pancreatic surgery - an experimental study.","10.1097/JS9.0000000000002327","10.1097_JS9.0000000000002327"
"583",615,"Ventilation and Perfusion Defects on Phase-Resolved Functional Lung (PREFUL) MRI Predict Silicosis Progression: A Prospective Pilot Study.","10.1002/jmri.70183","10.1002_jmri.70183"
"584",616,"Superior diagnostic performance of high frame rate Contrast-Enhanced ultrasound (HiFR-CEUS) for small focal liver lesions (≤3 cm): A multicenter study.","10.1016/j.ejrad.2025.112527","10.1016_j.ejrad.2025.112527"
"585",617,"UBTF facilitates acute myeloid leukemia development and immune escape via PD-L1 regulation.","10.1016/j.intimp.2025.114433","10.1016_j.intimp.2025.114433"
"586",618,"Visceral obesity anthropometric indicators as predictors of acute pancreatitis severity.","10.3389/fmed.2025.1536090","10.3389_fmed.2025.1536090"
"587",619,"Dental Composite Performance Prediction Using Artificial Intelligence.","10.1177/00220345241311888","10.1177_00220345241311888"
"588",620,"Comparing Single-Hospital and National Models to Predict 30-Day Inpatient Mortality.","10.1007/s11606-024-09315-3","10.1007_s11606-024-09315-3"
"589",621,"Automated detection and recognition of oocyte toxicity by fusion of latent and observable features.","10.1016/j.jhazmat.2025.138411","10.1016_j.jhazmat.2025.138411"
"590",622,"Integrated analysis of N-glycosylation and Alzheimer's disease: identifying key biomarkers and mechanisms.","10.3389/fnagi.2025.1597511","10.3389_fnagi.2025.1597511"
"591",623,"Construction of anti-tumor immune gene signature for HNSCC and identification of 4'-Hydroxywogonin as a potential immunotherapy combination drug.","10.1186/s12935-025-03910-y","10.1186_s12935-025-03910-y"
"592",624,"Home-based urinary sodium monitoring via point-of-care testing for personalized diuretic titration in heart failure management: The EASY-STOP study.","10.1002/ejhf.3693","10.1002_ejhf.3693"
"593",625,"Integrating CT radiomics and clinical data with machine learning to predict fibrosis progression in coalworker pneumoconiosis.","10.3389/fmed.2025.1599739","10.3389_fmed.2025.1599739"
"594",626,"Macrotrabecular-massive subtype in hepatocellular carcinoma based on contrast-enhanced CT: deep learning outperforms machine learning.","10.1186/s13244-025-02063-w","10.1186_s13244-025-02063-w"
"595",627,"Validation of the MASC-20 and Development of a Short Form to Assess Suicide Risk in Cancer Patients.","10.1016/j.jpainsymman.2025.06.001","10.1016_j.jpainsymman.2025.06.001"
"596",628,"Predicting carbapenem-resistant Enterobacteriaceae infections in pediatric liver transplant recipients.","10.1007/s12519-025-00973-9","10.1007_s12519-025-00973-9"
"597",629,"High-throughput LDI MS technology decodes the distinct metabolic landscape of prostate cancer in a large-scale cohort.","10.1186/s40364-025-00804-z","10.1186_s40364-025-00804-z"
"598",630,"Machine learning-based prediction of carotid intima-media thickness progression: a three-year prospective cohort study.","10.3389/fmed.2025.1593662","10.3389_fmed.2025.1593662"
"599",631,"Functional connectivity anomalies in medication-naive children with ADHD: Diagnostic potential, symptoms interpretation, and a mediation model.","10.1016/j.clinph.2025.04.011","10.1016_j.clinph.2025.04.011"
"600",632,"Defining the Minimal Clinically Important Improvement, Substantial Clinical Benefit, and Patient Acceptable Symptom State for the iHOT-12, HOOS, and HOOSglobal in the Nonoperative Management of Nonarthritic Hip-Related Pain.","10.1177/03635465251325466","10.1177_03635465251325466"
"601",633,"Prediction of Cardiovascular Events Using Fully Automated Global Longitudinal and Circumferential Strain in Patients Undergoing Stress CMR.","10.1161/CIRCIMAGING.125.018350","10.1161_CIRCIMAGING.125.018350"
"602",634,"Heterogeneity in prognosis for early-stage hepatocellular carcinoma after hepatectomy: A multicenter analysis of 4,623 patients across five major staging systems.","10.1016/j.ejso.2025.110383","10.1016_j.ejso.2025.110383"
"603",635,"FEV1 and DLCO predicting general complications but not prolonged air leaks in pulmonary segmentectomy.","10.1177/17534666251341777","10.1177_17534666251341777"
"604",636,"Analysis of independent risk factors and construction of a predictive model for thyroid dysfunction in early pregnancy.","10.3389/fendo.2025.1631445","10.3389_fendo.2025.1631445"
"605",637,"Ultrasound cardiac output monitoring compared to the renal angina index for early prediction of pediatric acute kidney injury.","10.1007/s00467-025-07055-y","10.1007_s00467-025-07055-y"
"606",638,"Development and validation of prediction model for vitamin D deficiency in Chinese college students (a dynamic online nomogram predicting vitamin D deficiency for Chinese college students).","10.1186/s41043-025-00871-w","10.1186_s41043-025-00871-w"
"607",639,"Impact of high hemoglobin levels on carotid artery intima-media thickness and its predictive value for hypertension in high-altitude areas: a real-world study.","10.3389/fcvm.2024.1429112","10.3389_fcvm.2024.1429112"
"608",640,"Artificial intelligence-based multimodal framework for non-invasive detection of digital eye strain using thermal imaging and behavioral metrics.","10.1016/j.jtherbio.2025.104280","10.1016_j.jtherbio.2025.104280"
"609",641,"The Role of Machine Learning to Detect Occult Neck Lymph Node Metastases in Early-Stage (T1-T2/N0) Oral Cavity Carcinomas.","10.1002/hed.28189","10.1002_hed.28189"
"610",642,"High-fidelity telomerase activity assay based on light-triggered nucleic acid separation system for the diagnosis of bladder cancer.","10.1016/j.bios.2025.117355","10.1016_j.bios.2025.117355"
"611",643,"Myocardial work in Chagas disease: comparative analysis with conventional parameters in different cardiac clinical stages.","10.3389/fcvm.2025.1688931","10.3389_fcvm.2025.1688931"
"612",644,"Using Machine Learning to Predict the Prognosis of Cervical Cancer Patients with Lymph Node Metastasis: An Analysis Based on the SEER Database.","10.1007/s43032-025-01856-0","10.1007_s43032-025-01856-0"
"613",645,"Infarct-Related Myocardial Resistance Before Reperfusion in Patients With Acute Myocardial Infarction to Predict Microvascular Injury and Clinical Outcomes.","10.1002/ccd.70338","10.1002_ccd.70338"
"614",646,"Cerebrospinal Fluid Proenkephalin Predicts Striatal Atrophy Decades before Clinical Motor Diagnosis in Huntington's Disease.","10.1002/mds.70062","10.1002_mds.70062"
"615",647,"Anti-Acetylcholine Receptor Antibodies in Tear for the Diagnosis of Ocular Myasthenia Gravis.","10.1016/j.ajo.2025.05.013","10.1016_j.ajo.2025.05.013"
"616",648,"Dementia and MCI Detection Based on Comprehensive Facial Expression Analysis From Videos During Conversation.","10.1109/JBHI.2025.3526553","10.1109_JBHI.2025.3526553"
"617",649,"Predictive Laboratory Markers for Gastrointestinal Complications in Children with Henoch-Schönlein Purpura.","10.2147/JMDH.S499808","10.2147_JMDH.S499808"
"618",650,"Multilayer perceptron deep learning radiomics model based on Gd-BOPTA MRI to identify vessels encapsulating tumor clusters in hepatocellular carcinoma: a multi-center study.","10.1186/s40644-025-00895-9","10.1186_s40644-025-00895-9"
"619",652,"Predictive models to determine best strategy for metaphylaxis application in cattle at arrival to a feedyard.","10.1016/j.prevetmed.2025.106572","10.1016_j.prevetmed.2025.106572"
"620",653,"Development and validation of a nomogram for early prediction of sepsis-induced coagulopathy: a multicenter study.","10.3389/fmed.2025.1653699","10.3389_fmed.2025.1653699"
"621",654,"Does RSClin provide additional information over classic clinico-pathologic scores (PREDICT 2.1, INFLUENCE 2.0, CTS5)?","10.1016/j.breast.2025.104528","10.1016_j.breast.2025.104528"
"622",655,"Identification of a gene signature and prediction of overall survival of patients with stage IV colorectal cancer using a novel machine learning approach.","10.1016/j.ejso.2025.109718","10.1016_j.ejso.2025.109718"
"623",656,"Machine learning improves post-transplantation HCC recurrence prediction.","10.1097/LVT.0000000000000685","10.1097_LVT.0000000000000685"
"624",657,"Integration of Single-Cell Analysis and Bulk RNA Sequencing Data Using Multi-Level Attention Graph Neural Network for Precise Prognostic Stratification in Thyroid Cancer.","10.3390/cancers17142411","10.3390_cancers17142411"
"625",658,"Clinical-radiomics nomogram construction from magnetic resonance imaging to diagnose osteoporosis: a preliminary study.","10.1007/s00586-025-08978-8","10.1007_s00586-025-08978-8"
"626",659,"Predicting acute kidney injury in trauma using an extreme gradient boosting model.","10.1093/ckj/sfaf002","10.1093_ckj_sfaf002"
"627",661,"Personalized prediction of psoriasis relapse post-biologic discontinuation: a machine learning-driven population cohort study.","10.1080/09546634.2025.2480743","10.1080_09546634.2025.2480743"
"628",662,"Machine learning models for enhanced diagnosis and risk assessment of prostate cancer with 68Ga-PSMA-617 PET/CT.","10.1016/j.ejrad.2025.112063","10.1016_j.ejrad.2025.112063"
"629",663,"Advancing Non-Invasive Diagnosis of Oral Epithelial Dysplasia: Comparative Insights from In Vivo Optical Coherence Tomography and Histopathology.","10.3390/jcm14041118","10.3390_jcm14041118"
"630",664,"Towards automating risk stratification of intraductal papillary mucinous Neoplasms: Artificial intelligence advances beyond human expertise with confocal laser endomicroscopy.","10.1016/j.pan.2025.05.011","10.1016_j.pan.2025.05.011"
"631",665,"Machine-Learning Models With Multiple Imputation With Sequential Nearest Neighbors Imputation for Predicting the Prognosis of Idiopathic Sudden Sensorineural Hearing Loss Patients.","10.1097/AUD.0000000000001711","10.1097_AUD.0000000000001711"
"632",666,"Validity and Utility of a Risk Prediction Model for Wound Infection After Lower Third Molar Surgery.","10.1111/odi.15243","10.1111_odi.15243"
"633",667,"Risk factor analysis and nomogram for predicting massive postoperative gastrointestinal bleeding in patients with Crohn's disease: a multicenter retrospective study.","10.3389/fmed.2025.1586969","10.3389_fmed.2025.1586969"
"634",668,"Control of dental calculus Prevents severe Radiation-Induced oral mucositis in patients undergoing radiotherapy for nasopharyngeal carcinoma.","10.1016/j.radonc.2025.110872","10.1016_j.radonc.2025.110872"
"635",669,"Asthma exacerbation comorbidity index (AECI): Predicting in-hospital adverse outcomes.","10.1016/j.rmed.2025.108024","10.1016_j.rmed.2025.108024"
"636",670,"Prediction of malignancy risk in Bethesda III nodules: development and validation of multiple machine learning models.","10.3389/fendo.2025.1655828","10.3389_fendo.2025.1655828"
"637",671,"Immunofluorescent analysis of exosomes using a microchip filled with transparent antibody-conjugated beads for breast cancer liquid biopsy.","10.1016/j.aca.2025.343743","10.1016_j.aca.2025.343743"
"638",672,"Abdominal perfusion pressure is critical for survival analysis in patients with intra-abdominal hypertension: mortality prediction using incomplete data.","10.1097/JS9.0000000000002026","10.1097_JS9.0000000000002026"
"639",673,"Correlation between liver fibrosis in non-alcoholic fatty liver disease and insulin resistance indicators: a cross-sectional study from NHANES 2017-2020.","10.3389/fendo.2025.1514093","10.3389_fendo.2025.1514093"
"640",674,"Development and validation of a risk prediction model for diabetic kidney disease in patients with diabetic retinopathy.","10.3389/fendo.2025.1499866","10.3389_fendo.2025.1499866"
"641",675,"Development and Validation of a Novel Prediction Model for Hearing Loss From Cisplatin Chemotherapy.","10.1200/JCO-24-01861","10.1200_JCO-24-01861"
"642",676,"Exploration of imaging and molecular biomarkers for differentiation of neuropathic corneal pain from dry eye syndrome.","10.1016/j.jtos.2025.08.002","10.1016_j.jtos.2025.08.002"
"643",677,"Exosomal miR-182-5p is a potential diagnostic marker for malignant pleural effusion.","10.21037/tlcr-2024-1205","10.21037_tlcr-2024-1205"
"644",679,"Multicenter study on CT-based Radiomics for predicting severity and delayed recovery in Mycoplasma pneumoniae pneumonia.","10.3389/fmed.2025.1652653","10.3389_fmed.2025.1652653"
"645",680,"Morphometric and radiomics analysis toward the prediction of epilepsy associated with supratentorial low-grade glioma in children.","10.1186/s40644-025-00881-1","10.1186_s40644-025-00881-1"
"646",681,"The impact of clinical history on the predictive performance of machine learning and deep learning models for renal complications of diabetes.","10.1016/j.cmpb.2025.108812","10.1016_j.cmpb.2025.108812"
"647",682,"Patient Personality Influences Early Overall Satisfaction Following Primary Total Hip and Knee Arthroplasty.","10.1016/j.arth.2025.03.083","10.1016_j.arth.2025.03.083"
"648",683,"A novel pN stage prediction model for resectable rectal adenocarcinoma based on preoperative MRI features and multiregional apparent diffusion coefficients.","10.1007/s00330-025-11528-x","10.1007_s00330-025-11528-x"
"649",684,"Complication Trajectories in Total Pharyngolaryngectomy: Comprehensive Complication Index Analysis.","10.1002/lary.32149","10.1002_lary.32149"
"650",685,"Identification and discrimination of human keratinized tissues using ATR-FTIR and chemometrics.","10.1016/j.forsciint.2024.112356","10.1016_j.forsciint.2024.112356"
"651",686,"Mining the risk: early cardiovascular detection in workers.","10.3389/fmed.2025.1678172","10.3389_fmed.2025.1678172"
"652",687,"Integrating CNN and Bi-LSTM for protein succinylation sites prediction based on Natural Language Processing technique.","10.1016/j.compbiomed.2025.109664","10.1016_j.compbiomed.2025.109664"
"653",688,"Classification of skeletal discrepancies by machine learning based on three-dimensional facial scans.","10.1016/j.ijom.2025.03.003","10.1016_j.ijom.2025.03.003"
"654",689,"Traditional versus modern approaches to screening mammography: a comparison of computer-assisted detection for synthetic 2D mammography versus an artificial intelligence algorithm for digital breast tomosynthesis.","10.1007/s10549-024-07589-z","10.1007_s10549-024-07589-z"
"655",690,"Intrapleural tissue plasminogen activator and deoxyribonuclease in complex pleural effusion and empyema, clinical outcomes, and predictors.","10.1177/17534666251343711","10.1177_17534666251343711"
"656",691,"Online risk scores for pre- and postoperative prediction of early recurrence in hepatocellular carcinoma patients undergoing conversion liver resection after tyrosine kinase inhibitors and immune checkpoint inhibitors therapy.","10.1016/j.ejso.2025.110220","10.1016_j.ejso.2025.110220"
"657",692,"Predicting symptom worsening in remitted depression on maintenance pharmacotherapy using digital biomarkers: A prognostic modeling study using machine learning.","10.1016/j.jad.2025.119703","10.1016_j.jad.2025.119703"
"658",693,"Development and validation of a fusion model based on multi-phase contrast CT radiomics combined with clinical features for predicting Ki-67 expression in gastric cancer.","10.3892/br.2025.1996","10.3892_br.2025.1996"
"659",694,"The clinical prediction model to distinguish between colonization and infection by Klebsiella pneumoniae.","10.3389/fmicb.2024.1508030","10.3389_fmicb.2024.1508030"
"660",695,"Protective and risk factors in daily life associated with cognitive decline of older adults.","10.3389/fnagi.2025.1496677","10.3389_fnagi.2025.1496677"
"661",696,"Performance of AI-based machine learning models for overall survival prediction in advanced hepatocellular carcinoma patients receiving immunoradiotherapy.","10.3389/fphar.2025.1719479","10.3389_fphar.2025.1719479"
"662",697,"AI Predictive Model of Mortality and Intensive Care Unit Admission in the COVID-19 Pandemic: Retrospective Population Cohort Study of 12,000 Patients.","10.2196/70674","10.2196_70674"
"663",698,"Comparison of the time-dependent discriminatory accuracy of femoral strength and bone mineral density for predicting future hip and major osteoporotic fractures: a 16-year follow-up of the AGES-Reykjavik cohort.","10.1007/s00198-025-07503-3","10.1007_s00198-025-07503-3"
"664",699,"Development and validation of an intraoperative perforation prediction scoring system for endoscopic resection of gastric gastrointestinal stromal tumors.","10.1007/s00464-025-12101-9","10.1007_s00464-025-12101-9"
"665",700,"Development and calibration of the 2023 Australian cardiovascular disease risk prediction equations: a model updating study.","10.5694/mja2.52718","10.5694_mja2.52718"
"666",701,"Predicting atrial fibrillation in patients with acute respiratory failure using machine learning: application of the MIMIC-III and MIMIC-IV datasets.","10.3389/fcvm.2025.1696609","10.3389_fcvm.2025.1696609"
"667",702,"Exploring hypoxia- and cuproptosis-related biomarkers in periodontitis based on transcriptome and single-cell analysis.","10.1007/s00784-025-06677-8","10.1007_s00784-025-06677-8"
"668",704,"Assessing children who are acutely ill in general practice using the National PEWS and LqSOFA clinical scores: a retrospective cohort study.","10.3399/BJGP.2023.0638","10.3399_BJGP.2023.0638"
"669",705,"Comparative Analysis of 3 Machine Learning Methods for Identifying Minimal Predictors of Patellofemoral Instability Risk Factors.","10.1177/23259671251358390","10.1177_23259671251358390"
"670",706,"The occurrence of and risk factors for depressive symptomatology in myocarditis survivors: a cross-sectional survey-based study using machine learning.","10.3389/fpsyt.2025.1581314","10.3389_fpsyt.2025.1581314"
"671",707,"Genomic and Clinical Predictors of Conversion in Initially Unresectable Colorectal Cancer Liver Metastases.","10.1245/s10434-025-17809-5","10.1245_s10434-025-17809-5"
"672",708,"Convolutional neural network-based differentiation of intraocular inflammatory cells with ultrahigh-resolution OCT.","10.1364/BOE.575636","10.1364_BOE.575636"
"673",709,"Spectral dual-layer detector CT-based radiomics-deep learning for predicting pathological aggressiveness of stage I lung adenocarcinoma: discrimination of precursor glandular lesions and invasive adenocarcinomas.","10.21037/tlcr-24-726","10.21037_tlcr-24-726"
"674",710,"Speech-based digital cognitive assessments for detection of mild cognitive impairment: Validation against paper-based neurocognitive assessment scores.","10.1177/13872877251343296","10.1177_13872877251343296"
"675",711,"A nomogram incorporating clinical and laboratory indicators for predicting metabolic dysfunction-associated fatty liver disease in newly diagnosed type 2 diabetes patients.","10.1111/jdi.70112","10.1111_jdi.70112"
"676",712,"TBS as a complementary tool for assessing vertebral fractures and spinal deformity in children and adolescents with osteogenesis imperfecta.","10.1007/s00198-025-07423-2","10.1007_s00198-025-07423-2"
"677",713,"LI-RADS categories and clinicopathological features predict recurrence-free survival in patients with radical resected hepatocellular carcinoma.","10.1016/j.ejrad.2025.112535","10.1016_j.ejrad.2025.112535"
"678",714,"PCSK9 is upregulated and correlated with more severe disease condition but fails to predict treatment outcomes in psoriasis patients.","10.1080/09546634.2025.2482867","10.1080_09546634.2025.2482867"
"679",715,"Predictive Value of Preoperative Nutritional Risk Index for Screw Loosening After Lumbar Interbody Fusion in Elderly Patients With Lumbar Spine Diseases.","10.1111/os.14369","10.1111_os.14369"
"680",717,"Nomogram for predicting the efficacy of high-intensity focused ultrasound ablation for uterine fibroids based on oxytocin experimentation and ultrasonographic features: a retrospective single-center study.","10.1080/02656736.2024.2436602","10.1080_02656736.2024.2436602"
"681",719,"Predicting PROTAC off-target effects via warhead involvement levels in drug-target interactions using graph attention neural networks.","10.1016/j.csbj.2025.10.028","10.1016_j.csbj.2025.10.028"
"682",720,"Magnitude and Impact of Hallucinations in Tabular Synthetic Health Data on Prognostic Machine Learning Models: Validation Study.","10.2196/77893","10.2196_77893"
"683",721,"Relationship between hemoglobin glycation index and Cushing's syndrome: a cross-sectional study in Chinese populations.","10.3389/fendo.2025.1678472","10.3389_fendo.2025.1678472"
"684",722,"Prediction of 131I uptake in lung metastases of differentiated thyroid cancer using deep learning.","10.3389/fendo.2025.1697233","10.3389_fendo.2025.1697233"
"685",723,"Diagnostic performance of node-RADS classification for primary lymph node assessment in rectal cancer: a modality benchmarking study.","10.1007/s00432-025-06196-9","10.1007_s00432-025-06196-9"
"686",725,"The Hourly Apnea-Hypopnea Duration Better Correlates with OSA-Related Nocturnal Hypoxemia and Excessive Daytime Sleepiness Rather Than AHI.","10.2147/NSS.S505702","10.2147_NSS.S505702"
"687",726,"Establishing and validating models integrated with hematological biomarkers and clinical characteristics for the prognosis of non-esophageal squamous cell carcinoma patients.","10.1080/07853890.2025.2483985","10.1080_07853890.2025.2483985"
"688",727,"Monitoring miR-29a for targeted therapy of cholangiocarcinoma based on a photoelectric sensor.","10.1007/s00604-025-07424-2","10.1007_s00604-025-07424-2"
"689",728,"Validation and development of a refined M1 category for nasopharyngeal carcinoma based on the version-nine of AJCC/UICC TNM staging system in the immunotherapy era: A multicenter cohort study.","10.1016/j.ejca.2025.115305","10.1016_j.ejca.2025.115305"
"690",729,"Development and Validation of Machine Learning Models for Outcome Prediction in Patients with Poor-Grade Aneurysmal Subarachnoid Hemorrhage Following Endovascular Treatment.","10.2147/TCRM.S504745","10.2147_TCRM.S504745"
"691",730,"Accuracy of determining gait independence using adductor pollicis muscle thickness and skeletal muscle mass index in community-dwelling older adults undergoing outpatient rehabilitation.","10.1007/s41999-024-01145-0","10.1007_s41999-024-01145-0"
"692",732,"Using a machine learning analysis of socio-ecological and psychological factors to predict suicide risk among a nationally representative sample of Ghanaian adolescents.","10.1017/gmh.2025.10083","10.1017_gmh.2025.10083"
"693",733,"Development and validation of nomogram prediction model for diabetic hearing impairment based on the levels of lncRNA MALAT1, miR-199b and AGEs in peripheral blood.","10.3389/fendo.2025.1573661","10.3389_fendo.2025.1573661"
"694",735,"Comparison of Tricuspid Annular Plane Systolic Excursion to Pulmonary Artery Systolic Pressure Ratio Measured by Transthoracic Echocardiography and Right Heart Catheterization in Pulmonary Arterial Hypertension: Prognostic Implications.","10.3390/jcm14061968","10.3390_jcm14061968"
"695",736,"Pan-cancer analysis implicates novel insights of cholesterol biosynthesis into immunotherapy response prediction and survival prognostication.","10.1016/j.compbiomed.2025.110859","10.1016_j.compbiomed.2025.110859"
"696",737,"Predicting lymphovascular invasion in stage IA lung adenocarcinoma: a CT-based classification and regression tree model.","10.1007/s00330-025-11593-2","10.1007_s00330-025-11593-2"
"697",738,"Multi-positive contrastive learning-based cross-attention model for T cell receptor-antigen binding prediction.","10.1016/j.cmpb.2025.108797","10.1016_j.cmpb.2025.108797"
"698",739,"Profiling of Diagnostic Value of Serum CysC, β2-MG and α-Klotho in Early Acute Kidney Injury Caused by Acute Myocardial Infarction.","10.1002/ccd.31535","10.1002_ccd.31535"
"699",740,"Radiogenomic insights suggest that multiscale tumor heterogeneity is associated with interpretable radiomic features and outcomes in cancer patients.","10.1016/j.compmedimag.2025.102586","10.1016_j.compmedimag.2025.102586"
"700",741,"Improving prediction of fragility fractures in postmenopausal women using random forest.","10.1016/j.compbiomed.2025.110666","10.1016_j.compbiomed.2025.110666"
"701",742,"A machine learning-based predictive model for stem cell therapy outcomes in plastic surgery.","10.3389/fmed.2025.1683758","10.3389_fmed.2025.1683758"
"702",743,"Ability of triglyceride-glucose indices to predict metabolic dysfunction associated with steatotic liver disease in pediatric obesity.","10.1002/jpn3.70201","10.1002_jpn3.70201"
"703",744,"Construction and validation of a nomogram prediction model for death risk in patients with chronic obstructive pulmonary disease complicated by hypercapnic respiratory failure in the intensive care unit.","10.1016/j.rmed.2025.108188","10.1016_j.rmed.2025.108188"
"704",745,"A Novel Presurgical Risk Prediction Model for Chronic Post-Surgical Pain in Adults Undergoing Surgical Procedures: Development and Internal Validation of the P4-Prevoque Questionnaire [PERISCOPE Trial].","10.2147/JPR.S525692","10.2147_JPR.S525692"
"705",746,"Maternal liver fibrosis indices as predictors of adverse perinatal outcomes in patients with gestational diabetes mellitus.","10.1007/s00592-025-02547-7","10.1007_s00592-025-02547-7"
"706",747,"Amygdala Connectivity Alterations in High Myopia: A Resting-State fMRI Study with SVM-Based Classification.","10.2147/OPTH.S543962","10.2147_OPTH.S543962"
"707",748,"Normalizing spinal cord compression measures in degenerative cervical myelopathy.","10.1016/j.spinee.2025.03.012","10.1016_j.spinee.2025.03.012"
"708",750,"Reduced appetite after body contouring is associated with low glucose-dependent insulinotropic polypeptide levels.","10.1016/j.bjps.2025.10.020","10.1016_j.bjps.2025.10.020"
"709",751,"Risk Assessment of Serum Biomarkers with Perioperative Neurocognitive Dysfunction in Elderly Patients Undergoing Thoracic Surgery: A Prospective Cohort Study.","10.1007/s10571-025-01636-z","10.1007_s10571-025-01636-z"
"710",752,"Ensemble learning prediction model for intraoperative hemodynamic instability in patients with pheochromocytoma.","10.3389/fendo.2025.1670909","10.3389_fendo.2025.1670909"
"711",753,"Shear wave elastography values in endometrioma: Clinical findings and machine learning-based prediction models.","10.1002/ijgo.70159","10.1002_ijgo.70159"
"712",754,"Novel Risk Score Incorporating Type-IV Collagen, Albumin, and Prothrombin Time (CAP score) to Predict 180-Day Surgery-Related Mortality After Liver Resection for Hepatocellular Carcinoma.","10.1245/s10434-025-17658-2","10.1245_s10434-025-17658-2"
"713",755,"Development of novel serum peptide biomarkers for screening pancreatic cancer.","10.1007/s00535-025-02314-z","10.1007_s00535-025-02314-z"
"714",756,"Construction and validation of a machine learning-based nomogram model for predicting pneumonia risk in patients with catatonia: a retrospective observational study.","10.3389/fpsyt.2025.1557659","10.3389_fpsyt.2025.1557659"
"715",757,"Mild behavioral impairment in idiopathic REM sleep behavior disorder and Lewy body disease continuum.","10.1007/s00702-024-02877-w","10.1007_s00702-024-02877-w"
"716",758,"Novel CAC Dispersion and Density Score to Predict Myocardial Infarction and Cardiovascular Mortality.","10.1161/CIRCIMAGING.125.018059","10.1161_CIRCIMAGING.125.018059"
"717",760,"Machine learning algorithms to predict the risk of hyperlipidemia in people with HIV after starting HAART for 6 months.","10.1097/QAD.0000000000004244","10.1097_QAD.0000000000004244"
"718",761,"RPD: Regional Prior Distillation for Breast Cancer Diagnosis in Ultrasound Images.","10.1109/JBHI.2025.3595196","10.1109_JBHI.2025.3595196"
"719",762,"Toward a Universal Map of EEG: A Semantic, Low-Dimensional Manifold for EEG Classification, Clustering, and Prognostication.","10.1002/ana.27260","10.1002_ana.27260"
"720",763,"Prognostic value of left atrial stiffness index in adults with repaired coarctation of aorta.","10.1093/ehjci/jeaf330","10.1093_ehjci_jeaf330"
"721",764,"Risk Factors for Histologic Chorioamnionitis Among Women with Prenatal Fever During Preterm Delivery: A Retrospective Cohort Study.","10.2147/IJWH.S542606","10.2147_IJWH.S542606"
"722",765,"Galactomannan detection in sputum samples of patients with chronic obstructive pulmonary disease: A promising marker for diagnosis of chronic pulmonary aspergillosis?","10.1016/j.jiph.2025.102790","10.1016_j.jiph.2025.102790"
"723",766,"Interpretable machine learning model for prediction functional cure in chronic hepatitis B patients receiving Peg-IFN therapy: A multi-center study.","10.1016/j.ijmedinf.2025.105916","10.1016_j.ijmedinf.2025.105916"
"724",768,"Osteoarthritis of the sternoclavicular joint: is clavicular length a risk factor?","10.1007/s00402-025-05967-w","10.1007_s00402-025-05967-w"
"725",769,"Development and Validation of a Neonatal Hypothermia Prediction Model for In-Hospital Transport Using Machine Learning Algorithms: A Single-Center Retrospective Study.","10.2147/JMDH.S517499","10.2147_JMDH.S517499"
"726",770,"Intestinal ultrasound measurement of bowel wall thickness can be used as a sole marker for defining anti-TNF maintenance therapy failure in Crohn's disease.","10.1177/17562848251343008","10.1177_17562848251343008"
"727",771,"Derivation and Internal Validation of a Clinical Prediction Model for Diagnosis of Spotted Fever Group Rickettsioses in Northern Tanzania.","10.1093/ofid/ofaf100","10.1093_ofid_ofaf100"
"728",773,"Development and validation of growth prediction models for multiple pulmonary ground-glass nodules based on CT features, radiomics, and deep learning.","10.21037/tlcr-24-1039","10.21037_tlcr-24-1039"
"729",774,"Dominant or nondominant leg, which one is used to recover balance after a simulated slip during standing?","10.1016/j.gaitpost.2025.04.028","10.1016_j.gaitpost.2025.04.028"
"730",775,"Predictors of Atrial Fibrillation in Heart Failure Patients with Indications for ICD Implantation.","10.3390/jcm14124358","10.3390_jcm14124358"
"731",776,"Assessment of cognitive function in patients with schizophrenia based on virtual reality serious games: a prospective nonrandomized clinical trial.","10.3389/fpsyt.2025.1608905","10.3389_fpsyt.2025.1608905"
"732",777,"Forecasting Hospitalization for Adult Asthma Patients in Emergency Departments Based on Multiple Environmental and Clinical Factors.","10.2147/JAA.S512405","10.2147_JAA.S512405"
"733",778,"Machine Learning to Predict Early Death Despite Pancreaticoduodenectomy.","10.1016/j.jss.2025.03.047","10.1016_j.jss.2025.03.047"
"734",779,"Evaluation of Clinical Tests to Diagnose Iliopsoas Tendinopathy.","10.1097/CORR.0000000000003520","10.1097_CORR.0000000000003520"
"735",780,"Comparison of Four Non-invasive Tools for Predicting Sepsis and Septic Shock Mortality: A Prospective Cohort Study.","10.15441/ceem.25.075","10.15441_ceem.25.075"
"736",781,"Prediction and explanation of the increase in suicide risk of emerging adults: A comprehensive approach combining logistic regression, glasso network analysis, and Bayesian networks.","10.1016/j.jad.2025.04.171","10.1016_j.jad.2025.04.171"
"737",782,"Lifestyle-associated metabolite signatures and the risk of late-onset asthma.","10.1016/j.jaci.2025.09.020","10.1016_j.jaci.2025.09.020"
"738",783,"MMSE in primary care practice: why good tests can mislead in the wrong context.","10.1007/s10433-025-00894-6","10.1007_s10433-025-00894-6"
"739",784,"The possibility of using the APACHE II score in prognosis of the development of postoperative complications in the elderly with hip fractures.","10.1007/s00590-025-04302-8","10.1007_s00590-025-04302-8"
"740",785,"Identifying network state-based Parkinson's disease subtypes using clustering and support vector machine models.","10.3389/fpsyt.2025.1453852","10.3389_fpsyt.2025.1453852"
"741",786,"Identification of the high-risk population facing early death in older patients with primary intracranial glioma: a retrospective cohort study.","10.3389/fendo.2025.1546530","10.3389_fendo.2025.1546530"
"742",787,"Ensemble machine learning for predicting renal function decline in chronic kidney disease: development and external validation.","10.3389/fmed.2025.1598065","10.3389_fmed.2025.1598065"
"743",788,"Early Prediction of Radiation Pneumonitis in Patients With Lung Cancer Treated With Immunotherapy Through Monitoring of Plasma Chemokines.","10.1016/j.ijrobp.2025.02.011","10.1016_j.ijrobp.2025.02.011"
"744",789,"Obesity Limits Utility of Vertebral Bone Quality Score for Opportunistic Osteopenia/Osteoporosis Screening in Cervical Surgery Patients.","10.1177/21925682251325181","10.1177_21925682251325181"
"745",790,"The Neglected Parameter: Tricuspidal E Wave Deceleration Time as Predictor of Atrioventricular Synchrony in VDD Leadless Pacemakers.","10.1111/jce.16613","10.1111_jce.16613"
"746",791,"Integrative modeling of longitudinal cell-free DNA and tumor volume dynamics: a multimodal quantitative prognostic framework.","10.21037/tlcr-2025-940","10.21037_tlcr-2025-940"
"747",793,"Optimizing CTP in Posterior Circulation Infarction (POCI): A Comprehensive Analysis of CTP Postprocessing Algorithms for POCI.","10.3174/ajnr.A8833","10.3174_ajnr.A8833"
"748",794,"Automated Speech Analysis to Differentiate Frontal and Right Anterior Temporal Lobe Atrophy in Frontotemporal Dementia.","10.1212/WNL.0000000000213556","10.1212_WNL.0000000000213556"
"749",795,"Could Right Coronary Artery-Aorta Angle be Used to Predict Atherosclerotic Lesion Localization in Critical Site of the Right Coronary Artery in Patients With Right Dominancy?","10.1002/ccd.31532","10.1002_ccd.31532"
"750",796,"The concise machine learning prediction models for suicide attempt in China: Based on demographic and social factors.","10.1016/j.jad.2025.119634","10.1016_j.jad.2025.119634"
"751",797,"Multimodality Ultrasound Utilizing Microvascular Flow Imaging and Shear Wave Elastography to Guide Fine-Needle Aspiration of Thyroid Lesions: A Prospective Study Validating Pattern-Based Microvascular Classification.","10.1089/thy.2024.0586","10.1089_thy.2024.0586"
"752",798,"Improving preventive screening efficiency: A population-based model of age-specific mammographic density for breast Cancer detection in Saudi Arabia.","10.1016/j.pmedr.2025.103321","10.1016_j.pmedr.2025.103321"
"753",800,"Prognostic Value of Main Pulmonary Artery Diameter in Pulmonary Arterial Hypertension.","10.1016/j.chest.2025.02.012","10.1016_j.chest.2025.02.012"
"754",801,"Application of systemic immune-inflammation index in survival prediction after radical resection of gallbladder cancer: A multicenter retrospective clinical study.","10.1016/j.ejso.2025.110267","10.1016_j.ejso.2025.110267"
"755",803,"Association of insulin resistance-related indicators with cardiovascular disease in Chinese people with different glycemic states.","10.3389/fendo.2025.1515559","10.3389_fendo.2025.1515559"
"756",804,"Clinical Utility of Salivary Steroid Profiling for the Differential Diagnosis of Adrenal Diseases.","10.1210/clinem/dgaf499","10.1210_clinem_dgaf499"
"757",805,"Deep Learning for Diagnosis of Tinea Corporis and Tinea Cruris.","10.1177/12034754251391809","10.1177_12034754251391809"
"758",806,"Early MRI-Derived Volumetric Thresholds Predict Response and Guide Personalization in HER2-Positive Breast Cancer: A Retrospective Study.","10.3390/biomedicines13122906","10.3390_biomedicines13122906"
"759",807,"Adding social determinants of health to the equation: Development of a cardiometabolic disease staging model using clinical and social determinants of health to predict type 2 diabetes.","10.1111/dom.16241","10.1111_dom.16241"
"760",808,"Artificial intelligence for early detection of lung cancer in GPs' clinical notes: a retrospective observational cohort study.","10.3399/BJGP.2023.0489","10.3399_BJGP.2023.0489"
"761",809,"Beyond Time-Based Billing: An AI-Enabled Complexity Model for Secure Message Reimbursement.","10.1177/15305627251377376","10.1177_15305627251377376"
"762",810,"Deep learning algorithm assisting diagnosis of prostate cancer extracapsular extension based on [18F]PSMA-1007 PET/CT and multiparametric MRI: A multicenter study.","10.1038/s41391-025-01063-7","10.1038_s41391-025-01063-7"
"763",811,"Prognostic Models for Overall and Disease-Specific Survival in Palate Squamous Cell Carcinoma: Implications for Postoperative Radiotherapy.","10.1002/hed.28172","10.1002_hed.28172"
"764",812,"Predicting variables associated with diagnostic reevaluation of transient congenital hypothyroidism.","10.6065/apem.2448164.082","10.6065_apem.2448164.082"
"765",813,"Which grading system better predicts 28-day mortality in nontraumatic subarachnoid hemorrhage: Traditional clinical scores or combined grading systems?","10.1111/acem.15121","10.1111_acem.15121"
"766",814,"Development of a predictive tool for long-term prognosis in clear cell adenocarcinoma of the cervix: a large population-based real-world study.","10.3389/fmed.2025.1606685","10.3389_fmed.2025.1606685"
"767",815,"Psychometric validation of comprehensive coordination scale to assess the advanced coordination ability in people with stroke.","10.23736/S1973-9087.25.08784-2","10.23736_S1973-9087.25.08784-2"
"768",816,"Exhaled volatile organic compounds as novel biomarkers for early detection of COPD, asthma, and PRISm: a cross-sectional study.","10.1186/s12931-025-03242-5","10.1186_s12931-025-03242-5"
"769",817,"Predicting intraoperative blood loss risk in severe lumbar disc herniation patients undergoing PLIF: a multicenter cohort study using ensemble learning.","10.1097/JS9.0000000000002730","10.1097_JS9.0000000000002730"
"770",818,"Predicting carotid in-stent restenosis with dual-energy CT: a multicenter study.","10.1007/s00330-025-12109-8","10.1007_s00330-025-12109-8"
"771",819,"Predictive modelling for prostate cancer aggressiveness using non-invasive MRI techniques.","10.1016/j.radi.2025.102961","10.1016_j.radi.2025.102961"
"772",820,"Artificial intelligence-powered copilots for precision diagnosis and surgical assessment of histological growth patterns in resectable colorectal liver metastases: a prospective study.","10.1097/JS9.0000000000002922","10.1097_JS9.0000000000002922"
"773",821,"Relationship between traditional and non-traditional obesity parameters and diabetes and early-onset diabetes: an analysis based on a large cohort.","10.3389/fendo.2025.1593917","10.3389_fendo.2025.1593917"
"774",822,"Improving healthcare sustainability using advanced brain simulations using a multi-modal deep learning strategy with VGG19 and bidirectional LSTM.","10.3389/fmed.2025.1574428","10.3389_fmed.2025.1574428"
"775",823,"A Nomogram to Predict the Histologic Grade in Patients With Soft Tissue Sarcoma Based on the Contrast-Enhanced Ultrasound.","10.1016/j.ultrasmedbio.2025.08.004","10.1016_j.ultrasmedbio.2025.08.004"
"776",824,"Identification of ferroptosis-related genes as diagnostic biomarkers and therapeutic targets in sorafenib-resistant HCC via machine learning and experimental validation.","10.1016/j.intimp.2025.115557","10.1016_j.intimp.2025.115557"
"777",825,"Preoperative identification of the risk factors of cervical lymph node metastasis in medullary thyroid carcinoma.","10.3389/fendo.2025.1576955","10.3389_fendo.2025.1576955"
"778",826,"Expression of miR-339-3p and OPRM1 in relation to sperm function in male infertility.","10.1111/andr.70121","10.1111_andr.70121"
"779",827,"Blood Immunophenotyping in Prediction of Gestational Hypertensive Conditions.","10.3390/biomedicines13123122","10.3390_biomedicines13123122"
"780",828,"Early prediction of septic shock in ICU patients using machine learning: development, external validation, and explainability with SHAP.","10.1016/j.ijmedinf.2025.106169","10.1016_j.ijmedinf.2025.106169"
"781",829,"Associations between metabolic-inflammatory biomarkers and Helicobacter pylori infection: an interpretable machine learning prediction approach.","10.3389/fnut.2025.1674585","10.3389_fnut.2025.1674585"
"782",830,"Defining the Optimal Radiation-induced Lymphopenia Metric to Discern Its Survival Impact in Esophageal Cancer.","10.1016/j.ijrobp.2024.12.014","10.1016_j.ijrobp.2024.12.014"
"783",831,"Predicting textbook outcome after pancreaticoduodenectomy for invasive intraductal papillary mucinous neoplasm: An international validation cohort study.","10.1016/j.surg.2025.109656","10.1016_j.surg.2025.109656"
"784",832,"Interpretable LLM-Based Detection of Loose Associations Using Synthetic Speech Data in Early Psychosis.","10.1093/schbul/sbaf125","10.1093_schbul_sbaf125"
"785",833,"Nomogram as a novel predictive tool for postoperative pneumonia after endoscopic submucosal dissection for superficial esophageal carcinomas: a multicenter retrospective study.","10.1007/s00464-024-11473-8","10.1007_s00464-024-11473-8"
"786",834,"Differential Expression of Disulfidptosis-Related Genes in Spinal Cord Injury and Their Role in the Immune Microenvironment.","10.1007/s12035-025-04931-4","10.1007_s12035-025-04931-4"
"787",835,"Beyond TNM staging: Machine learning of individualized colon cancer outcomes.","10.1016/j.surg.2025.109571","10.1016_j.surg.2025.109571"
"788",837,"Construction and validation of a nomogram prediction model for antiviral efficacy based on clinical characteristics and intestinal microflora distribution in patients with chronic hepatitis B.","10.3389/fmed.2025.1542104","10.3389_fmed.2025.1542104"
"789",838,"Construction and verification of a risk factor prediction model for neonatal severe pneumonia.","10.3389/fmed.2025.1536705","10.3389_fmed.2025.1536705"
"790",839,"Global climate change and Macadamia habitat suitability: MaxEnt-based prediction under future scenarios.","10.3389/fpls.2025.1658566","10.3389_fpls.2025.1658566"
"791",840,"Real-world deployment of a fine-tuned pathology foundation model for lung cancer biomarker detection.","10.1038/s41591-025-03780-x","10.1038_s41591-025-03780-x"
"792",841,"Factors Influencing Chronic Pain After Hysterectomy for Uterine Fibroids: Development and Validation of a Nomogram Prediction Model.","10.2147/JPR.S523744","10.2147_JPR.S523744"
"793",842,"Machine learning prediction of HER2-low expression in breast cancers based on hematoxylin-eosin-stained slides.","10.1186/s13058-025-01998-8","10.1186_s13058-025-01998-8"
"794",843,"Clinical diagnosis of cerebral amyloid angiopathy related hemorrhage in China: Simplified Edinburgh criteria and Boston criteria version 2.0.","10.1177/23969873241309513","10.1177_23969873241309513"
"795",844,"Construct validity, reliability and interpretability of the Turkish version of the TENDINopathy Severity Assessment - Achilles (TENDINS-A) questionnaire.","10.1016/j.fas.2025.11.009","10.1016_j.fas.2025.11.009"
"796",845,"Preoperative malnutrition is a risk factor for prolonged postoperative ileus for patients undergoing gastrointestinal surgery.","10.3389/fnut.2025.1561264","10.3389_fnut.2025.1561264"
"797",846,"B.T.C.H. nephrolithometry score: a novel scoring system to predict stone-free rate and complexity for ultrasound-guided percutaneous nephrolithotomy.","10.3389/fmed.2025.1557702","10.3389_fmed.2025.1557702"
"798",847,"Combined predictive value of uric acid and serum lipid for stroke events in non-valvular atrial fibrillation patients.","10.3389/fcvm.2025.1569904","10.3389_fcvm.2025.1569904"
"799",848,"Brain State of the Newborn as a Biomarker for Brain Injury in Infants with Hypoxic-Ischemic Encephalopathy.","10.1016/j.jpeds.2025.114702","10.1016_j.jpeds.2025.114702"
"800",849,"Etiology and clinical significance of peripheral blood cytokines in geriatric patients with pulmonary infections.","10.3389/fmed.2025.1680586","10.3389_fmed.2025.1680586"
"801",850,"Prediction of major outcomes in patients with malignant hypertension using machine learning: A report from the West Birmingham malignant hypertension registry.","10.1111/eci.70052","10.1111_eci.70052"
"802",851,"SbD4Skin by EosCloud: Integrating multi-view molecular representation for predicting skin sensitization, irritation, and acute dermal toxicity.","10.1016/j.csbj.2025.08.001","10.1016_j.csbj.2025.08.001"
"803",853,"Construction and Validation of a Prediction Model for Postoperative Fatigue Syndrome in Chinese Patients with Lung Cancer.","10.1177/01939459251325490","10.1177_01939459251325490"
"804",855,"Development and validation of a prediction model for gestational diabetes mellitus based on clinical characteristics and laboratory biomarkers among Chinese women.","10.1016/j.numecd.2025.104065","10.1016_j.numecd.2025.104065"
"805",856,"Simple cystic lesions of the pancreas: image quality and diagnostic accuracy of photon-counting detector computed tomography.","10.1007/s11547-025-02015-w","10.1007_s11547-025-02015-w"
"806",857,"Machine Learning-Driven Extracellular Vesicles Peptidomics Powers Precision Classification of Endometrial Cancer.","10.1021/acs.analchem.5c02234","10.1021_acs.analchem.5c02234"
"807",858,"Wide-field OCTA quantified peripheral nonperfusion areas predict the risk of subclinical neovascularization.","10.1038/s41433-025-03891-2","10.1038_s41433-025-03891-2"
"808",859,"Development and validation of a deep learning ultrasound radiomics model for predicting drug resistance in lymph node tuberculosis a multicenter study.","10.1097/JS9.0000000000002850","10.1097_JS9.0000000000002850"
"809",860,"Predictive Value of Postnatal Weight Gain Rate for Severe Retinopathy of Prematurity in Preterm Infants: A Retrospective Analysis.","10.2147/JMDH.S528155","10.2147_JMDH.S528155"
"810",861,"Leveraging large language models for preoperative prevention of cardiopulmonary bypass-associated acute kidney injury.","10.1080/0886022X.2025.2509786","10.1080_0886022X.2025.2509786"
"811",862,"Performance of the FORD Versus Other Available Models for the Noninvasive Prediction of Pulmonary Hypertension in Patients with Interstitial Lung Disease.","10.1007/s00408-024-00783-2","10.1007_s00408-024-00783-2"
"812",863,"SHOX2 and RASSF1A methylation in diagnosing malignant pleural effusion induced by lung cancer.","10.1016/j.cca.2025.120273","10.1016_j.cca.2025.120273"
"813",864,"Using the QRS-VHis Interval-based Algorithm to Optimize the Ablation Process of Outflow Tract Premature Ventricular Complexes.","10.1016/j.cjca.2025.02.032","10.1016_j.cjca.2025.02.032"
"814",865,"Prediction Analysis of Integrative Quality Zones for Corydalis yanhusuo W. T. Wang Under Climate Change: A Rare Medicinal Plant Endemic to China.","10.3390/biology14080972","10.3390_biology14080972"
"815",866,"Competing risk nomogram for predicting cancer-specific survival in patients with primary bone diffuse large B-cell lymphoma: a SEER-based retrospective study.","10.3389/fmed.2025.1572919","10.3389_fmed.2025.1572919"
"816",868,"Optimizing responsive neurostimulation targeting based on interictal high-frequency oscillations and phase-amplitude coupling.","10.1111/epi.18675","10.1111_epi.18675"
"817",869,"Determining a Treatment Threshold Value for Endometrial Thickness in Women with Breast Cancer Receiving Tamoxifen.","10.2147/IJWH.S531872","10.2147_IJWH.S531872"
"818",870,"Risk prediction of functional disability among middle-aged and older adults with arthritis: A nationwide cross-sectional study using interpretable machine learning.","10.1016/j.ijotn.2025.101161","10.1016_j.ijotn.2025.101161"
"819",871,"Development of machine learning models to predict clinical outcome and recovery time in dogs with parvovirus enteritis.","10.3389/fvets.2025.1555714","10.3389_fvets.2025.1555714"
"820",872,"Hierarchical attention fusion of EUS-doppler features for GISTs risk assessment.","10.1016/j.compmedimag.2025.102584","10.1016_j.compmedimag.2025.102584"
"821",873,"Segmental Pulse Volume Recordings at the Forefoot Level as a Valuable Diagnostic Tool for Detection of Peripheral Arterial Disease in the Diabetic Foot Syndrome.","10.3390/biomedicines13061281","10.3390_biomedicines13061281"
"822",874,"Machine learning-based hemodynamics quantitative assessment of pulmonary circulation using computed tomographic pulmonary angiography.","10.1016/j.ijcard.2025.133457","10.1016_j.ijcard.2025.133457"
"823",875,"Sex-Based Differences in Prenatal and Perinatal Predictors of Autism Spectrum Disorder Using Machine Learning With National Health Data.","10.1002/aur.70054","10.1002_aur.70054"
"824",876,"Recurrent laryngeal nerve thermal injury in radiofrequency ablation for papillary thyroid carcinoma and related risk factors: a prospective large cohort study.","10.1007/s00330-025-11448-w","10.1007_s00330-025-11448-w"
"825",877,"Risk Factors for Postpartum Hemorrhage Following Vaginal Deliveries in China: A Case-Control Study of Second Births After IUD Removal.","10.2147/IJWH.S516263","10.2147_IJWH.S516263"
"826",878,"Mesopic and Low-Contrast Visual Acuity Deficits in Retinitis Pigmentosa: Clinical Markers for Early Functional Impairment.","10.3390/jcm14165659","10.3390_jcm14165659"
"827",879,"AI-Enhanced Fluorescein Angiography Detection of Diabetes-Induced Silent Retinal Capillary Dropout and RNA-Seq Identification of Pre-Symptomatic Biomarkers.","10.3390/biomedicines13081926","10.3390_biomedicines13081926"
"828",881,"VAE-Surv: A novel approach for genetic-based clustering and prognosis prediction in myelodysplastic syndromes.","10.1016/j.cmpb.2025.108605","10.1016_j.cmpb.2025.108605"
"829",883,"Patient-centred composite scores as tools for assessment of response to biological therapy for paediatric and adult severe asthma.","10.1183/13993003.00691-2024","10.1183_13993003.00691-2024"
"830",884,"Deep learning-based MVIT-MLKA model for accurate classification of pancreatic lesions: a multicenter retrospective cohort study.","10.1007/s11547-025-01949-5","10.1007_s11547-025-01949-5"
"831",886,"Lower Limb Bone Mineral Density Reduction is Closely Relative With Diabetic Peripheral Neuropathy in the Postmenopausal Women and Men Over 50 Years Old With T2DM: A cross-Sectional, Controlled Study.","10.1007/s00223-025-01397-3","10.1007_s00223-025-01397-3"
"832",887,"Plasma and urine metabolomics for the identification of diagnostic biomarkers for sulfur mustard-induced lung injury.","10.1016/j.intimp.2025.114515","10.1016_j.intimp.2025.114515"
"833",888,"Deep learning model using cross-sequence learning to identify orbital fractures in radiographs of patients under 20 Years.","10.3389/fbioe.2025.1613417","10.3389_fbioe.2025.1613417"
"834",889,"A cross-sectional study investigating the underlying inflammatory mechanisms of post-stroke insomnia.","10.1016/j.cyto.2025.156975","10.1016_j.cyto.2025.156975"
"835",890,"Validity and performance of the new Guide for the Assessment of Menopausal Symptoms (GAMS) scale, based on the Greene Climacteric Scale: A population survey of French women.","10.1016/j.maturitas.2025.108249","10.1016_j.maturitas.2025.108249"
"836",891,"Development and characterization of a dual-fiber Raman probe for accurate and rapid endometrial carcinoma detection.","10.1364/BOE.568647","10.1364_BOE.568647"
"837",892,"Early cup migration and wear as predictors for later aseptic loosening: a secondary evaluation of a randomized controlled RSA trial on cemented hip arthroplasties with 18-year follow-up.","10.2340/17453674.2025.44328","10.2340_17453674.2025.44328"
"838",893,"Differentiation of typical features between Fungal spondylitis and Brucellar spondylitis on CT and new applications of CT values in diagnosis of spinal infections.","10.1007/s00586-025-08694-3","10.1007_s00586-025-08694-3"
"839",895,"Refining the Tmax malignant profile in large ischemic core patients receiving endovascular treatment.","10.1016/j.ejrad.2025.112187","10.1016_j.ejrad.2025.112187"
"840",896,"Machine learning models for neurocognitive outcome prediction in preterm born infants.","10.1038/s41390-025-03815-6","10.1038_s41390-025-03815-6"
"841",897,"AQP-4 autoantibodies as potential early diagnostic biomarkers for NEC.","10.1016/j.intimp.2025.114935","10.1016_j.intimp.2025.114935"
"842",898,"Validity of HELT-E2S2 Score in Predicting Ischemic Stroke in Japanese Patients With Non-Valvular Atrial Fibrillation With Cardiac Implantable Electronic Devices.","10.1253/circj.CJ-24-0715","10.1253_circj.CJ-24-0715"
"843",899,"Osteometric sex estimation using the humerus, the radius and the ulna in the contemporary population of Croatia.","10.1016/j.jflm.2025.102852","10.1016_j.jflm.2025.102852"
"844",900,"Personalised follow-up and management schema for patients with screen-detected pulmonary nodules: A dynamic modelling study.","10.1016/j.pulmoe.2024.02.010","10.1016_j.pulmoe.2024.02.010"
"845",901,"Dynamic Early Survival Prediction Model for Hepatocellular Carcinoma Patients Treated With Atezolizumab and Bevacizumab: A Longitudinal Deep Learning Analysis.","10.1111/hepr.70005","10.1111_hepr.70005"
"846",902,"A novel cross-validated machine learning based Alertix-Cancer Risk Index for early detection of canine malignancies.","10.3389/fvets.2025.1570106","10.3389_fvets.2025.1570106"
"847",903,"Machine learning-based transcriptmics analysis reveals BMX, GRB10, and GADD45A as crucial biomarkers and therapeutic targets in sepsis.","10.3389/fphar.2025.1576467","10.3389_fphar.2025.1576467"
"848",904,"Baseline features and functional outcomes in primary central nervous system vasculitis: development and validation of a prognostic model.","10.1093/rheumatology/keaf590","10.1093_rheumatology_keaf590"
"849",905,"Association between obesity indices, insulin resistance markers, and osteoarthritis in middle-aged and elderly Chinese adults.","10.3389/fnut.2025.1627421","10.3389_fnut.2025.1627421"
"850",906,"An integrated prognosis prediction model based on real-word clinical characteristics for immunotherapy in advanced esophageal squamous cell carcinoma.","10.1007/s00262-025-03963-y","10.1007_s00262-025-03963-y"
"851",907,"Quantification of tumor heterogeneity based on fractal dimension for predicting the response to neoadjuvant chemotherapy in triple-negative breast cancer.","10.1016/j.ejrad.2025.112413","10.1016_j.ejrad.2025.112413"
"852",908,"Multidimensional dietary assessment and interpretable machine learning models predict the risk of prediabetes/diabetes and osteoporosis comorbidity in older adults.","10.3389/fnut.2025.1666477","10.3389_fnut.2025.1666477"
"853",909,"Diagnostic Evaluation of the Sysmex XN-1000V Lymphocyte Fluorescence for Differentiating Canine Nodal Large B-Cell and T-Cell Lymphoma.","10.1111/vco.70032","10.1111_vco.70032"
"854",910,"IDH Status in Brain Gliomas Can Be Predicted by the Spherical Mean MRI Technique.","10.3174/ajnr.A8432","10.3174_ajnr.A8432"
"855",911,"Diagnostic Performance of Serum Neutrophil-Lymphocyte and Serum Monocyte-Lymphocyte Ratios in Periprosthetic Joint Infection: A Comparative Meta-Analytic Review of 29 Studies.","10.3390/jcm14217645","10.3390_jcm14217645"
"856",912,"InterDIA: Interpretable prediction of drug-induced autoimmunity through ensemble machine learning approaches.","10.1016/j.tox.2025.154064","10.1016_j.tox.2025.154064"
"857",913,"Cerebrospinal fluid-driven extracellular vesicle as a potential diagnostic biomarker for multiple system atrophy.","10.1016/j.jns.2025.123738","10.1016_j.jns.2025.123738"
"858",914,"Comparison of Urinary Red Blood Cell Distribution (URD) and Dysmorphic Red Blood Cells for Detecting Glomerular Hematuria: A Multicenter Study.","10.1002/jcla.25159","10.1002_jcla.25159"
"859",915,"Cardiac computer tomography-derived radiomics in assessing myocardial characteristics at the connection between the left atrial appendage and the left atrium in atrial fibrillation patients.","10.3389/fcvm.2024.1442155","10.3389_fcvm.2024.1442155"
"860",916,"Machine learning prediction of overall survival in prostate adenocarcinoma using ensemble techniques.","10.1016/j.compbiomed.2025.110008","10.1016_j.compbiomed.2025.110008"
"861",917,"Innovative machine learning-based prediction of early airway hyperresponsiveness using baseline pulmonary function parameters.","10.3389/fmed.2025.1611683","10.3389_fmed.2025.1611683"
"862",918,"Altered plasma fatty acids composition in autism spectrum disorder: a case-control study.","10.3389/fpsyt.2025.1627704","10.3389_fpsyt.2025.1627704"
"863",919,"Prediction Model of Lymph Node Metastasis in Cervical Cancer Based on MRI Habitat Radiomics.","10.3390/cancers18010152","10.3390_cancers18010152"
"864",920,"Influencing factors and predictive indicators of return of spontaneous circulation in in-hospital cardiac arrest.","10.3389/fcvm.2025.1514564","10.3389_fcvm.2025.1514564"
"865",921,"Identification of Novel Lactylation-Related Biomarkers for COPD Diagnosis Through Machine Learning and Experimental Validation.","10.3390/biomedicines13082006","10.3390_biomedicines13082006"
"866",922,"Cross-validation of the safe supplement screener (S3) predicting consistent third-party-tested nutritional supplement use in NCAA Division I athletes.","10.3389/fnut.2024.1519544","10.3389_fnut.2024.1519544"
"867",923,"DNA hypermethylation of MED1 and MED23 as early diagnostic biomarkers for unsolved issues in atrial fibrillation.","10.1016/j.ijcard.2025.133179","10.1016_j.ijcard.2025.133179"
"868",924,"Hypertriglyceridemia as an independent predictor of adverse prognosis in female patients with acute myocardial infarction: a comprehensive retrospective cohort study.","10.3389/fnut.2025.1695088","10.3389_fnut.2025.1695088"
"869",925,"Minimal Hepatic Encephalopathy in Cirrhotic Patients: A New Simple and Fast Digital Screening Method.","10.1002/ueg2.70004","10.1002_ueg2.70004"
"870",926,"Machine learning identification of factors associated with exclusive breastfeeding in Brazilian infants: Cross-sectional analysis of the ENANI-2019 survey.","10.1016/j.ijmedinf.2025.106126","10.1016_j.ijmedinf.2025.106126"
"871",927,"Endoscopic liquid biopsy of bile: superior diagnostic and prognostic performance of bile-derived exosomal miR-21-5p for biliary tract cancers.","10.1007/s00535-025-02250-y","10.1007_s00535-025-02250-y"
"872",928,"Prognostic value of CRP-albumin-lymphocyte index in patients with intrahepatic cholangiocarcinoma after radical resection.","10.3389/fmed.2025.1543665","10.3389_fmed.2025.1543665"
"873",929,"Predictive validity of chronic obstructive pulmonary disease phenotypes in inpatient elective surgery: a population-based study.","10.1016/j.bja.2025.07.036","10.1016_j.bja.2025.07.036"
"874",930,"The value of sST2 in risk stratification and short-term prognosis of acute pulmonary embolism: a pilot study focusing on intermediate-risk subgroups.","10.3389/fcvm.2025.1588996","10.3389_fcvm.2025.1588996"
"875",931,"OF-score for osteoporotic thoracolumbar fractures- which parameter is decisive for the therapy decision? - a prospective multicentric cohort study.","10.1007/s00586-025-09153-9","10.1007_s00586-025-09153-9"
"876",932,"Radiomics prediction of surgery in ulcerative colitis refractory to medical treatment.","10.1007/s10151-025-03139-x","10.1007_s10151-025-03139-x"
"877",933,"Integration of radiomic and deep features to reliably differentiate benign renal lesions from renal cell carcinoma.","10.1016/j.ejrad.2025.111989","10.1016_j.ejrad.2025.111989"
"878",934,"ExF-SVM: Exhaustive feature selection with support vector machine algorithm for brain stroke prediction.","10.1016/j.compbiomed.2025.111184","10.1016_j.compbiomed.2025.111184"
"879",936,"Validity and Reliability of the Turkish Version of the Subthreshold Autism Trait Questionnaire (SATQ-TR).","10.1007/s10803-025-07192-1","10.1007_s10803-025-07192-1"
"880",937,"Beyond the eye: A relational model for early dementia detection using retinal OCTA images.","10.1016/j.media.2025.103513","10.1016_j.media.2025.103513"
"881",938,"Comparative analysis of convolutional neural networks and transformer architectures for breast cancer histopathological image classification.","10.3389/fmed.2025.1606336","10.3389_fmed.2025.1606336"
"882",939,"Predicting the Risk of Burnout Syndrome Using Korean Occupational Stress Scale (KOSS): A Machine Learning Approach.","10.1016/j.shaw.2025.08.006","10.1016_j.shaw.2025.08.006"
"883",941,"Evaluating the prognostic value of DECAF score and procalcitonin in patients with COPD exacerbation.","10.1016/j.ajem.2025.01.012","10.1016_j.ajem.2025.01.012"
"884",942,"Machine learning-optimized metabolic biomarker panel for precision screening of early-stage pancreatic cancer in new-onset diabetes.","10.3389/fendo.2025.1684608","10.3389_fendo.2025.1684608"
"885",943,"Validation of the Diabetes Risk Assessment in Dentistry Score in NHANES 2009-2014.","10.1111/jcpe.70037","10.1111_jcpe.70037"
"886",944,"Machine Learning-Based Prediction of Early Complications Following Surgery for Intestinal Obstruction: Multicenter Retrospective Study.","10.2196/68354","10.2196_68354"
"887",945,"Dynamic ALBI score and FIB-4 index trends to predict complications after resection of hepatocellular carcinoma: A K-means clustering approach.","10.1016/j.ejso.2025.109723","10.1016_j.ejso.2025.109723"
"888",947,"Reduced Native T1 Values of Wrist Tissues in Transthyretin Cardiac Amyloidosis.","10.3390/jcm14207374","10.3390_jcm14207374"
"889",948,"Time-dependent diffusion MRI derived microstructure parameters to predict differentiation degree and Ki-67 expression in rectal cancer.","10.1016/j.ejrad.2025.112522","10.1016_j.ejrad.2025.112522"
"890",949,"Automatic detection of optic canal fractures and recognition and segmentation of anatomical structures in the orbital apex based on artificial intelligence.","10.3389/fcell.2025.1609028","10.3389_fcell.2025.1609028"
"891",950,"Development and validation of a nomogram model for assessing the severity of acute pancreatitis from the perspective of PICS.","10.3389/fnut.2025.1611501","10.3389_fnut.2025.1611501"
"892",951,"EULAR/ACR risk stratification criteria for development of rheumatoid arthritis in the risk stage of arthralgia.","10.1016/j.ard.2025.01.021","10.1016_j.ard.2025.01.021"
"893",952,"Sugar-sweetened beverage consumption predicts metabolic associated fatty liver disease in patients with type 2 diabetes mellitus.","10.3389/fendo.2025.1651370","10.3389_fendo.2025.1651370"
"894",953,"Computed tomography features of gastric cancer with deficient mismatch repair: Radiologic-pathologic correlation.","10.1016/j.ejrad.2025.112186","10.1016_j.ejrad.2025.112186"
"895",955,"Unveiling hidden risks: A Holistically-Driven Weak Supervision framework for ultra-short-term ACS prediction using CCTA.","10.1016/j.compmedimag.2025.102636","10.1016_j.compmedimag.2025.102636"
"896",956,"A nomogram for predicting the risk of liver metastasis in non-functional neuroendocrine neoplasms: A population-based study.","10.1016/j.ejso.2025.109708","10.1016_j.ejso.2025.109708"
"897",957,"Extracellular water-to-total body water ratio predicts phenoconversion in REM sleep behavior disorder: A bioimpedance-based cohort study.","10.1016/j.sleep.2025.108716","10.1016_j.sleep.2025.108716"
"898",958,"Preoperative albumin can predict the risk of postoperative deep venous thrombosis in non-cardiac surgery.","10.3389/fmed.2025.1635218","10.3389_fmed.2025.1635218"
"899",959,"Propofol-associated Hypertriglyceridemia: Development and Multicenter Validation of a Machine-Learning-Based Prediction Tool.","10.1177/08850666251342559","10.1177_08850666251342559"
"900",960,"Effectiveness of digital screening tools in detecting cognitive impairment among community-dwelling elderly in Northern China: A large cohort study.","10.1016/j.tjpad.2025.100080","10.1016_j.tjpad.2025.100080"
"901",961,"Ultrasound-Based Assessment of Rectus Femoris Muscle Wasting as a Predictor of 28-Day Mortality in Septic Shock: A Prospective Study.","10.1177/08850666251370636","10.1177_08850666251370636"
"902",962,"Predicting the indication for adjuvant radiation therapy according to EAU guidelines among patients with high-risk prostate cancer: a novel multivariable model.","10.1038/s41391-025-01018-y","10.1038_s41391-025-01018-y"
"903",963,"Morphological characteristics of apical intervertebral discs as predictors of curve progression in adolescents with idiopathic scoliosis.","10.1016/j.spinee.2025.07.019","10.1016_j.spinee.2025.07.019"
"904",965,"A predictiament injuryve nomogram for cervical anterior longitudinal ligament injury.","10.1007/s00586-025-09162-8","10.1007_s00586-025-09162-8"
"905",966,"Deep fusion model integrating whole slide images and preoperative MRIs for survival prediction in IDH wild-type glioblastoma.","10.1016/j.cmpb.2025.108936","10.1016_j.cmpb.2025.108936"
"906",967,"Development and validation of a preoperative risk prediction model for severe complications and very early recurrence after liver resection for hepatocellular carcinoma.","10.1016/j.surg.2025.109527","10.1016_j.surg.2025.109527"
"907",968,"Diagnostic and prognostic value of ECG-predicted hypertension-mediated left ventricular hypertrophy using machine learning.","10.1097/HJH.0000000000004034","10.1097_HJH.0000000000004034"
"908",969,"Nomogram for predicting long-term survival in renal cell carcinoma patients undergoing thermal ablation.","10.1016/j.urolonc.2025.04.012","10.1016_j.urolonc.2025.04.012"
"909",970,"Ligand-Based Drug Discovery Leveraging State-of-the-Art Machine Learning Methodologies Exemplified by Cdr1 Inhibitor Prediction.","10.1021/acs.jcim.5c00374","10.1021_acs.jcim.5c00374"
"910",971,"Enhanced Lung Cancer Survival Prediction Using Semi-Supervised Pseudo-Labeling and Learning from Diverse PET/CT Datasets.","10.3390/cancers17020285","10.3390_cancers17020285"
"911",972,"Machine learning diagnostic model for amyotrophic lateral sclerosis analysis using MRI-derived features.","10.1007/s00234-025-03732-9","10.1007_s00234-025-03732-9"
"912",973,"Long-Term Prognostic Value of Angiographic No-Reflow Phenomenon in Patients With Non-ST-Segment Elevation Myocardial Infarction.","10.1002/ccd.70350","10.1002_ccd.70350"
"913",974,"Temporal dynamics and predictive modeling of oral epithelial dysplasia features during carcinogenesis.","10.1016/j.archoralbio.2025.106444","10.1016_j.archoralbio.2025.106444"
"914",975,"Relationship between clinical and pathologic findings and the presence of genetic variants in patients with steroid-resistant nephrotic syndrome.","10.1007/s00467-025-06842-x","10.1007_s00467-025-06842-x"
"915",976,"Plasma proteomics profiles predict the risk of future aortic aneurysm and aortic dissection.","10.1097/JS9.0000000000002845","10.1097_JS9.0000000000002845"
"916",977,"Development of a Nomogram Model to Predict the Risk of Postoperative Delirium in Cardiac Surgery Patients.","10.1007/s12265-025-10640-z","10.1007_s12265-025-10640-z"
"917",979,"Real-world clinical impact of three commercial AI algorithms on musculoskeletal radiography interpretation: A prospective crossover reader study.","10.1016/j.ijmedinf.2025.106120","10.1016_j.ijmedinf.2025.106120"
"918",980,"New prognostic features and personalized treatment strategies of mitochondrial related genes in colorectal cancer patients.","10.3389/fphar.2025.1540767","10.3389_fphar.2025.1540767"
"919",981,"The additional role of contrast-enhanced ultrasound in identifying lesions in pathological nipple discharge patients: a prospective study comparing with DCE-MRI.","10.1093/bjr/tqaf244","10.1093_bjr_tqaf244"
"920",982,"Cerebrospinal Fluid Metabolome in Central Nervous System Infections: A Study of Diagnostic Accuracy.","10.1002/ana.27291","10.1002_ana.27291"
"921",984,"The utility of the Ascertain Dementia Eight-item Questionnaire (AD8) and Mini-Cog in detecting cognitive impairment in older surgical patients - The Detect CI study.","10.1016/j.jclinane.2025.111940","10.1016_j.jclinane.2025.111940"
"922",985,"Association of the CHG index with 90-day functional outcomes and mortality in acute ischemic stroke after endovascular therapy: A retrospective study.","10.1016/j.jstrokecerebrovasdis.2025.108502","10.1016_j.jstrokecerebrovasdis.2025.108502"
"923",986,"A combined approach of Interleukin-8 and magnetic resonance neurography to differentiate Guillain-Barré syndrome and chronic inflammatory demyelinating polyneuropathy.","10.1016/j.jns.2025.125675","10.1016_j.jns.2025.125675"
"924",987,"Development of a Diagnostic Score for Histoplasmosis in a Cohort of Patients With HIV.","10.1093/ofid/ofaf355","10.1093_ofid_ofaf355"
"925",988,"Obesity indices and cardiometabolic diseases in postmenopausal women in Ilorin, Nigeria.","10.1080/13697137.2025.2496692","10.1080_13697137.2025.2496692"
"926",989,"Predicting vector distribution in Europe: at what sample size are species distribution models reliable?","10.3389/fvets.2025.1584864","10.3389_fvets.2025.1584864"
"927",990,"Nomogram using bi-modal imaging for predicting low-level HER2 expression status in breast cancer.","10.1016/j.ejrad.2025.112118","10.1016_j.ejrad.2025.112118"
"928",991,"Stable and discriminating OCT-derived radiomics features for predicting anti-VEGF treatment response in diabetic macular edema.","10.1002/mp.17695","10.1002_mp.17695"
"929",992,"Development and validation of a machine learning model to predict cognitive behavioral therapy outcome in obsessive-compulsive disorder using clinical and neuroimaging data.","10.1016/j.jad.2025.119729","10.1016_j.jad.2025.119729"
"930",993,"Predicting cardiovascular events from routine mammograms using machine learning.","10.1136/heartjnl-2025-325705","10.1136_heartjnl-2025-325705"
"931",994,"Predicting neurodevelopment in very preterm infants using the Test of Infant Motor Performance.","10.1016/j.earlhumdev.2025.106271","10.1016_j.earlhumdev.2025.106271"
"932",995,"A Machine Learning Model for Post-Concussion Musculoskeletal Injury Risk in Collegiate Athletes.","10.1007/s40279-025-02196-4","10.1007_s40279-025-02196-4"
"933",996,"A Novel Ensemble Meta-Model for Enhanced Retinal Blood Vessel Segmentation Using Deep Learning Architectures.","10.3390/biomedicines13010141","10.3390_biomedicines13010141"
"934",997,"Circulating Tumor DNA as a Prognostic Biomarker for Selecting Participants to Early Phase Clinical Trials.","10.36401/JIPO-25-11","10.36401_JIPO-25-11"
"935",999,"Development and validation of a machine learning-based explainable predictive model for long-term net adverse clinical events in patients with high bleeding risk undergoing percutaneous coronary intervention: results from a prospective cohort study.","10.1097/JS9.0000000000002744","10.1097_JS9.0000000000002744"
"936",1000,"Predictive Value of Left Atrial Strain for Atrial High-Rate Episodes in Patients With Permanent Cardiac Pacing.","10.1111/jce.70186","10.1111_jce.70186"
"937",1001,"The establishment of machine learning prognostic prediction models for pineal region tumors based on SEER-A multicenter real-world study.","10.1016/j.ejso.2025.110058","10.1016_j.ejso.2025.110058"
"938",1002,"Non-invasive PECS model for detection of combined post-capillary pulmonary hypertension.","10.3389/fmed.2025.1660387","10.3389_fmed.2025.1660387"
"939",1004,"Baseline [18F]FP-CIT PET-based deep learning prediction of levodopa-induced dyskinesia in Parkinson's disease.","10.1038/s41531-025-00982-5","10.1038_s41531-025-00982-5"
"940",1005,"Stress echocardiography based RV-pulmonary coupling predicts rehospitalization and mortality in HFpEF.","10.1016/j.ijcard.2025.134034","10.1016_j.ijcard.2025.134034"
"941",1006,"CLABpredICU---AI-driven risk prediction for CLABSI in intensive care units based on clinical and biochemical parameters.","10.1016/j.ajic.2025.05.016","10.1016_j.ajic.2025.05.016"
"942",1007,"Development and validation of a risk prediction model for autologous arteriovenous fistula thrombosis in patients receiving maintenance hemodialysis.","10.1080/0886022X.2025.2477832","10.1080_0886022X.2025.2477832"
"943",1008,"Prevalence of malnutrition and associated factors in Chinese children and adolescents aged 3-14 years using machine learning algorithms.","10.7189/jogh.15.04204","10.7189_jogh.15.04204"
"944",1009,"Longitudinal analysis of adolescents at high risk of depression: Prediction models.","10.1016/j.apnr.2025.151927","10.1016_j.apnr.2025.151927"
"945",1010,"Machine learning of immune-related laboratory indicators enables discrimination between pulmonary and extrapulmonary tuberculosis.","10.3389/fmed.2025.1712073","10.3389_fmed.2025.1712073"
"946",1012,"The predictive value of the systemic inflammation-nutrition index for treatment response and prognosis in patients with locally advanced gastrointestinal stromal tumors receiving neoadjuvant imatinib therapy: a dual-center retrospective cohort study.","10.1177/17588359251378286","10.1177_17588359251378286"
"947",1013,"Why does my medical AI look at pictures of birds? Exploring the efficacy of transfer learning across domain boundaries.","10.1016/j.cmpb.2025.108634","10.1016_j.cmpb.2025.108634"
"948",1014,"Role of hypoxia-related differentially expressed genes in pathogenesis of keratoconus and construction of diagnostic models.","10.1016/j.exer.2025.110827","10.1016_j.exer.2025.110827"
"949",1015,"Prediction of postoperative delirium after cardiac surgery by the interplay between preoperative plasma p-tau181 and IL-6 and heart-brain axis related factors: results from the prospective observational study FINDERI.","10.1038/s41380-025-03412-3","10.1038_s41380-025-03412-3"
"950",1016,"A nomogram for predicting survival in patients with primary testicular lymphoma: A population-based study.","10.1016/j.urolonc.2024.12.274","10.1016_j.urolonc.2024.12.274"
"951",1018,"Interaction of inflammatory factors related to pulmonary infection and TLR4/NF-κB signaling pathway in patients with spontaneous intracerebral hemorrhage.","10.1016/j.cyto.2024.156851","10.1016_j.cyto.2024.156851"
"952",1020,"Microvascular Perfusion MRI Improves Therapy Monitoring and Detects Early Recurrences of Gliomas: A Large-Scale Trial of 2000 Follow-Up Examinations.","10.3174/ajnr.A8922","10.3174_ajnr.A8922"
"953",1021,"Echocardiographic biomarkers for cross-altitude prediction of acute mountain sickness: A prospective cohort study in young males.","10.1016/j.tmaid.2025.102947","10.1016_j.tmaid.2025.102947"
"954",1022,"RIPTOSO: The development of a screening tool for adverse events during forensic-psychiatric inpatient treatments of offenders with schizophrenia spectrum disorders.","10.1016/j.psychres.2025.116537","10.1016_j.psychres.2025.116537"
"955",1023,"Comparison between vibration-controlled transient elastography and point shear wave elastography for assessment of hepatic fibrosis based on magnetic resonance elastography.","10.14366/usg.25090","10.14366_usg.25090"
"956",1024,"A novel approach in comparing the performance of bivariate statistical methods, boosting, and stacking models in flood susceptibility assessment.","10.1016/j.jenvman.2025.125670","10.1016_j.jenvman.2025.125670"
"957",1025,"Attention-Guided 3D CNN With Lesion Feature Selection for Early Alzheimer's Disease Prediction Using Longitudinal sMRI.","10.1109/JBHI.2024.3482001","10.1109_JBHI.2024.3482001"
"958",1027,"Transformer-based skeletal muscle deep-learning model for survival prediction in gastric cancer patients after curative resection.","10.1007/s10120-025-01614-w","10.1007_s10120-025-01614-w"
"959",1028,"Performance of shock index, lactate and physician's gestalt in predicting adverse events among critically ill adult patients at an Emergency Department in Tanzania.","10.1016/j.afjem.2025.100914","10.1016_j.afjem.2025.100914"
"960",1029,"Tumor-Agnostic Circulating Tumor DNA Analysis as a Comprehensive Predictive Biomarker of Recurrence after Ablative Radiotherapy for Early-Stage Non-Small Cell Lung Cancer.","10.1016/j.cllc.2025.09.013","10.1016_j.cllc.2025.09.013"
"961",1030,"aMMP-8 self-testing and self-administered questionnaires for periodontitis screening: A diagnostic trial in a Chinese population.","10.1002/jper.70032","10.1002_jper.70032"
"962",1031,"Development and validation of a nomogram prediction model for perioperative deep vein thrombosis risk in arthroplasty: a retrospective study.","10.3389/fmed.2025.1528154","10.3389_fmed.2025.1528154"
"963",1032,"Dynamic HRV Monitoring and Machine Learning Predict NYHA Improvements in Acute Heart Failure Patients.","10.1016/j.compbiomed.2025.109995","10.1016_j.compbiomed.2025.109995"
"964",1033,"Risk factors for elbow stiffness after surgery for AO / OTA type C distal humerus fractures.","10.1016/j.injury.2025.112560","10.1016_j.injury.2025.112560"
"965",1034,"Associations between the meniscal spatial-specific signal indexes of T2-weighted images and the presence of radiographic knee osteoarthritis.","10.1016/j.ejrad.2025.112294","10.1016_j.ejrad.2025.112294"
"966",1035,"White Matter Microstructural Alterations Are Linked to Cognitive Impairment in Patients with Fabry Disease: an Automated Fiber Quantification Study.","10.1007/s00062-025-01593-6","10.1007_s00062-025-01593-6"
"967",1036,"Pre-procedural abnormal von Willebrand factor function predicts clinical outcomes after Transcatheter Aortic Valve Implantation: a prospective cohort study.","10.3389/fcvm.2025.1576921","10.3389_fcvm.2025.1576921"
"968",1037,"Machine learning prediction of rapid HBsAg seroclearance at week 24 in inactive carriers treated with pegylated interferon.","10.1007/s12072-025-10936-x","10.1007_s12072-025-10936-x"
"969",1038,"An immunometabolism-related signature for renal clear cell carcinoma diagnosis and therapeutic target.","10.1002/ccs3.70047","10.1002_ccs3.70047"
"970",1039,"Predicting peri-implantitis incidence and implant failure via risk-assessment and prognostication tools: A validation study.","10.1002/jper.70047","10.1002_jper.70047"
"971",1040,"Application of Quantitative CT and Machine Learning in the Evaluation and Diagnosis of Polymyositis/Dermatomyositis-Associated Interstitial Lung Disease.","10.1016/j.acra.2025.04.012","10.1016_j.acra.2025.04.012"
"972",1041,"Construction of risk prediction model and risk score table for infant heart failure hospital death based on white blood cell count to total protein ratio.","10.1016/j.heliyon.2025.e42365","10.1016_j.heliyon.2025.e42365"
"973",1042,"Risk factors for acute kidney injury in patients with acute pancreatitis and construction of nomogram model: a single-center study and external validation.","10.3389/fmed.2025.1626664","10.3389_fmed.2025.1626664"
"974",1044,"CT-derived extracellular volume fraction as a predictive marker for postoperative recurrence in pStage II-III gastric cancer.","10.1007/s00330-025-11765-0","10.1007_s00330-025-11765-0"
"975",1045,"Efficacy analysis of serum ferritin, Hcy, CRP combined with fat ultrasound parameters in predicting metabolic dysfunction-associated steatotic liver disease.","10.3389/fmed.2025.1637694","10.3389_fmed.2025.1637694"
"976",1046,"Multicenter validation of a galactomannan chemiluminescence immunoassay for the diagnosis of pulmonary aspergillosis on serum of patients with hematological disease.","10.1128/jcm.01053-24","10.1128_jcm.01053-24"
"977",1047,"Improved breast cancer diagnosis using a CA15-3 capture antibody-lectin sandwich assay.","10.1007/s10549-025-07672-z","10.1007_s10549-025-07672-z"
"978",1048,"Dermoscopic Features and Their Association With Breslow Thickness of Facial Lentigo Maligna in Koreans: A Multi-Center Retrospective Study.","10.1111/1346-8138.17822","10.1111_1346-8138.17822"
"979",1049,"Identification of key genes associated with atrial fibrillation and hypoxia using WGCNA and machine learning technology.","10.3389/fcvm.2025.1614979","10.3389_fcvm.2025.1614979"
"980",1050,"Long-term Alzheimer's disease mortality prediction in adults aged ≥60 years: A prospective cohort study benchmarking survival machine learning algorithms.","10.1002/dad2.70229","10.1002_dad2.70229"
"981",1051,"Diagnostic Performance of Angiography-Based Vessel-Fractional Flow Reserve Compared with Various Wire-Based Physiological Assessments.","10.1002/ccd.31534","10.1002_ccd.31534"
"982",1052,"Development of a multimodal fully automated ensemble model to predict EGFR mutation and efficacy of EGFR-TKI in non-small cell lung cancer.","10.21037/tlcr-2025-672","10.21037_tlcr-2025-672"
"983",1053,"Evaluation of serum hsa_tsr014055 as a potential biomarker for diagnosis and prognosis of hepatocellular carcinoma.","10.1080/07853890.2025.2528978","10.1080_07853890.2025.2528978"
"984",1054,"Shapley-based saliency maps improve interpretability of vertebral compression fractures classification: multicenter study.","10.1007/s11547-025-01968-2","10.1007_s11547-025-01968-2"
"985",1055,"Short-term outcomes of non-ST segment elevation acute coronary syndrome after percutaneous coronary intervention: a single-center speckle tracking echocardiographic study in Vietnam.","10.3389/fcvm.2025.1619262","10.3389_fcvm.2025.1619262"
"986",1056,"Analyzing Influencing Factors of Uterine Rupture in Pregnant Women with Scarred Uterus Undergoing Repeat Delivery and Evaluating the Predictive Value of Lower Uterine Anterior Wall Thickness.","10.2147/IJWH.S530520","10.2147_IJWH.S530520"
"987",1058,"Advancing preeclampsia prediction: a tailored machine learning pipeline integrating resampling and ensemble models for handling imbalanced medical data.","10.1186/s13040-025-00440-1","10.1186_s13040-025-00440-1"
"988",1059,"Automatic segmentation model and machine learning model grounded in ultrasound radiomics for distinguishing between low malignant risk and intermediate-high malignant risk of adnexal masses.","10.1186/s13244-024-01874-7","10.1186_s13244-024-01874-7"
"989",1060,"Prostate magnetic resonance imaging to predict grade concordance, extra prostatic extension, and biochemical recurrence after radical prostatectomy.","10.1016/j.urolonc.2025.02.013","10.1016_j.urolonc.2025.02.013"
"990",1062,"An early detection of autism spectrum disorder using machine learning.","10.1016/j.compbiomed.2025.111238","10.1016_j.compbiomed.2025.111238"
"991",1063,"Triglyceride-glucose index predicts ventricular aneurysm formation in acute ST-segment elevation myocardial infarction.","10.3389/fendo.2025.1423040","10.3389_fendo.2025.1423040"
"992",1064,"Oxidative balance score and menopausal status: insights from epidemiological analysis and machine learning models.","10.3389/fnut.2025.1586606","10.3389_fnut.2025.1586606"
"993",1065,"Integrating Machine Learning and Dynamic Digital Follow-up for Enhanced Prediction of Postoperative Complications in Bariatric Surgery.","10.1007/s11695-025-07894-6","10.1007_s11695-025-07894-6"
"994",1066,"Development of a prognostic oxidative stress-immune-inflammation score and online calculators for predicting survival and recurrence in gastric cancer: a multicenter study.","10.1007/s00464-025-11596-6","10.1007_s00464-025-11596-6"
"995",1067,"Tissue classification from raw diffusion-weighted images using machine learning.","10.1002/mp.17810","10.1002_mp.17810"
"996",1068,"Detection of early neurological deterioration using a quantitative electroencephalography system in patients with large vessel occlusion stroke after endovascular treatment.","10.1136/jnis-2024-022011","10.1136_jnis-2024-022011"
"997",1069,"Machine learning versus clinicians for detection and classification of oral mucosal lesions.","10.1016/j.jdent.2025.105992","10.1016_j.jdent.2025.105992"
"998",1070,"The expression level of EVI1 and clinical features help to distinguish prognostic heterogeneity in the AML entity with EVI1 overexpression.","10.1016/j.canlet.2025.217547","10.1016_j.canlet.2025.217547"
"999",1071,"LAC-TME classifier: machine learning-driven model predicts survival and prioritizes targeted therapy in clear cell renal cell carcinoma.","10.1007/s00432-025-06365-w","10.1007_s00432-025-06365-w"
"1000",1072,"Comparison of Outcomes Between Ablation and Lobectomy in Stage IA Non-Small Cell Lung Cancer: A Retrospective Multicenter Study.","10.1111/resp.70116","10.1111_resp.70116"
"1001",1073,"Impact of D-Dimer on the Prognostic Value of PARIS Thrombosis Risk Score in Acute Coronary Syndrome Patients Undergoing PCI: From a Large Prospective Cohort Study.","10.1002/ccd.31526","10.1002_ccd.31526"
"1002",1074,"Development and External Validation of a Prediction Model for Early Postoperative Cerebral Infarction on Computed Tomography in Spontaneous Intracerebral Hemorrhage.","10.1007/s12028-024-02193-x","10.1007_s12028-024-02193-x"
"1003",1075,"A Predictive Model Based on Machine Learning Algorithm for Vein Thrombosis After Ovarian Cancer Resection.","10.2147/IJWH.S550882","10.2147_IJWH.S550882"
"1004",1076,"ZJU index as a predictive biomarker of gestational diabetes mellitus: a prospective cohort analysis.","10.3389/fnut.2025.1570771","10.3389_fnut.2025.1570771"
"1005",1077,"Evaluating a virtual reality visual fields analyzer in an urban, underserved glaucoma & glaucoma suspect patient populations to identify disparities.","10.1007/s00417-025-06886-7","10.1007_s00417-025-06886-7"
"1006",1079,"A Novel MRI-Based Approach to Peripheral Refraction and Prediction of Myopia Progression.","10.1016/j.ajo.2025.06.013","10.1016_j.ajo.2025.06.013"
"1007",1080,"Habitat imaging with intratumoral radiomics for prediction of axillary response after neoadjuvant chemotherapy in breast cancer patients.","10.3389/fmolb.2025.1684809","10.3389_fmolb.2025.1684809"
"1008",1081,"Comparative Analysis of Habitat Expansion Mechanisms for Four Invasive Amaranthaceae Plants Under Current and Future Climates Using MaxEnt.","10.3390/plants14152363","10.3390_plants14152363"
"1009",1082,"Neopterin as a marker of congenital cytomegalovirus infection.","10.1016/j.earlhumdev.2025.106399","10.1016_j.earlhumdev.2025.106399"
"1010",1083,"CPZ: A Highly Sensitive Diagnostic Biomarker for the Differentiation Between Hepatocellular Carcinoma and Intrahepatic Cholangiocarcinoma, Particularly in Poorly Differentiated Hepatocellular Carcinoma.","10.1097/PAS.0000000000002393","10.1097_PAS.0000000000002393"
"1011",1084,"Development of a predictive nomogram for treatment response to urethral botulinum toxin A injection in women with non-neurogenic dysfunctional voiding.","10.1007/s00345-025-05888-8","10.1007_s00345-025-05888-8"
"1012",1085,"Artificial intelligence driven plaque characterization and functional assessment from CCTA using OCT-based automation: A prospective study.","10.1016/j.ijcard.2025.133140","10.1016_j.ijcard.2025.133140"
"1013",1086,"Multisite DNA methylation alterations of peripheral blood mononuclear cells serve as novel biomarkers for the diagnosis of AIS/stage I lung adenocarcinoma: a multicenter cohort study.","10.1097/JS9.0000000000002101","10.1097_JS9.0000000000002101"
"1014",1087,"Improved diagnostic decision making for microvascular invasion in HCC using a novel nomogram incorporating delta radiomics and body composition factors: A multicenter study.","10.1016/j.ejso.2025.110219","10.1016_j.ejso.2025.110219"
"1015",1088,"Neutrophil Percentage-to-Albumin Ratio Predicts Contrast-Induced Acute Kidney Injury in Acute Coronary Syndrome Patients Undergoing Percutaneous Coronary Intervention.","10.3390/jcm14238367","10.3390_jcm14238367"
"1016",1090,"Integrating blockchain technology with artificial intelligence for the diagnosis of tibial plateau fractures.","10.1007/s00068-025-02793-y","10.1007_s00068-025-02793-y"
"1017",1091,"High-Speed Videoendoscopy and Stiffness Mapping for AI-Assisted Glottic Lesion Differentiation.","10.3390/cancers17081376","10.3390_cancers17081376"
"1018",1092,"Clinical utility of severity scores in identifying severe influenza.","10.1016/j.ajem.2025.07.029","10.1016_j.ajem.2025.07.029"
"1019",1094,"Federated Learning for Renal Tumor Segmentation and Classification on Multi-Center MRI Dataset.","10.1002/jmri.29819","10.1002_jmri.29819"
"1020",1095,"Deep learning-assisted comparison of different models for predicting maxillary canine impaction on panoramic radiography.","10.1016/j.ajodo.2025.05.008","10.1016_j.ajodo.2025.05.008"
"1021",1096,"Assessing the applicability of the DOAC, HAS-BLED and ORBIT risk scores in Chinese patients on non-vitamin K antagonist oral anticoagulants.","10.1111/bcp.16396","10.1111_bcp.16396"
"1022",1097,"Development and Validation of a Risk Prediction Model for Cognitive Frailty in Elderly Patients With Type 2 Diabetes Mellitus.","10.1111/jocn.17508","10.1111_jocn.17508"
"1023",1098,"Shapley additive explanations based feature selection reveals CXCL14 as a key immune-related gene in predicting idiopathic pulmonary fibrosis.","10.3389/fmed.2025.1608078","10.3389_fmed.2025.1608078"
"1024",1099,"Integrated microbiome-metabolome profiling unveils a predictive signature for early recurrence in hepatocellular carcinoma.","10.3389/fmicb.2025.1653249","10.3389_fmicb.2025.1653249"
"1025",1100,"Study on the association between visceral adiposity index and diabetic kidney disease in hospitalized patients with type 2 diabetes mellitus in China.","10.3389/fendo.2025.1549954","10.3389_fendo.2025.1549954"
"1026",1101,"Integrating genomic and pathological characteristics to enhance prognostic precision in advanced NSCLC.","10.1038/s41698-025-01056-8","10.1038_s41698-025-01056-8"
"1027",1102,"Machine learning on a smartphone-based CPT for ADHD prediction.","10.3389/fpsyt.2025.1564351","10.3389_fpsyt.2025.1564351"
"1028",1103,"Clinical Diagnostic Value of 5 T MRI for Knee Injuries: A Comparison Study With 1.5 or 3 T.","10.1002/jmri.70045","10.1002_jmri.70045"
"1029",1104,"Predicting postoperative neurological outcomes of degenerative cervical myelopathy based on machine learning.","10.3389/fbioe.2025.1529545","10.3389_fbioe.2025.1529545"
"1030",1105,"Novel non-curable resection prediction model for early colorectal cancer following endoscopic submucosal dissection based on inflammatory immune index.","10.3389/fmed.2025.1489842","10.3389_fmed.2025.1489842"
"1031",1106,"Early differential diagnosis models of Talaromycosis and Tuberculosis in HIV-negative hosts using clinical data and machine learning.","10.1016/j.jiph.2025.102740","10.1016_j.jiph.2025.102740"
"1032",1107,"Multiparametric MRI for differentiating idiopathic granulomatous mastitis from invasive breast cancer:Improving radiologists' diagnostic accuracy.","10.1016/j.ejrad.2025.111958","10.1016_j.ejrad.2025.111958"
"1033",1108,"Improving OSA screening efficiency with subjective questionnaires: integrating STOP-Bang, ESS, and Berlin.","10.3389/fmed.2025.1581904","10.3389_fmed.2025.1581904"
"1034",1109,"Landslide Susceptibility Mapping using Statistical Information Value Model: A Case Study of part of Chamoli District, Uttarakhand India.","10.1111/risa.70141","10.1111_risa.70141"
"1035",1110,"Evaluating and comparing the predictive ability with hypertension risk among obesity indicators: a prospective cohort integrating Mendelian randomization analysis.","10.3389/fnut.2025.1660842","10.3389_fnut.2025.1660842"
"1036",1111,"Predictors of nonunion after nonoperative treatment of displaced midshaft clavicle fractures.","10.1016/j.injury.2025.112657","10.1016_j.injury.2025.112657"
"1037",1112,"Impact of Local Extent of Tumor on the Survival Outcomes for Surgically Treated Tongue Cancers.","10.1002/hed.28072","10.1002_hed.28072"
"1038",1113,"Differentiating adolescent suicidal and nonsuicidal self-harm with artificial intelligence: Beyond suicidal intent and capability for suicide.","10.1016/j.jad.2025.02.015","10.1016_j.jad.2025.02.015"
"1039",1114,"Developing and Applying the BE-FAIR Equity Framework to a Population Health Predictive Model: A Retrospective Observational Cohort Study.","10.1007/s11606-025-09462-1","10.1007_s11606-025-09462-1"
"1040",1115,"Noninvasive elastography-based assessment of liver fibrosis in primary biliary cholangitis.","10.1016/j.aohep.2025.102150","10.1016_j.aohep.2025.102150"
"1041",1116,"Study on the diagnostic efficacy of the computerized tomography attenuation value of renal pelvis urine in true bacteriuria secondary to renal and ureteral stones.","10.1080/0886022X.2025.2561786","10.1080_0886022X.2025.2561786"
"1042",1118,"External Validation of the SITE Score for De Novo Spinal Infections: A Retrospective Cohort Study.","10.1177/21925682251405776","10.1177_21925682251405776"
"1043",1119,"High ELK3 expression is associated with the wild type IDH1 in glioma and enhances infiltration of M2 macrophages.","10.1016/j.intimp.2025.115064","10.1016_j.intimp.2025.115064"
"1044",1120,"Can past variants of SARS-CoV-2 predict the impact of future variants? Machine learning for early warning of US counties at risk.","10.1007/s10729-025-09728-4","10.1007_s10729-025-09728-4"
"1045",1121,"Prenatal ultrasound prediction of coarctation of the aorta: a nomogram for risk stratification.","10.1007/s00247-025-06246-x","10.1007_s00247-025-06246-x"
"1046",1122,"Development and Validation of a Novel Risk Calculator to Predict Sub-optimal HIV Outcomes Among Pregnant and Postpartum Women with HIV in Kenya.","10.1007/s10461-025-04814-8","10.1007_s10461-025-04814-8"
"1047",1123,"Prognostic Value of the RISK-PCI Score in Patients with Non-ST-Segment Elevation Acute Myocardial Infarction.","10.3390/jcm14082727","10.3390_jcm14082727"
"1048",1124,"Construction and validation of a fall risk prediction model in elderly maintenance hemodialysis patients: a multicenter prospective cohort study.","10.1080/0886022X.2025.2455524","10.1080_0886022X.2025.2455524"
"1049",1125,"Identification of the entosis-related prognostic signature and tumour microenvironment in hepatocellular carcinoma on the basis of bioinformatics analysis and experimental validation.","10.1007/s10238-025-01580-8","10.1007_s10238-025-01580-8"
"1050",1126,"A Machine Learning Model for Predicting Intensive Care Unit Admission in Inpatients with COVID-19 Using Clinical Data and Laboratory Biomarkers.","10.3390/biomedicines13051025","10.3390_biomedicines13051025"
"1051",1127,"Development and validation of a clinical risk score nomogram for predicting clozapine plasma concentrations below 350 ng/mL: A retrospective cohort study.","10.1002/bcp.70411","10.1002_bcp.70411"
"1052",1128,"Deep learning and radiomics-driven algorithm for automated identification of May-Thurner syndrome in Iliac CTV imaging.","10.3389/fmed.2025.1526144","10.3389_fmed.2025.1526144"
"1053",1129,"C-reactive protein elevation and subsequent atrial fibrillation detection after ischemic stroke treated with mechanical thrombectomy: An inverse probability weighting analysis.","10.1177/17474930251332489","10.1177_17474930251332489"
"1054",1130,"Screening HCC Patients Who Can Benefit from the Sequential Treatment of Conversion Therapy and Radical Surgery and Constructing a Predictive Model.","10.3390/cancers17243928","10.3390_cancers17243928"
"1055",1131,"Multiplexed Electrochemical Sensing of Single-Nucleotide Polymorphic Microribonucleic Acids in Liver Cancer.","10.1021/acs.analchem.5c03442","10.1021_acs.analchem.5c03442"
"1056",1132,"Development and validation of a predictive model for postoperative acute respiratory distress syndrome in patients with type A aortic dissection based on the 2023 updated definition.","10.1186/s12931-025-03415-2","10.1186_s12931-025-03415-2"
"1057",1133,"A novel potential biomarker panel to diagnose depression derived from big proteomic data.","10.1016/j.jad.2025.120384","10.1016_j.jad.2025.120384"
"1058",1134,"Serum neurofilament light chain and multimodal neuroprognostication after cardiac arrest - A retrospective cohort study.","10.1016/j.resuscitation.2025.110650","10.1016_j.resuscitation.2025.110650"
"1059",1135,"Difference in anterior fontanelle closure between non-syndromic craniosynostosis and normal controls: a retrospective cross-sectional study.","10.1186/s13052-025-02125-1","10.1186_s13052-025-02125-1"
"1060",1136,"Machine Learning Models Can Predict Tinnitus and Noise-Induced Hearing Loss.","10.1097/AUD.0000000000001670","10.1097_AUD.0000000000001670"
"1061",1137,"Utilizing Clinicopathological and Radiomic Features for Risk Stratification of Lung Cancer Recurrence.","10.1016/j.acra.2025.04.062","10.1016_j.acra.2025.04.062"
"1062",1138,"A Drug Similarity-Based Bayesian Method for Early Adverse Drug Event Detection.","10.1007/s40264-025-01545-6","10.1007_s40264-025-01545-6"
"1063",1139,"Explainable prototype-based image classification using adaptive feature extractors in medical images.","10.1016/j.compbiomed.2025.111322","10.1016_j.compbiomed.2025.111322"
"1064",1140,"A prediction model to discriminate severe fever with thrombocytopenia syndrome with hemorrhagic fever with renal syndrome.","10.1080/07853890.2025.2589563","10.1080_07853890.2025.2589563"
"1065",1141,"Analysis of the correlation between EAT thickness and prognosis in patients with heart failure with preserved ejection fraction.","10.3389/fcvm.2025.1640707","10.3389_fcvm.2025.1640707"
"1066",1142,"Daily prediction of next-day disease severity in critically ill patients: A prospective cohort study.","10.1016/j.aucc.2025.101230","10.1016_j.aucc.2025.101230"
"1067",1143,"Fractal analysis of left ventricular trabeculae in hypertensive patients with heart failure: a 3.0 T cardiac magnetic resonance study.","10.3389/fcvm.2025.1697453","10.3389_fcvm.2025.1697453"
"1068",1144,"Early detection of positive urine culture in patients with urolithiasis: a machine learning model with dynamic online nomogram.","10.1080/07853890.2025.2550582","10.1080_07853890.2025.2550582"
"1069",1145,"Development and clinical evaluation of an AI-assisted respiratory state classification system for chest X-rays: A BMI-Specific approach.","10.1016/j.compbiomed.2025.109854","10.1016_j.compbiomed.2025.109854"
"1070",1146,"Intestinal Ultrasound and Its Advanced Modalities in Characterizing Strictures in Crohn's Disease.","10.1016/j.cgh.2025.05.013","10.1016_j.cgh.2025.05.013"
"1071",1147,"Oral microbial signatures underlying recurrence via PI3K/AKT/mTOR pathway modulation in oral squamous cell carcinoma.","10.1080/20002297.2025.2560020","10.1080_20002297.2025.2560020"
"1072",1148,"Integrating Magnetic Resonance Chemical Shift Imaging for Localized Prostate Cancer Risk Stratification on the Basis of the Impact of Periprostatic Brown Adipocytes Within Tumor Microenvironment.","10.1245/s10434-025-17512-5","10.1245_s10434-025-17512-5"
"1073",1149,"MRI-based interpretable clinicoradiological and radiomics machine learning model for preoperative prediction of pituitary macroadenomas consistency: a dual-center study.","10.1007/s00234-025-03698-8","10.1007_s00234-025-03698-8"
"1074",1150,"MultiExCam: A multi approach and explainable artificial intelligence architecture for skin lesion classification.","10.1016/j.cmpb.2025.109081","10.1016_j.cmpb.2025.109081"
"1075",1151,"The prognostic value of preoperative Neutrophil-to-Albumin ratio (NPAR) for postoperative complications and survival in colorectal cancer patients undergoing robot-assisted surgery: a retrospective cohort study.","10.1007/s11701-025-02966-2","10.1007_s11701-025-02966-2"
"1076",1152,"Assessing diagnostic accuracy of intravascular imaging for functionally significant coronary stenosis: updated findings from a meta-analysis.","10.1136/heartjnl-2024-324499","10.1136_heartjnl-2024-324499"
"1077",1153,"Evaluating CSPG4 expression in esophageal basaloid squamous cell carcinoma and conventional squamous cell carcinoma: a multi-institutional retrospective study in China.","10.1007/s00428-024-04020-2","10.1007_s00428-024-04020-2"
"1078",1154,"Predicting in-hospital mortality in patients with alcoholic cirrhosis complicated by severe acute kidney injury: development and validation of an explainable machine learning model.","10.3389/fmed.2025.1570928","10.3389_fmed.2025.1570928"
"1079",1155,"Precision prediction of hyperhomocysteinemia development in perimenopausal women using LASSO regression.","10.3389/frph.2025.1670141","10.3389_frph.2025.1670141"
"1080",1156,"Resting-state functional MRI metrics to detect freezing of gait in Parkinson's disease: a machine learning approach.","10.1016/j.compbiomed.2025.110244","10.1016_j.compbiomed.2025.110244"
"1081",1157,"Combined analysis of bulk, single-cell RNA sequencing, and spatial transcriptomics reveals the expression patterns of lipid metabolism and ferroptosis in the immune microenvironment of metabolic-associated fatty liver disease.","10.1016/j.lfs.2025.123377","10.1016_j.lfs.2025.123377"
"1082",1158,"Association between the postoperative glycemic variability and mortality after craniotomy: a retrospective cohort study and development of a mortality prediction model.","10.3389/fendo.2025.1613662","10.3389_fendo.2025.1613662"
"1083",1159,"Effect of CBC-Derived Inflammatory Indicators in Predicting Chronic Kidney Disease Risk in Hypertrophic Cardiomyopathy Patients.","10.3390/biomedicines13040997","10.3390_biomedicines13040997"
"1084",1160,"The Impact of CT Attenuation on Subsolid Pulmonary Nodule Detection With the Zero Echo Time MRI Technique.","10.1016/j.cllc.2025.10.006","10.1016_j.cllc.2025.10.006"
"1085",1161,"Machine Learning-Based Models for the Prediction of Postoperative Recurrence Risk in MVI-Negative HCC.","10.3390/biomedicines13102507","10.3390_biomedicines13102507"
"1086",1162,"Validation of GLIM criteria for diagnosis of malnutrition in stroke survivors.","10.3389/fnut.2025.1644840","10.3389_fnut.2025.1644840"
"1087",1163,"Advanced lung cancer inflammation index and short-term mortality in sepsis: a retrospective analysis.","10.3389/fnut.2025.1563311","10.3389_fnut.2025.1563311"
"1088",1164,"Clinical Value of Transcutaneous PCO2 in Free Flap Blood Supply.","10.3390/jcm14197112","10.3390_jcm14197112"
"1089",1165,"Primary exploration of cell-free DNA in the plasma of patients with parathyroid neoplasms using next-generation sequencing.","10.1186/s12935-025-03699-w","10.1186_s12935-025-03699-w"
"1090",1167,"Derivation of FAST CLOTS: A Multivariable Risk Assessment Model for Postoperative Venous Thromboembolism.","10.1016/j.jss.2025.03.069","10.1016_j.jss.2025.03.069"
"1091",1168,"Fairness in Low Birthweight Predictive Models: Implications of Excluding Race/Ethnicity.","10.1007/s40615-025-02296-x","10.1007_s40615-025-02296-x"
"1092",1169,"A Real-World Evaluation of Clinical Prognostic Scores in Advanced Melanoma Treated with Immune Checkpoint Inhibitors.","10.3390/jcm14186452","10.3390_jcm14186452"
"1093",1170,"Machine Learning-Assisted Terahertz Metagrating Biosensor for Label-Free Bacterial Identification Based on Spectral Fingerprinting.","10.1021/acs.analchem.5c04115","10.1021_acs.analchem.5c04115"
"1094",1171,"Relation knowledge distillation 3D-ResNet-based deep learning for breast cancer molecular subtypes prediction on ultrasound videos: a multicenter study.","10.1038/s41416-025-03146-7","10.1038_s41416-025-03146-7"
"1095",1172,"Construction and validation of nomogram to predict the frailty risk of senile stroke patients.","10.1016/j.gerinurse.2025.103477","10.1016_j.gerinurse.2025.103477"
"1096",1174,"Explainable machine learning for predicting aspiration pneumonia after radiotherapy in oral cavity cancer.","10.1016/j.radonc.2025.111066","10.1016_j.radonc.2025.111066"
"1097",1175,"The categorisation of the Short Warwick Edinburgh Mental Wellbeing Scale scores: an exploration from an epidemiological perspective.","10.3389/fpsyt.2025.1674009","10.3389_fpsyt.2025.1674009"
"1098",1176,"A noninvasive and highly efficient epigenetic predictive model for efficacy of the GOLP regimen in patients with intrahepatic cholangiocarcinoma.","10.1016/j.canlet.2025.217911","10.1016_j.canlet.2025.217911"
"1099",1177,"Multi-fluid, multi-omics signatures of insulin resistance and incident type 2 diabetes among Puerto Rican adults.","10.3389/fendo.2025.1699656","10.3389_fendo.2025.1699656"
"1100",1178,"Gross hematuria in nonagenarians admitted to a urological ward: prevalence, predictors, and outcomes.","10.1007/s00345-025-05975-w","10.1007_s00345-025-05975-w"
"1101",1179,"Development and validation of a fall risk assessment scale for hospitalized cancer patients undergoing chemotherapy.","10.1186/s12912-025-04157-8","10.1186_s12912-025-04157-8"
"1102",1180,"Improving differentiation of hemorrhagic brain metastases from non-neoplastic hematomas using radiomics and clinical feature fusion.","10.1007/s00234-025-03590-5","10.1007_s00234-025-03590-5"
"1103",1181,"Portable cerebral blood flow monitor to detect large vessel occlusion in patients with suspected stroke.","10.1136/jnis-2024-021536","10.1136_jnis-2024-021536"
"1104",1182,"The Predictive Validity of the Danger Assessment for Immigrant Women (DA-I).","10.1177/10778012251391128","10.1177_10778012251391128"
"1105",1183,"Exterior traits of milk-deprived and milk-fed calves as indicators for body condition or nutritional status.","10.3168/jds.2025-27130","10.3168_jds.2025-27130"
"1106",1184,"Predicting treatment-seeking status for alcohol use disorder using polygenic scores and machine learning in a deeply-phenotyped sample.","10.1016/j.drugalcdep.2025.112797","10.1016_j.drugalcdep.2025.112797"
"1107",1185,"Intraoperative dexmedetomidine use associated with prolonged postanesthesia care unit recovery time after lung resection: a retrospective cohort study.","10.3389/fphar.2025.1649139","10.3389_fphar.2025.1649139"
"1108",1186,"A deep-learning model to predict the completeness of cytoreductive surgery in colorectal cancer with peritoneal metastasis☆.","10.1016/j.ejso.2025.109760","10.1016_j.ejso.2025.109760"
"1109",1188,"Assessing severe pneumonia risk in children via clinical prognostic model based on laboratory markers.","10.1016/j.intimp.2025.114317","10.1016_j.intimp.2025.114317"
"1110",1189,"Breast density assessment via quantitative sound-speed measurement using conventional ultrasound transducers.","10.1007/s00330-024-11335-w","10.1007_s00330-024-11335-w"
"1111",1190,"Analysis of gene mutation spectrum for early-onset high myopia based on whole-exome sequencing.","10.1136/bjo-2025-327552","10.1136_bjo-2025-327552"
"1112",1191,"Combination of Serum Neurofilament Light Chain and Serum Cardiac Troponin T as Biomarkers Improves Diagnostic Accuracy in Amyotrophic Lateral Sclerosis.","10.1002/ana.78066","10.1002_ana.78066"
"1113",1192,"Personalized baseline and residual TMTV influence treatment response and outcomes in relapsed/refractory lymphomas: results from the GATA study.","10.1007/s00259-025-07154-w","10.1007_s00259-025-07154-w"
"1114",1193,"Prevalence and Factors Associated with Insomnia Among Chronic Disease Patients in Bangladesh: A Machine Learning Study.","10.2147/NSS.S547335","10.2147_NSS.S547335"
"1115",1194,"The role of 18F-fluorodeoxyglucose positron emission tomography/computed tomography-derived parameters as prognostic factors in patients undergoing resection for pancreatic ductal adenocarcinoma.","10.1016/j.surg.2025.109271","10.1016_j.surg.2025.109271"
"1116",1195,"A higher preoperative total protein to albumin ratio independently predicted more severe postoperative acute kidney injury in patients with acute type A aortic dissection: a retrospective cohort study of 224 cases.","10.3389/fcvm.2025.1562388","10.3389_fcvm.2025.1562388"
"1117",1196,"Synovial Fluid MicroRNA Biomarkers Enable Accurate Diagnosis of Hip and Knee Periprosthetic Joint Infections.","10.2106/JBJS.24.01559","10.2106_JBJS.24.01559"
"1118",1197,"Development and validation of a radiologically-based nomogram for preoperative prediction of difficult laparoscopic cholecystectomy.","10.3389/fmed.2025.1561769","10.3389_fmed.2025.1561769"
"1119",1198,"MRI histogram and Visually AcceSAble Rembrandt Images features nomogram to predict PD-L1 levels in glioblastoma.","10.1007/s10143-025-03528-8","10.1007_s10143-025-03528-8"
"1120",1199,"Establishment and validation of a risk prediction model for urinary tract infection in elderly patients with type 2 diabetes mellitus.","10.3389/fendo.2025.1557185","10.3389_fendo.2025.1557185"
"1121",1200,"Explainable Deep Learning to Predict Kelp Geographical Origin from Volatile Organic Compound Analysis.","10.3390/foods14071269","10.3390_foods14071269"
"1122",1202,"HyperACP: A cutting-edge hybrid framework for anticancer peptide classification via scalable feature extraction and adaptive neighbor-based synthesis.","10.1371/journal.pcbi.1013489","10.1371_journal.pcbi.1013489"
"1123",1203,"Detection of Ocular Surface Squamous Neoplasia Using Artificial Intelligence With Anterior Segment Optical Coherence Tomography.","10.1016/j.ajo.2025.02.019","10.1016_j.ajo.2025.02.019"
"1124",1204,"Prediction Model for Same-Day Discharge in Robotic-Assisted Radical Laparoscopic Prostatectomy.","10.1177/08927790251387357","10.1177_08927790251387357"
"1125",1205,"Analyzing factors influencing hospitalization costs for five common cancers in China using neural network models.","10.1080/13696998.2025.2494459","10.1080_13696998.2025.2494459"
"1126",1206,"Ki-67 as a Predictor of Metastasis in Adrenocortical Carcinoma: Artificial Intelligence Insights from Retrospective Imaging Data.","10.3390/jcm14144829","10.3390_jcm14144829"
"1127",1207,"Integrative Diagnostic Model Combining Urinary Biomarkers and Clinical Parameters to Improve Diagnostic Performance in Interstitial Cystitis/Bladder Pain Syndrome.","10.1016/j.euros.2025.10.021","10.1016_j.euros.2025.10.021"
"1128",1208,"Predicting six-month mortality in adult hemophagocytic lymphohistiocytosis with machine learning: a prognostic approach utilizing laboratory data.","10.1080/07853890.2025.2566869","10.1080_07853890.2025.2566869"
"1129",1209,"Dynamic machine learning models for predicting cesarean delivery risk in women with no prior cesarean delivery: A retrospective nationwide cohort analysis.","10.1002/ijgo.70234","10.1002_ijgo.70234"
"1130",1210,"Calculation of Regurgitant Volume Using Echocardiographic Volumetric Method for Accurate Diagnosis of Severe Mitral Regurgitation.","10.1016/j.echo.2025.02.012","10.1016_j.echo.2025.02.012"
"1131",1211,"Protective role of olfactomedin 4 gene polymorphisms in preterm neonates with sepsis.","10.1016/j.earlhumdev.2025.106223","10.1016_j.earlhumdev.2025.106223"
"1132",1212,"Predictive value of shear wave elastography and molecular subtypes for postoperative efficacy in patients with early breast cancer.","10.1080/07853890.2025.2544879","10.1080_07853890.2025.2544879"
"1133",1213,"The reliability and validity of the Swedish translation of the Vertigo Symptom Scale - short form in a cohort with acute vestibular syndrome.","10.1080/07853890.2025.2457517","10.1080_07853890.2025.2457517"
"1134",1214,"One-shot learning for generalization in medical image classification across modalities.","10.1016/j.compmedimag.2025.102507","10.1016_j.compmedimag.2025.102507"
"1135",1215,"Development and validation of a nomogram to predict atelectasis in adult lymph node fistula tracheobronchial tuberculosis patients.","10.3389/fmed.2025.1637007","10.3389_fmed.2025.1637007"
"1136",1216,"Population stratification using MASLD polygenic risk score improves severe liver disease prediction by clinical fibrosis scores.","10.1016/j.dld.2025.06.016","10.1016_j.dld.2025.06.016"
"1137",1217,"Machine learning enables high-throughput, low-replicate screening for novel anti-seizure targets and compounds using combined movement and calcium fluorescence in larval zebrafish.","10.1016/j.ejphar.2025.177327","10.1016_j.ejphar.2025.177327"
"1138",1218,"Vision transformer-based stratification of pre/diabetic and pre/hypertensive patients from retinal photographs for 3PM applications.","10.1007/s13167-025-00412-9","10.1007_s13167-025-00412-9"
"1139",1219,"Integrated machine learning analysis of 30 cell death patterns identifies a novel prognostic signature in glioma.","10.3389/fcell.2025.1677290","10.3389_fcell.2025.1677290"
"1140",1220,"RURUS SURYAWAN Score: A Novel Scoring System to Predict 30-Day Mortality for Acute Myocardial Infarction Undergoing Primary Percutaneous Coronary Intervention.","10.3390/jcm14051716","10.3390_jcm14051716"
"1141",1221,"Prediction of immunotherapy response in nasopharyngeal carcinoma: a comparative study using MRI-based radiomics signature and programmed cell death ligand 1 expression score.","10.1007/s00330-025-11350-5","10.1007_s00330-025-11350-5"
"1142",1222,"OvaRePred (HerTempo): an enhanced ovarian aging clock for personalized reserve assessment, endocrine age modeling, and predicting reproductive milestones across the female lifecycle.","10.3389/fendo.2025.1658068","10.3389_fendo.2025.1658068"
"1143",1223,"Risk factors for hematuria during indwelling urinary catheterization in acute myocardial infarction: a comparative analysis using logistic regression and decision tree.","10.3389/fcvm.2025.1597796","10.3389_fcvm.2025.1597796"
"1144",1224,"Simplified assessment of upper limb dysfunction after stroke: decision tree analysis based on the International Classification of Functioning, Disability and Health.","10.23736/S1973-9087.25.08976-2","10.23736_S1973-9087.25.08976-2"
"1145",1225,"Bi-parametric MRI-based quantification radiomics model for the noninvasive prediction of histopathology and biochemical recurrence after prostate cancer surgery: a multicenter study.","10.1007/s00261-025-04873-4","10.1007_s00261-025-04873-4"
"1146",1226,"AI-based personalized real-time risk prediction for behavioral management in psychiatric wards using multimodal data.","10.1016/j.ijmedinf.2025.105870","10.1016_j.ijmedinf.2025.105870"
"1147",1227,"Imaging and plasma biomarkers for pathological accumulation in Down syndrome.","10.1093/brain/awaf418","10.1093_brain_awaf418"
"1148",1228,"Construction of a visual nomogram prediction model for post-traumatic stress disorder in mothers of very low birth weight infants.","10.3389/fpsyt.2025.1550267","10.3389_fpsyt.2025.1550267"
"1149",1229,"Predictive value of the stone-free rate after percutaneous nephrolithotomy based on multiple machine learning models.","10.3389/fmed.2025.1559613","10.3389_fmed.2025.1559613"
"1150",1230,"Contrast-enhanced ultrasound for diagnosing subtypes of intrahepatic cholangiocarcinoma: a comparative study with poorly differentiated hepatocellular carcinoma.","10.1186/s40644-025-00923-8","10.1186_s40644-025-00923-8"
"1151",1231,"Stage prediction of acute kidney injury in sepsis patients using explainable machine learning approaches.","10.3389/fmed.2025.1667488","10.3389_fmed.2025.1667488"
"1152",1232,"Exploring the Association Between Triglyceride-Glucose Indices and Their Derivatives With Obstructive Sleep Apnea: Insights From the National Health and Nutrition Examination Survey.","10.2147/NSS.S487596","10.2147_NSS.S487596"
"1153",1233,"Sex-Specific Prognostic Differences Between CACS and Lp(a) in Atherosclerotic Cardiovascular Disease Events: The MESA Study.","10.1161/CIRCIMAGING.125.018413","10.1161_CIRCIMAGING.125.018413"
"1154",1234,"A Novel Machine Learning Model for Predicting Natural Conception Using Non-Laboratory-Based Data.","10.1007/s43032-025-01927-2","10.1007_s43032-025-01927-2"
"1155",1236,"Prognostic value of TAPSE in patients with septic cardiomyopathy: a retrospective observational cohort study.","10.3389/fmed.2025.1632964","10.3389_fmed.2025.1632964"
"1156",1237,"pTRACK-generated normalised average T2 signal intensity and fistula volume are accurate and sensitive measures of perianal crohn's disease activity.","10.1093/bjr/tqaf263","10.1093_bjr_tqaf263"
"1157",1238,"Identification of genomic alteration and prognosis using pathomics-based artificial intelligence in oral leukoplakia and head and neck squamous cell carcinoma: a multicenter experimental study.","10.1097/JS9.0000000000002077","10.1097_JS9.0000000000002077"
"1158",1239,"Development and validation of a CT-based radiomics machine learning model for differentiating immune-related interstitial pneumonia.","10.1016/j.intimp.2025.114681","10.1016_j.intimp.2025.114681"
"1159",1240,"Predicting postoperative complications after pneumonectomy using machine learning: a 10-year study.","10.1080/07853890.2025.2487636","10.1080_07853890.2025.2487636"
"1160",1241,"A compact encoding of the genome suitable for machine learning prediction of traits and genetic risk scores.","10.1186/s13040-025-00459-4","10.1186_s13040-025-00459-4"
"1161",1242,"The influence of the relative deltoid moment arm on active motion in patients with massive cuff tears.","10.1016/j.jse.2025.03.001","10.1016_j.jse.2025.03.001"
"1162",1244,"Association of a modified body shape index with cognitive impairment in middle-aged and elderly Chinese adults: a cross-sectional analysis from CHARLS.","10.3389/fnut.2025.1589898","10.3389_fnut.2025.1589898"
"1163",1245,"Comparative analysis of the correlation between paraspinal muscles fat infiltration and vertebral bone quality in patients with lumbar degenerative diseases.","10.1007/s00586-025-09142-y","10.1007_s00586-025-09142-y"
"1164",1246,"Development of Patient-Specific Nomogram to Assist in Clinical Decision-Making for Single Port Versus Multi-Port Robotic Partial Nephrectomy: A Report from the Single Port Advanced Robotic Consortium.","10.1089/end.2024.0547","10.1089_end.2024.0547"
"1165",1247,"Development and validation of an interpretable machine learning model for diagnosing pathologic complete response in breast cancer.","10.1016/j.cmpb.2025.108803","10.1016_j.cmpb.2025.108803"
"1166",1248,"TET2 gene mutation status associated with poor prognosis of transition zone prostate cancer: a retrospective cohort study based on whole exome sequencing and machine learning models.","10.3389/fendo.2025.1568665","10.3389_fendo.2025.1568665"
"1167",1249,"Prognostic value of immune infiltration in colorectal cancer: Development of a histopathology-related immunoscore via multiplexed immunohistochemistry.","10.1016/j.surg.2025.109350","10.1016_j.surg.2025.109350"
"1168",1250,"Longitudinal changes in tumor morphology and body composition following neoadjuvant chemotherapy predict progression-free survival in adenocarcinoma of the esophagogastric junction: A multi-center study.","10.1016/j.ejrad.2025.112461","10.1016_j.ejrad.2025.112461"
"1169",1251,"Distinctive lymph node metastasis characteristics and predictive model for young oral squamous cell carcinoma patients under 30.","10.1016/j.jcms.2025.04.016","10.1016_j.jcms.2025.04.016"
"1170",1252,"Integration of mitral regurgitant fraction with routine echocardiographic variables in assessment of myxomatous mitral valve disease.","10.1016/j.jvc.2025.11.004","10.1016_j.jvc.2025.11.004"
"1171",1253,"Utility of the combination of IVIM-DWI MRI and baseline eGFR for identifying a high risk of chronic kidney disease progression.","10.3389/fmed.2025.1532210","10.3389_fmed.2025.1532210"
"1172",1255,"Charred or fragmented, yet comparable: Quantifying dental surface dissimilarity across teeth, jaws, and heat exposure.","10.1016/j.forsciint.2025.112577","10.1016_j.forsciint.2025.112577"
"1173",1256,"Risk factors and predictive model for postoperative cerebrospinal fluid leakage following endoscopic endonasal pituitary adenoma surgery: a retrospective study focusing on pneumocephalus and sellar floor bony window.","10.3389/fendo.2025.1695573","10.3389_fendo.2025.1695573"
"1174",1257,"Deep Learning Model Based on Dual-energy CT for Assessing Cervical Lymph Node Metastasis in Oral Squamous Cell Carcinoma.","10.1016/j.acra.2025.06.020","10.1016_j.acra.2025.06.020"
"1175",1258,"A novel nomogram incorporating time-to-event modeling for predicting postoperative delirium in cardiac surgery patients.","10.1016/j.genhosppsych.2025.08.005","10.1016_j.genhosppsych.2025.08.005"
"1176",1259,"New wearable cardiac acoustic monitoring technology for evaluation of subclinical leaflet thrombosis after transcatheter aortic valve replacement.","10.1136/heartjnl-2024-324698","10.1136_heartjnl-2024-324698"
"1177",1260,"Development of a predictive nomogram for post-liver transplantation complications using clinical parameters and liver stiffness measured by sound touch elastography.","10.1080/07853890.2025.2564928","10.1080_07853890.2025.2564928"
"1178",1261,"Development and validation of a novel predictive model for postpancreatectomy hemorrhage using lasso-logistic regression: an international multicenter observational study of 9631 pancreatectomy patients.","10.1097/JS9.0000000000001883","10.1097_JS9.0000000000001883"
"1179",1262,"Automated detection of pediatric congenital heart disease from phonocardiograms using deep and handcrafted feature fusion.","10.1016/j.compbiomed.2025.110993","10.1016_j.compbiomed.2025.110993"
"1180",1263,"Construction and validation of a regularized logistic regression model for predicting late recurrence after ablation in persistent atrial fibrillation: a clinical parameter approach.","10.3389/fcvm.2025.1713560","10.3389_fcvm.2025.1713560"
"1181",1264,"Metabolic and proteomic signatures differentiate inflammatory phenotypes from cancer and predict treatment response in patient sera.","10.1002/btm2.70029","10.1002_btm2.70029"
"1182",1265,"Enhanced Detection of Prostate Cancer Lesions on Biparametric MRI Using Artificial Intelligence: A Multicenter, Fully-crossed, Multi-reader Multi-case Trial.","10.1016/j.acra.2025.06.038","10.1016_j.acra.2025.06.038"
"1183",1266,"Markers of Left Atrial Myopathy: Prognostic Usefulness for Ischemic Stroke and Dementia in People in Sinus Rhythm.","10.1161/STROKEAHA.124.047747","10.1161_STROKEAHA.124.047747"
"1184",1267,"Machine learning-based models to predict type 2 diabetes combined with coronary heart disease and feature analysis-based on interpretable SHAP.","10.1007/s00592-025-02496-1","10.1007_s00592-025-02496-1"
"1185",1268,"The virtual doctor prescribing the future: Diagnostics with interactive clinical decision support.","10.1016/j.compbiomed.2025.110968","10.1016_j.compbiomed.2025.110968"
"1186",1269,"Plasma-based untargeted metabolomics reveals potential biomarkers for screening and distinguishing of ovarian tumors.","10.1016/j.cca.2025.120246","10.1016_j.cca.2025.120246"
"1187",1270,"Predicting radiation pneumonitis in lung cancer patients using robust 4DCT-ventilation and perfusion imaging.","10.1016/j.radonc.2025.111110","10.1016_j.radonc.2025.111110"
"1188",1272,"Development of a warning model for drug-induced liver injury in the older patients.","10.3389/fphar.2025.1603089","10.3389_fphar.2025.1603089"
"1189",1273,"Towards a Definition of Physiologic Vulnerability in Pediatric Spine Surgery: Identification of Key Risk Factors in a Cohort Study of Children With Neuromuscular Disease Undergoing Spinal Fusion.","10.1177/21925682251344928","10.1177_21925682251344928"
"1190",1274,"Early mortality in patients with acute ischemic stroke after endovascular stroke therapy.","10.1136/jnis-2025-023517","10.1136_jnis-2025-023517"
"1191",1275,"Which adiposity index is best? Comparison of five indicators and their ability to identify type 2 diabetes risk in a population study.","10.1016/j.diabres.2025.112268","10.1016_j.diabres.2025.112268"
"1192",1276,"Identification of Key Fatty Acid Metabolism-Related Genes in Alzheimer's Disease.","10.1007/s12035-025-04857-x","10.1007_s12035-025-04857-x"
"1193",1277,"Leveraging Deep Learning, Grid Search, and Bayesian Networks to Predict Distant Recurrence of Breast Cancer.","10.3390/cancers17152515","10.3390_cancers17152515"
"1194",1278,"Association between relative fat mass and osteoarthritis in American adults.","10.3389/fnut.2025.1610950","10.3389_fnut.2025.1610950"
"1195",1279,"A composite index for predicting improvement of mitral regurgitation in patients with multivalvular heart disease after transcatheter aortic valve replacement.","10.3389/fcvm.2025.1679115","10.3389_fcvm.2025.1679115"
"1196",1280,"Incidence, Risk Factors, and Prediction Model of Parastomal Hernia After Abdominoperineal Resection for Rectal Cancer.","10.1002/wjs.70071","10.1002_wjs.70071"
"1197",1281,"Psychometric properties of the short mood and feelings scale among Chinese adolescents using item response theory.","10.3389/fpsyt.2025.1561728","10.3389_fpsyt.2025.1561728"
"1198",1282,"Machine Learning-Based Classification of White Matter Functional Changes in Stroke Patients Using Resting-State fMRI.","10.1007/s10548-025-01138-7","10.1007_s10548-025-01138-7"
"1199",1283,"Combination Between Biomarkers and Echocardiographic Data for Prediction of Left Ventricular Reverse Remodelling in Cardiac Resynchronization Therapy.","10.3390/jcm14103496","10.3390_jcm14103496"
"1200",1284,"Predictive Factors for Adverse Cardiac Events and Mortality in Patients with Hypertrophic Cardiomyopathy.","10.3390/jcm14103546","10.3390_jcm14103546"
"1201",1285,"Prospective cohort study to validate esophageal dose constraints and predictive models for esophagitis in patients with breast cancer undergoing hypofractionated regional nodal radiotherapy.","10.1016/j.radonc.2025.111120","10.1016_j.radonc.2025.111120"
"1202",1286,"Nuclear magnetic resonance-based metabolomics and risk of pancreatic cancer: a prospective analysis in the UK Biobank.","10.1007/s00535-025-02237-9","10.1007_s00535-025-02237-9"
"1203",1287,"A retrospective study on a nomogram combining clinical and ultrasound parameters for differentiating solitary parathyroid adenoma from carcinoma or atypical tumors.","10.3389/fendo.2025.1538361","10.3389_fendo.2025.1538361"
"1204",1288,"Prediction of etiology and prognosis based on hematoma location of spontaneous intracerebral hemorrhage: a multicenter diagnostic study.","10.1007/s00234-025-03661-7","10.1007_s00234-025-03661-7"
"1205",1289,"Utilizing deep learning to predict Alzheimer's disease and mild cognitive impairment with optical coherence tomography.","10.1002/dad2.70041","10.1002_dad2.70041"
"1206",1290,"Clinical-genomic nomogram for predicting sensitivity to second-line immunotherapy for advanced non-small cell lung cancer.","10.21037/tlcr-2024-1249","10.21037_tlcr-2024-1249"
"1207",1291,"Pulse-Echo Imaging of Breast Speed of Sound as a Potential Biomarker for Breast Cancer.","10.1016/j.ultrasmedbio.2025.07.002","10.1016_j.ultrasmedbio.2025.07.002"
"1208",1292,"Ag+/Hg2+-Controlled Programmable DNA Nanostructures Enable Tumor Liquid Biopsy by Mass Spectrometry Simultaneous Sensing of Multiple Circulating Tumor DNAs.","10.1021/acs.analchem.5c05543","10.1021_acs.analchem.5c05543"
"1209",1293,"A LODDS-based nomogram for overall and cancer-specific survival in stage III-IV gastric signet ring cell carcinoma.","10.3389/fmolb.2025.1600626","10.3389_fmolb.2025.1600626"
"1210",1294,"A Machine Learning and Bayesian Belief Network Approach to Predicting Cervical Cancer Risk: Implications for Risk Management.","10.2147/JMDH.S524132","10.2147_JMDH.S524132"
"1211",1295,"Machine learning-integrated droplet microfluidic system for accurate quantification and classification of microplastics.","10.1016/j.watres.2025.123161","10.1016_j.watres.2025.123161"
"1212",1296,"External validation of a predictive model for post-treatment persistent disease by 131I whole-body scintigraphy in patients with differentiated thyroid cancer.","10.1007/s00259-025-07124-2","10.1007_s00259-025-07124-2"
"1213",1297,"Diagnostic model for distinguishing fresh or old osteoporotic vertebral compression fractures based on modified computed tomography window: a retrospective cohort study.","10.1007/s00586-025-08923-9","10.1007_s00586-025-08923-9"
"1214",1298,"AI-Assisted 3D Planning of CT Parameters for Personalized Femoral Prosthesis Selection in Total Hip Arthroplasty.","10.2147/TCRM.S521755","10.2147_TCRM.S521755"
"1215",1299,"Development and validation of an AMR-based predictive model for post-PCI contrast-induced nephropathy in patients with acute ST-segment elevation myocardial infarction.","10.3389/fcvm.2025.1552762","10.3389_fcvm.2025.1552762"
"1216",1300,"Preoperative hemorrhagic risk stratification in pediatric moyamoya disease: a multi-institutional propensity score-matched analysis.","10.1097/JS9.0000000000002677","10.1097_JS9.0000000000002677"
"1217",1301,"Time-of-flight camera achieves high diagnostic accuracy in adolescent idiopathic scoliosis: a promising radiation-free alternative to radiography.","10.3389/fbioe.2025.1629872","10.3389_fbioe.2025.1629872"
"1218",1302,"Ultrasound shear wave viscoelastic imaging combined with shear wave elastography for characterization of focal liver lesions.","10.1016/j.jbiomech.2025.113073","10.1016_j.jbiomech.2025.113073"
"1219",1303,"Diagnostic performance of plasma pTau217/Aβ42 ratio and a three-zone threshold model for Alzheimer's disease.","10.1016/j.neurobiolaging.2025.12.005","10.1016_j.neurobiolaging.2025.12.005"
"1220",1304,"Nomogram for Predicting Postoperative Major Bleeding in Percutaneous Nephrolithotomy: A Retrospective Study.","10.1016/j.euros.2025.07.001","10.1016_j.euros.2025.07.001"
"1221",1305,"Development and validation of a novel clinical risk score to predict hypoxaemia in children with pneumonia using the WHO PREPARE dataset.","10.1136/bmjgh-2024-017256","10.1136_bmjgh-2024-017256"
"1222",1306,"Sex-specific optimal cut-off points for metabolic health indicators to predict incident type 2 diabetes mellitus.","10.1016/j.numecd.2025.103963","10.1016_j.numecd.2025.103963"
"1223",1307,"The Compounded Risk of Maternal Anemia and Preeclampsia: Neonatal Outcomes and Predictive Modeling in a Low-Resource Tertiary Center.","10.3390/jcm14145051","10.3390_jcm14145051"
"1224",1308,"A Nomogram to Predict Mortality in Patients With Severe Oral and Maxillofacial Space Infections.","10.1111/odi.15256","10.1111_odi.15256"
"1225",1309,"Are Pediatric early warning scores reliable in malnourished children? A prospective validation study in a resource-limited ED.","10.1016/j.ajem.2025.07.036","10.1016_j.ajem.2025.07.036"
"1226",1310,"Development and Validation of Comorbidity Severity Adjustment Methods in Mortality Models for Acute Cerebrovascular Disease Using Survival and Machine Learning Analyses.","10.3390/jcm14103281","10.3390_jcm14103281"
"1227",1311,"Evaluation of the Voice and Communication Situation Questionnaire Developed With and for Transgender and Gender-Diverse People Presumed Female at Birth.","10.1044/2025_JSLHR-25-00285","10.1044_2025_JSLHR-25-00285"
"1228",1313,"In-Hospital Mortality Prediction among Intensive Care Unit Patients with Acute Ischemic Stroke: A Machine Learning Approach.","10.34133/hds.0179","10.34133_hds.0179"
"1229",1314,"Comparison of multiple machine learning methods for predicting postoperative hyperglycemia in patients without diabetes undergoing cardiac surgery.","10.3389/fcvm.2025.1699809","10.3389_fcvm.2025.1699809"
"1230",1315,"Predicting mortality and short-term outcomes of continuous kidney replacement therapies in neonates and infants.","10.1093/ndt/gfaf173","10.1093_ndt_gfaf173"
"1231",1316,"Decreased Serum and Tissue Levels of Isthmin-1 in Patients With Idiopathic Granulomatous Mastitis: A Case-Control Study.","10.1155/jimr/6368073","10.1155_jimr_6368073"
"1232",1317,"Cardiometabolic multimorbidity in relation to the metabolic score for insulin resistance and creatinine-to-cystatin C ratio in a middle-aged and aged population.","10.3389/fendo.2025.1694959","10.3389_fendo.2025.1694959"
"1233",1318,"Risk Stratification Prediction of Endometrial Cancer Using Microstructural Mapping Based on Time-Dependent Diffusion MRI.","10.1111/cas.70036","10.1111_cas.70036"
"1234",1319,"The predictive value of 18F-FDG PET/CT radiomics for pleural invasion in non-small cell lung cancer.","10.1016/j.ejrad.2025.112199","10.1016_j.ejrad.2025.112199"
"1235",1320,"Prioritizing Patient Selection in Clinical Trials: A Machine Learning Algorithm for Dynamic Prediction of In-Hospital Mortality for ICU Admitted Patients Using Repeated Measurement Data.","10.3390/jcm14020612","10.3390_jcm14020612"
"1236",1321,"Incidence of Ectopic Pregnancy and Diagnostic Accuracy of Ectopic Pregnancy Screening Criteria Among People Seeking Versus Not Seeking Abortion: A Retrospective Case-Control Study.","10.1016/j.whi.2025.08.006","10.1016_j.whi.2025.08.006"
"1237",1322,"Nomogram Model for Identifying the Risk of Coronary Heart Disease in Patients with Chronic Obstructive Pulmonary Disease Based on Deep Learning Radiomics and Clinical Data: A Multicenter Study.","10.2147/COPD.S539307","10.2147_COPD.S539307"
"1238",1323,"Insights into the diagnostic and prognostic value of paraoxonase 1-related variables and inflammatory markers in community-acquired pneumonia.","10.1016/j.cbi.2025.111606","10.1016_j.cbi.2025.111606"
"1239",1324,"Association between triglyceride-glucose index and risk of acute kidney injury in patients with aneurysmal subarachnoid hemorrhage.","10.1007/s00701-025-06533-4","10.1007_s00701-025-06533-4"
"1240",1325,"Sex-specific associations of the controlling nutritional status score with diabetic kidney disease among Chinese individuals: a retrospective cross-sectional study.","10.3389/fnut.2025.1662140","10.3389_fnut.2025.1662140"
"1241",1326,"New-onset disability risk prediction model for chronic respiratory disease patients: the first longitudinal evidence from CHARLS.","10.3389/fmed.2025.1545387","10.3389_fmed.2025.1545387"
"1242",1327,"Preoperative risk score for 90-day mortality after major liver resection.","10.1016/j.gassur.2025.102064","10.1016_j.gassur.2025.102064"
"1243",1328,"Optimized prediction of diabetes complications using ensemble learning with Bayesian optimization: a cost-efficient laboratory-based approach.","10.3389/fendo.2025.1593068","10.3389_fendo.2025.1593068"
"1244",1329,"Development and validation of a recombinant Rap1-based lateral flow immunoassay for rapid serodiagnosis of bovine babesiosis in Kazakhstan.","10.14202/vetworld.2025.1881-1890","10.14202_vetworld.2025.1881-1890"
"1245",1330,"Development and validation of a convenient dementia risk prediction tool for diabetic population: A large and longitudinal machine learning cohort study.","10.1016/j.jad.2025.03.135","10.1016_j.jad.2025.03.135"
"1246",1331,"Genetic analysis of alcohol use disorder: GWAS of alcohol use disorders identification test (AUDIT) and polygenic risk scores in an east slavic population.","10.1016/j.drugalcdep.2025.112713","10.1016_j.drugalcdep.2025.112713"
"1247",1333,"Radiomic Profiling of Tumor Thrombus for Predicting Recurrence in Renal Cell Carcinoma.","10.1016/j.euros.2025.06.005","10.1016_j.euros.2025.06.005"
"1248",1334,"A biological phenotype of suicide attempt in adolescents with nonsuicidal self-injury: a machine-based learning approach.","10.1038/s41386-025-02176-2","10.1038_s41386-025-02176-2"
"1249",1335,"Risk Stratification for Trial Enrichment Considering Loco-Regional Failure in Head and Neck Cancer: UICC8 Versus Purpose-Built Failure-Type Specific Risk Prediction Model.","10.1002/hed.28085","10.1002_hed.28085"
"1250",1336,"An Ultrasound-Based Machine Learning Model for Differentiating IgG4-Related Sialadenitis and Primary Sjögren's Syndrome.","10.1016/j.identj.2025.104011","10.1016_j.identj.2025.104011"
"1251",1337,"Precision Enhanced Bioactivity Prediction of Tyrosine Kinase Inhibitors by Integrating Deep Learning and Molecular Fingerprints Towards Cost-Effective and Targeted Cancer Therapy.","10.3390/ph18070975","10.3390_ph18070975"
"1252",1338,"Exploring the effect of hsa-miR-19b-3p on IL-1R1 expression and serum levels in alopecia areata.","10.1007/s00403-024-03788-2","10.1007_s00403-024-03788-2"
"1253",1339,"Non-high density lipoprotein cholesterol/high density lipoprotein cholesterol is L-shaped associated with all-cause mortality and U-shaped with cardiovascular mortality in hypertensive patients.","10.3389/fendo.2025.1490229","10.3389_fendo.2025.1490229"
"1254",1340,"Evaluating sex-specific prediction models for colorectal cancer risk using a genome-wide polygenic risk score and lifestyle factors in a Japanese population.","10.1016/j.canep.2025.102878","10.1016_j.canep.2025.102878"
"1255",1341,"The role of ceus in the characterization of indeterminate focal liver lesions at second-level imaging methods (INFOLIL STUDY).","10.1007/s11739-025-04210-z","10.1007_s11739-025-04210-z"
"1256",1342,"Development and validation of a prediction model of frailty risk in community-dwelling older adults: From a national longitudinal survey.","10.1016/j.puhe.2024.12.055","10.1016_j.puhe.2024.12.055"
"1257",1343,"Internal validation strategy for high dimensional prognosis model: A simulation study and application to transcriptomic in head and neck tumors.","10.1016/j.csbj.2025.08.035","10.1016_j.csbj.2025.08.035"
"1258",1344,"Predicting incident cardio-metabolic disease among persons with and without depressive and anxiety disorders: a machine learning approach.","10.1007/s00127-025-02857-9","10.1007_s00127-025-02857-9"
"1259",1345,"A Nomogram for Prediction of Weight Loss Outcomes after Bariatric Surgery.","10.1007/s11695-025-08100-3","10.1007_s11695-025-08100-3"
"1260",1346,"Electrocardiographic-Driven artificial intelligence Model: A new approach to predicting One-Year mortality in heart failure with reduced ejection fraction patients.","10.1016/j.ijmedinf.2025.105843","10.1016_j.ijmedinf.2025.105843"
"1261",1347,"Detection of arterial remodeling using epicardial adipose tissue assessment from CT calcium scoring scan.","10.3389/fcvm.2025.1543816","10.3389_fcvm.2025.1543816"
"1262",1348,"Dynamic facial expression recognition deficits in schizophrenia: A classification study.","10.1016/j.ajp.2025.104738","10.1016_j.ajp.2025.104738"
"1263",1349,"Integrating metabolomics, proteomics, and traditional risk factors to predict sleep disorders and elucidate potential biological pathways.","10.1016/j.jad.2025.119784","10.1016_j.jad.2025.119784"
"1264",1350,"Quantification of Intratumoral Heterogeneity Based on Habitat Analysis for Preoperative Assessment of Lymphovascular Invasion in Colorectal Cancer.","10.1016/j.acra.2025.03.014","10.1016_j.acra.2025.03.014"
"1265",1352,"A Deep Learning Model Integrating Clinical and MRI Features Improves Risk Stratification and Reduces Unnecessary Biopsies in Men with Suspected Prostate Cancer.","10.3390/cancers17132257","10.3390_cancers17132257"
"1266",1353,"Prognostic Factors and Clinical Prediction Score for Progressive Respiratory Failure in Severe COVID-19 Pneumonia Patients Treated with Tocilizumab: A Multicenter Study.","10.2147/TCRM.S567679","10.2147_TCRM.S567679"
"1267",1354,"Bellmunt risk score enables survival prediction in men with metastatic castration resistant prostate cancer (mCRPC) undergoing PSMA-targeted radioligand therapy (LUMEN).","10.1007/s00259-025-07492-9","10.1007_s00259-025-07492-9"
"1268",1355,"Validation of a Novel Magnetic Resonance Imaging Biomarker of Infarct Severity to Predict Functional Outcome After Endovascular Thrombectomy.","10.1161/STROKEAHA.124.050508","10.1161_STROKEAHA.124.050508"
"1269",1356,"Association of Diaphragmatic Mobility and Thickening Fraction with Postoperative Pulmonary Complications in Patients Undergoing Thoracic Surgery and Their Application in Prediction.","10.2147/TCRM.S519646","10.2147_TCRM.S519646"
"1270",1357,"Gait Characteristics and Neuroanatomical Alterations in Obstructive Sleep Apnea-Hypopnea Syndrome.","10.2147/NSS.S502204","10.2147_NSS.S502204"
"1271",1358,"Bone marrow immune remodeling in depression: TNF/NF-κB mediated leukocyte redistribution and construction of an interpretable predictive model.","10.1016/j.intimp.2025.115487","10.1016_j.intimp.2025.115487"
"1272",1360,"Performance of Different Comorbidity Indices in Predicting Mortality in Danish Pancreatic Cancer Patients.","10.2147/CLEP.S560098","10.2147_CLEP.S560098"
"1273",1361,"Predictive value of platelet count-related ratios for severity in biliary Escherichia coli and Klebsiella pneumonia bloodstream infections.","10.1007/s10096-025-05120-w","10.1007_s10096-025-05120-w"
"1274",1363,"Machine learning to predict postdialysis fatigue in patients undergoing hemodialysis.","10.1080/0886022X.2025.2529452","10.1080_0886022X.2025.2529452"
"1275",1365,"Role of S1 vertebral Hounsfield units value and bone quality score in predicting new vertebral compression fracture after percutaneous kyphoplasty.","10.1007/s00586-025-09533-1","10.1007_s00586-025-09533-1"
"1276",1366,"Frailty predicts treatment-related toxicity and discontinuation in older adults with chronic lymphocytic leukemia treated with BTK and BCL-2 inhibitors: Findings from a prospective single-center cohort study.","10.1016/j.jgo.2025.102219","10.1016_j.jgo.2025.102219"
"1277",1367,"Development of machine learning models for predicting patient-perceived benefit following lumbar disc herniation or spinal stenosis surgery.","10.1007/s00586-025-09304-y","10.1007_s00586-025-09304-y"
"1278",1368,"Serum mature microRNA panel: A novel approach for primary prostate cancer diagnosis.","10.1016/j.cca.2025.120150","10.1016_j.cca.2025.120150"
"1279",1369,"Comparative analysis of inflammatory markers as predictive markers for postoperative delirium in cardiac surgery patients: an observational study.","10.3389/fmed.2025.1515940","10.3389_fmed.2025.1515940"
"1280",1370,"Prognostic utility of hybrid coronary computed tomography angiography and myocardial perfusion imaging in elderly patients with suspected coronary artery disease.","10.1016/j.ijcard.2025.133493","10.1016_j.ijcard.2025.133493"
"1281",1371,"Validation of an Artificial Intelligence Model for Breast Cancer Molecular Subtyping Using Hematoxylin and Eosin-Stained Whole-Slide Images in a Population-Based Cohort.","10.3390/cancers17193234","10.3390_cancers17193234"
"1282",1372,"Validation of the alcohol, smoking and substance involvement screening test (ASSIST) for identifying methamphetamine use among people on methadone maintenance treatment in Vietnam.","10.1111/add.70010","10.1111_add.70010"
"1283",1373,"Inflammatory Markers and Contrast-Induced Nephropathy Risk: A Meta-Analysis of NLR and PLR in ACS Patients Undergoing Percutaneous Coronary Intervention.","10.1002/ccd.70056","10.1002_ccd.70056"
"1284",1374,"Integrated electrochemical biosensor featuring nanoforest hierarchical architectures and catalytic hairpin amplification for breast cancer diagnosis.","10.1016/j.talanta.2025.128766","10.1016_j.talanta.2025.128766"
"1285",1375,"Comparison of diffusion-weighted and contrast-enhanced MRI for monitoring response to neoadjuvant therapy in breast cancer.","10.1007/s00330-025-11640-y","10.1007_s00330-025-11640-y"
"1286",1376,"AlzheimerViT: harnessing lightweight vision transformer architecture for proactive Alzheimer's screening.","10.3389/fmed.2025.1568312","10.3389_fmed.2025.1568312"
"1287",1377,"Validation of the Chinese version of patient health Questionnaire-4 among Chinese adolescents.","10.1016/j.jad.2025.119505","10.1016_j.jad.2025.119505"
"1288",1378,"New Tricyclic γ‑Aminobutyric Acid Analogue HSK16149: A Ca2+ Channel α2‑δ Ligand for Treating Neuropathic Pain.","10.1021/acsmedchemlett.5c00336","10.1021_acsmedchemlett.5c00336"
"1289",1380,"Bone age and dental age to assess criminal responsibility: Part II.","10.1007/s00414-025-03454-w","10.1007_s00414-025-03454-w"
"1290",1381,"Possibility of screening for mild cognitive impairment via an eye tracking-based cognitive scale.","10.3389/fragi.2025.1532550","10.3389_fragi.2025.1532550"
"1291",1382,"Cisterns and Cortical Sulci Effacement Score Predicts Early Postoperative Cerebral Infarction in Spontaneous Intracerebral Hemorrhage.","10.1007/s12028-025-02414-x","10.1007_s12028-025-02414-x"
"1292",1383,"A novel circulating miRNA panel for early differential diagnosis of pulmonary tuberculosis from lung cancer with similar radiographic presentations.","10.3389/fmed.2025.1660291","10.3389_fmed.2025.1660291"
"1293",1384,"Proteomic Plasticity in the Coral Montipora capitata Gamete Bundles after Parent Thermal Bleaching.","10.1021/acs.jproteome.4c00946","10.1021_acs.jproteome.4c00946"
"1294",1385,"Spatial Projection Ratio: A Novel Shape Index to Evaluate Aneurysm Rupture Risk Using Three-dimensional Geometry.","10.2176/jns-nmc.2024-0303","10.2176_jns-nmc.2024-0303"
"1295",1386,"Relationship between scalp high-frequency oscillations and time since the last seizure in epilepsy.","10.1016/j.clinph.2025.03.007","10.1016_j.clinph.2025.03.007"
"1296",1387,"Developing and testing a patient-reported outcome measure for patients with sleep disturbances using EQ-5D and condition-specific bolt-ons: a mixed method study.","10.1007/s11136-025-03985-0","10.1007_s11136-025-03985-0"
"1297",1388,"Leveraging machine learning with dynamic 18F-FDG PET/CT: integrating metabolic and flow features for lung cancer differential diagnosis.","10.1007/s00259-025-07231-0","10.1007_s00259-025-07231-0"
"1298",1389,"The value of plasma presepsin as a diagnostic and prognostic biomarker for febrile neutropenia in children.","10.1080/07853890.2025.2561224","10.1080_07853890.2025.2561224"
"1299",1390,"Generative artificial intelligence enables the generation of bone scintigraphy images and improves generalization of deep learning models in data-constrained environments.","10.1007/s00259-025-07091-8","10.1007_s00259-025-07091-8"
"1300",1391,"Insights into the comparison of machine learning models on rice grain arsenic prediction: Interplay of rice cultivation systems and soil environmental factors.","10.1016/j.envpol.2025.126646","10.1016_j.envpol.2025.126646"
"1301",1392,"The diagnostic performance of a novel flow cytometry-based assay for the diagnosis of systemic lupus erythematosus.","10.1016/j.cca.2025.120662","10.1016_j.cca.2025.120662"
"1302",1393,"Determination of cutoff values for severe low muscle mass using calf circumference in the global leadership initiative on malnutrition (GLIM) criteria.","10.1016/j.clnu.2025.05.015","10.1016_j.clnu.2025.05.015"
"1303",1394,"Automatic phantom-less QCT predicts hip fracture risk: Bone and muscle parameters comparison.","10.1016/j.ejrad.2025.112562","10.1016_j.ejrad.2025.112562"
"1304",1395,"Prostate-Specific Antigen Decline Rate in the First Month Is a Timely Predictive Factor for Biochemical Recurrence After Robot-Assisted Radical Prostatectomy.","10.3390/cancers17060961","10.3390_cancers17060961"
"1305",1396,"Development and external validation of risk prediction models for depression in patients with osteoporosis.","10.1016/j.gerinurse.2025.103571","10.1016_j.gerinurse.2025.103571"
"1306",1397,"Machine learning for identifying liver and pancreas cancers through comprehensive serum glycopeptide spectra analysis: a case-control study.","10.1002/1878-0261.70084","10.1002_1878-0261.70084"
"1307",1398,"The relationship between geriatric nutritional risk index and prognosis in acute heart failure.","10.1016/j.numecd.2025.104268","10.1016_j.numecd.2025.104268"
"1308",1399,"Weakly supervised deep learning-based detection of serous tubal intraepithelial carcinoma in fallopian tubes.","10.1016/j.jpi.2025.100522","10.1016_j.jpi.2025.100522"
"1309",1400,"Validation of Updated Sarculator Nomogram for Primary Retroperitoneal Sarcoma in the United States.","10.1245/s10434-025-18873-7","10.1245_s10434-025-18873-7"
"1310",1401,"Survival analysis of patients with hepatocellular carcinoma based on the ratio of platelet count to spleen diameter.","10.3389/fphar.2024.1449603","10.3389_fphar.2024.1449603"
"1311",1402,"Selection Patterns and Outcomes of Kidney Transplantation Versus Dialysis in Lung Recipients with End-Stage Renal Disease: A Single-Center Retrospective-Observational Study.","10.3390/jcm14197017","10.3390_jcm14197017"
"1312",1403,"The CT-based attenuation index of peri-bowel adipose tissue can predict disease progression in inflammatory bowel disease patients.","10.1007/s00330-025-12079-x","10.1007_s00330-025-12079-x"
"1313",1404,"Estimating Periodontal Stability Using Computer Vision.","10.1177/00220345251316514","10.1177_00220345251316514"
"1314",1405,"Development and international validation of a novel multivariate prognostic tool: posterior urethral valve risk of chronic kidney disease (PURK) score.","10.1007/s00467-025-06701-9","10.1007_s00467-025-06701-9"
"1315",1406,"18F-FDG PET/CT and contrast-enhanced CT evaluation of lymph node status after neoadjuvant immunochemotherapy in patients with esophageal squamous cell carcinoma.","10.1007/s00259-025-07603-6","10.1007_s00259-025-07603-6"
"1316",1408,"Exploring the key clinical and CT characteristics of granulomas mimicking peripheral lung cancers: a case-control study.","10.1186/s13244-025-02043-0","10.1186_s13244-025-02043-0"
"1317",1409,"Development and external validation of an interpretable machine learning model for predicting perinatal depression in Chinese women during mid- and late pregnancy.","10.1016/j.ijmedinf.2025.106000","10.1016_j.ijmedinf.2025.106000"
"1318",1410,"Machine learning classification of steatogenic compounds using toxicogenomics profiles.","10.1016/j.tox.2025.154237","10.1016_j.tox.2025.154237"
"1319",1411,"A Computed Tomography-Based Score to Predict Survival in Patients With Adrenocortical Carcinoma: A Proof-of-Concept Study.","10.1177/08465371251335170","10.1177_08465371251335170"
"1320",1412,"Radiation Doses to Cardiac Substructures Predict Elevation in High-sensitivity Cardiac Troponin T Levels in Radiation Therapy for Lung Cancer.","10.1016/j.ijrobp.2025.10.008","10.1016_j.ijrobp.2025.10.008"
"1321",1413,"One Size Does Not Fit All: Reassessment of The Prognostic Nutritional Index Among Geriatric Distal Femur Fracture Patients.","10.1007/s00402-025-05936-3","10.1007_s00402-025-05936-3"
"1322",1414,"Deep learning for Parkinson's disease classification using multimodal and multi-sequences PET/MR images.","10.1186/s13550-025-01245-3","10.1186_s13550-025-01245-3"
"1323",1415,"Maternal serum syndecan-1 levels in preterm prelabor rupture of membranes and potential predictor of adverse perinatal outcomes: A case-control study.","10.1002/ijgo.70408","10.1002_ijgo.70408"
"1324",1416,"Predicting acute diarrhoea in rectal cancer chemoradiotherapy: Secondary analysis of the phase III ARISTOTLE trial.","10.1016/j.radonc.2025.111032","10.1016_j.radonc.2025.111032"
"1325",1417,"Heat syndrome types prediction of traditional Chinese medicine in acute ischemic stroke through deep learning: a pilot study.","10.3389/fphar.2025.1601601","10.3389_fphar.2025.1601601"
"1326",1418,"Machine learning-driven exploration of therapeutic targets for atrial fibrillation-joint analysis of single-cell and bulk transcriptomes and experimental validation.","10.3389/fcvm.2025.1652467","10.3389_fcvm.2025.1652467"
"1327",1419,"BioSeq_Ksite: Multi-perspective feature-driven prediction of protein succinylation based on an adaptive attention module with SSBCE loss strategy.","10.1016/j.ijbiomac.2025.143601","10.1016_j.ijbiomac.2025.143601"
"1328",1420,"A radiopathomics model for predicting large-number cervical lymph node metastasis in clinical N0 papillary thyroid carcinoma.","10.1007/s00330-025-11377-8","10.1007_s00330-025-11377-8"
"1329",1421,"Early Detection of Accelerated Hyperopia Reserve Depletion in Chinese Children with Poor Visual Habits: A Longitudinal Cohort Study.","10.1016/j.ajo.2025.07.026","10.1016_j.ajo.2025.07.026"
"1330",1422,"Characterization of Ultra-Short plasma Cell-Free DNA in maternal blood and its preliminary potential as a screening marker for preeclampsia.","10.1186/s10020-025-01307-1","10.1186_s10020-025-01307-1"
"1331",1423,"Harnessing artificial intelligence for detection of pancreatic cancer: a machine learning approach.","10.1007/s10238-025-01761-5","10.1007_s10238-025-01761-5"
"1332",1424,"Privacy-Preserving Data Augmentation for Digital Pathology Using Improved DCGAN.","10.1109/JBHI.2025.3551720","10.1109_JBHI.2025.3551720"
"1333",1425,"Deep learning for differential diagnosis of parotid tumors based on 2.5D magnetic resonance imaging.","10.1080/07853890.2025.2520401","10.1080_07853890.2025.2520401"
"1334",1426,"Treatment adherence in first-episode psychosis: A one-year follow-up study comparing self-reported adherence, pharmacy refill data, and therapeutic drug monitoring.","10.1016/j.psychres.2025.116780","10.1016_j.psychres.2025.116780"
"1335",1427,"Evaluation of the Diagnostic Utility of Combining Electromyography with Clinical and Pathological Indices in the Diagnosis of Diabetic Peripheral Neuropathy: A Retrospective Study.","10.2147/JMDH.S525731","10.2147_JMDH.S525731"
"1336",1429,"Preoperative identification of hepatocellular carcinoma from focal liver lesions ≤ 20 mm in high-risk patients using clinical and contrast-enhanced ultrasound features.","10.1016/j.ejrad.2025.112076","10.1016_j.ejrad.2025.112076"
"1337",1430,"Automated detection of early-stage osteonecrosis of the femoral head in adult using YOLOv10: Multi-institutional validation.","10.1016/j.ejrad.2025.111983","10.1016_j.ejrad.2025.111983"
"1338",1431,"Short-term preeclampsia prediction: cutoff variations for sFlt-1/PlGF in U.S. Patients with or without hypertensive disorders.","10.1080/07853890.2025.2591850","10.1080_07853890.2025.2591850"
"1339",1432,"Development and validation of multiparametric models incorporating 18F-FDG PET/CT dissemination characteristic for predicting outcomes of small cell lung cancer.","10.1016/j.ejrad.2025.112425","10.1016_j.ejrad.2025.112425"
"1340",1433,"Analysis of serum amino acids and tryptophan metabolites to predict hepatic encephalopathy in portal hypertension patients receiving a transjugular intrahepatic portal shunt (TIPS).","10.3389/fphar.2025.1546665","10.3389_fphar.2025.1546665"
"1341",1434,"Profiling Shared Cytotoxic Immune Signatures in SLE-Associated Coronary Injury Through Transcriptomics and Machine Learning.","10.2147/ITT.S539756","10.2147_ITT.S539756"
"1342",1435,"Development and validation of a plasma-urine metabolism diagnostic model for renal cell carcinoma using machine learning.","10.1007/s00345-025-06132-z","10.1007_s00345-025-06132-z"
"1343",1436,"Machine learning models for reinjury risk prediction using cardiopulmonary exercise testing (CPET) data: optimizing athlete recovery.","10.1186/s13040-025-00431-2","10.1186_s13040-025-00431-2"
"1344",1437,"Utility of the IFCN criteria for identifying interictal epileptiform discharges by experts: A decision hygiene approach to improve inter-rater reliability.","10.1016/j.clinph.2025.02.275","10.1016_j.clinph.2025.02.275"
"1345",1438,"Diagnostic accuracy of mean nocturnal basal impedance and other complementary tests for the diagnosis of gastroesophageal reflux disease according to the new Lyon criteria.","10.1177/17562848251340495","10.1177_17562848251340495"
"1346",1439,"Breast cancer detection from ultrasound computed tomography imaging using radiomic analysis: in silico trial.","10.1002/mp.17710","10.1002_mp.17710"
"1347",1440,"An online explainable ensemble machine learning model for predicting epidermal growth factor receptor mutation status in lung adenocarcinoma.","10.21037/tlcr-2025-237","10.21037_tlcr-2025-237"
"1348",1441,"Beyond the Neck: When Is Thoracic Operation Needed for Thyroidectomy?","10.1097/XCS.0000000000001306","10.1097_XCS.0000000000001306"
"1349",1443,"Transarterial Radioembolization in the TACOME Trial: Dosimetric Analysis and Clinical Features in Predicting Response and Overall Survival.","10.2967/jnumed.125.269519","10.2967_jnumed.125.269519"
"1350",1444,"Self-monitoring symptoms and pulse oximetry to predict imminent altitude illness in patients with chronic obstructive pulmonary disease.","10.1080/25310429.2025.2588515","10.1080_25310429.2025.2588515"
"1351",1445,"Machine-learning-based prediction of functional recovery in deep-pain-negative dogs after decompressive thoracolumbar hemilaminectomy for acute intervertebral disc extrusion.","10.1111/vsu.14250","10.1111_vsu.14250"
"1352",1446,"Application of contrast-enhanced CT-driven multimodal machine learning models for pulmonary metastasis prediction in head and neck adenoid cystic carcinoma.","10.1016/j.ejrad.2025.112377","10.1016_j.ejrad.2025.112377"
"1353",1447,"Artificial Intelligence (AI)-Driven Screening of Equivocal Prostate Immunohistochemistry (IHC) Cases: Development and Validation of a Screening and Cancer Detection Framework.","10.1016/j.modpat.2025.100904","10.1016_j.modpat.2025.100904"
"1354",1448,"Interpretable machine learning model to predict aggressive behavior in first-episode schizophrenia.","10.1016/j.jpsychires.2025.09.065","10.1016_j.jpsychires.2025.09.065"
"1355",1449,"Plasma Reticulocalbin 3 (RCN3) is a Novel Biomarker for the Early Diagnosis of Hepatopulmonary Syndrome in Cirrhotic Patients.","10.1007/s00408-025-00807-5","10.1007_s00408-025-00807-5"
"1356",1450,"Montreal Cognitive Assessment vs the Mini-Mental State Examination as a Screening Tool for Patients With Genetic Frontotemporal Dementia.","10.1212/WNL.0000000000213401","10.1212_WNL.0000000000213401"
"1357",1451,"Novel integrative models to predict the severity of inflammation and fibrosis in patients with drug-induced liver injury.","10.3389/fmed.2025.1571406","10.3389_fmed.2025.1571406"
"1358",1452,"Predicting prognosis of patients with hepatitis B virus-related acute-on-chronic liver failure from longitudinal ultrasound images using a multi-task deep learning approach.","10.1080/07853890.2025.2551819","10.1080_07853890.2025.2551819"
"1359",1453,"Predicting Outcome and Duration of Mechanical Ventilation in Acute Hypoxemic Respiratory Failure: The PREMIER Study.","10.3390/jcm14227903","10.3390_jcm14227903"
"1360",1454,"Prediction of cardiac events in pregnant women with cardiac diseases using modified WHO, CARPREG II, and ZAHARA risk assessments in southern Thailand.","10.1002/ijgo.70196","10.1002_ijgo.70196"
"1361",1455,"Insulin-like Growth Factor-1 Reflects Liver Disease Stage and Improves Prediction of Liver-related Mortality.","10.1016/j.cgh.2025.02.030","10.1016_j.cgh.2025.02.030"
"1362",1456,"Elevated cerebrospinal fluid protein predicts lumbar drainage catheter occlusion in neurosurgical patients.","10.1007/s10143-025-03801-w","10.1007_s10143-025-03801-w"
"1363",1457,"Machine learning-based nomogram for mortality risk stratification in cirrhotic patients with sepsis: a single-center predictive model.","10.3389/fmed.2025.1684527","10.3389_fmed.2025.1684527"
"1364",1458,"High-Resolution Magnetic Resonance Imaging Radiomics for Identifying High-Risk Intracranial Plaques.","10.1007/s12975-025-01345-1","10.1007_s12975-025-01345-1"
"1365",1459,"Development and validation of MRI-derived deep learning score for non-invasive prediction of PD-L1 expression and prognostic stratification in head and neck squamous cell carcinoma.","10.1186/s40644-025-00837-5","10.1186_s40644-025-00837-5"
"1366",1460,"Effect of Bone Microstructure Derived From CBCT on the Accuracy of Robot-Assisted Implant Surgery: A Retrospective Study.","10.1111/clr.14414","10.1111_clr.14414"
"1367",1461,"Postpartum macrominerals and trace elements dynamics in cows: A potential early indicator of endometritis?","10.1016/j.anireprosci.2025.108011","10.1016_j.anireprosci.2025.108011"
"1368",1462,"T2-Weighted MRI-Based Vertebral Bone Quality Score is an Independent Risk Factor of Osteoporotic Vertebral Compression Fracture: An Age- and Sex-Matched Study.","10.1177/21925682251339995","10.1177_21925682251339995"
"1369",1463,"Establishment of a bleeding risk model for low-molecular-weight heparin in cancer-associated venous thromboembolism: a single-center retrospective study.","10.3389/fphar.2025.1677891","10.3389_fphar.2025.1677891"
"1370",1464,"Effects of ischemic conditioning on microvascular reactivity to single passive limb movement in young adults: a pilot study.","10.1007/s00421-025-05717-1","10.1007_s00421-025-05717-1"
"1371",1465,"Unveiling new insights into migraine risk stratification using machine learning models of adjustable risk factors.","10.1186/s10194-025-02049-5","10.1186_s10194-025-02049-5"
"1372",1466,"Muscle fat content correlates with postoperative survival of viral-related cirrhosis patients after the TIPS: a retrospective study.","10.1080/07853890.2025.2484460","10.1080_07853890.2025.2484460"
"1373",1467,"Analysis of clinical characteristics and risk factors for patients with heat stroke in western China in 2022: a multicenter retrospective study.","10.3389/fmed.2025.1467771","10.3389_fmed.2025.1467771"
"1374",1468,"Role of Multiparametric Ultrasound in Predicting the IDH Mutation in Gliomas: Insights from Intraoperative B-Mode, SWE, and SMI Modalities.","10.3390/jcm14176264","10.3390_jcm14176264"
"1375",1469,"Integrating Clinical-Pathological-MRI features to construct a prediction model for pathological complete remission of axillary lymph nodes after neoadjuvant therapy: a retrospective study.","10.1097/JS9.0000000000003070","10.1097_JS9.0000000000003070"
"1376",1470,"A study on predicting the risk of coronary artery disease in OSAHS patients based on a four-variable screening tool potential predictive model and its correlation with the severity of coronary atherosclerosis.","10.3389/fcvm.2025.1602492","10.3389_fcvm.2025.1602492"
"1377",1471,"MicroRNA-143-3p and miR-452-5p: A Fingerprint for the Diagnosis of Aortic Stenosis in the Geriatric Population.","10.3390/biomedicines13030671","10.3390_biomedicines13030671"
"1378",1472,"Deep learning-based super-resolution US radiomics to differentiate testicular seminoma and non-seminoma: an international multicenter study.","10.1186/s13244-025-02045-y","10.1186_s13244-025-02045-y"
"1379",1473,"A Novel TRG-N Prognostic Classification System for Esophageal Cancer Undergoing Neoadjuvant Therapy Followed by Esophagectomy: A Study Based on the Netherlands Cancer Registry.","10.1097/SLA.0000000000006869","10.1097_SLA.0000000000006869"
"1380",1474,"Establishment of a prediction model for long-term infections in patients undergoing peritoneal dialysis.","10.3389/fmed.2025.1596403","10.3389_fmed.2025.1596403"
"1381",1475,"Quantitative CT Imaging Radiomics-Based Prediction of Bone Mineral Density Changes After Sleeve Gastrectomy.","10.1007/s11695-025-07994-3","10.1007_s11695-025-07994-3"
"1382",1477,"A multifactorial modeling to predicting tibial stress fractures: The role of tibial anatomy in adolescents.","10.1016/j.ejrad.2025.111932","10.1016_j.ejrad.2025.111932"
"1383",1478,"Beyond traditional prognostics: integrating RAG-enhanced AtlasGPT and ChatGPT 4.0 into aneurysmal subarachnoid hemorrhage outcome prediction.","10.1007/s10143-025-03194-w","10.1007_s10143-025-03194-w"
"1384",1479,"Diagnostic performance of procalcitonin for detecting anastomotic leak in older adults with colorectal cancer: A delayed type cross-sectional study.","10.1016/j.surg.2025.109336","10.1016_j.surg.2025.109336"
"1385",1480,"Risk factors for implant failure of implant-supported fixed full-arch rehabilitation in edentulous maxillae and mandibles: A 1- to 7-year retrospective study.","10.1016/j.jdent.2025.106146","10.1016_j.jdent.2025.106146"
"1386",1481,"Design of NanoBiT-Nanobody-based FGL1 biosensors for early assisted diagnosis of esophageal cancer.","10.1016/j.biomaterials.2025.123286","10.1016_j.biomaterials.2025.123286"
"1387",1482,"An Integrative Clinical and Intra- and Peritumoral MRI Radiomics Nomogram for the Preoperative Prediction of Lymphovascular Invasion in Rectal Cancer.","10.1016/j.acra.2025.02.019","10.1016_j.acra.2025.02.019"
"1388",1483,"Evaluating the predictive potential of Th1 (IFN-γ+CD4+)/CD4+ in rapidly progressive amyotrophic lateral sclerosis.","10.1007/s00415-025-13361-0","10.1007_s00415-025-13361-0"
"1389",1484,"Diagnostic performance of optical spectral transmission compared to magnetic resonance imaging in patients with inflammatory arthritis.","10.1186/s13075-025-03478-y","10.1186_s13075-025-03478-y"
"1390",1485,"Structural equation modelling of nucleotide polymorphisms and pharmacokinetics in direct oral anticoagulant use for stroke and embolism prevention in atrial fibrillation.","10.1016/j.ejphar.2025.178049","10.1016_j.ejphar.2025.178049"
"1391",1486,"Calf skinfold measurements as a diagnostic tool for lipodystrophy syndromes: a cross-sectional study.","10.1186/s13098-025-01934-y","10.1186_s13098-025-01934-y"
"1392",1487,"Construction and validation of a predictive model for lymph node metastasis in patients with papillary thyroid carcinoma.","10.3389/fendo.2025.1551108","10.3389_fendo.2025.1551108"
"1393",1488,"Inelastic mechanical descriptors for osteoporotic hip fracture discrimination with 3D-DXA-based nonlinear finite element models.","10.3389/fbioe.2025.1673339","10.3389_fbioe.2025.1673339"
"1394",1489,"Development of a psychosocial-clinical nomogram to predict delayed medical help-seeking in women with stress urinary incontinence: a retrospective cohort study.","10.3389/fmed.2025.1691244","10.3389_fmed.2025.1691244"
"1395",1490,"Development of a pediatric readmissions encounter predictor: Benchmarks for 30-day unplanned pediatric readmission.","10.1002/jhm.70061","10.1002_jhm.70061"
"1396",1491,"Application of pressure at the gastric tube tip manometry for nasogastric tube positioning in neurocritical care: A prospective diagnostic study.","10.1016/j.iccn.2025.104034","10.1016_j.iccn.2025.104034"
"1397",1492,"Streamlining tuberculosis detection with foundation model-based weakly supervised transformer.","10.1016/j.compbiomed.2025.110554","10.1016_j.compbiomed.2025.110554"
"1398",1493,"Predictive model for daily risk alerts in sepsis patients in the ICU: visualization and clinical analysis of risk indicators.","10.1093/pcmedi/pbaf003","10.1093_pcmedi_pbaf003"
"1399",1494,"FDG-PET/CT and Multimodal Machine Learning Model Prediction of Pathological Complete Response to Neoadjuvant Chemotherapy in Triple-Negative Breast Cancer.","10.3390/cancers17071249","10.3390_cancers17071249"
